utc dates,local dates,CO2 (PARTS_PER_MILLION),PM25 (MICROGRAMS_PER_CUBIC_METER),PM10 (MICROGRAMS_PER_CUBIC_METER),TVOC (PARTS_PER_BILLION),IAQI (IAQI),TEMPERATURE (CELSIUS),HUMIDITY (PERCENT),people,door,ventilation,window
2025-01-31T21:00:00+00:00,2025-02-01T00:00:00+03:00,1077.5,10.0,11.5,,5,24.02000045776367,37.93000030517578,1,0.0,1,0.0
2025-01-31T21:01:00+00:00,2025-02-01T00:01:00+03:00,1081.0,11.0,12.5,,5,24.04500007629395,37.875,1,0.0,1,0.0
2025-01-31T21:02:00+00:00,2025-02-01T00:02:00+03:00,1086.0,11.5,13.0,,5,24.05000019073486,37.84499931335449,1,0.0,1,0.0
2025-01-31T21:03:00+00:00,2025-02-01T00:03:00+03:00,1095.0,8.0,9.0,,5,24.03499984741211,37.81999969482422,1,0.0,1,0.0
2025-01-31T21:04:00+00:00,2025-02-01T00:04:00+03:00,1106.5,11.5,13.5,,5,24.04000091552734,37.83500099182129,1,0.0,1,0.0
2025-01-31T21:05:00+00:00,2025-02-01T00:05:00+03:00,1114.0,11.0,12.0,,5,24.03000068664551,37.90500068664551,1,0.0,1,0.0
2025-01-31T21:06:00+00:00,2025-02-01T00:06:00+03:00,1120.0,9.0,10.0,,5,24.03000068664551,37.90499877929688,1,0.0,1,0.0
2025-01-31T21:07:00+00:00,2025-02-01T00:07:00+03:00,1126.5,10.0,11.5,,5,24.03999996185303,37.94499969482422,1,0.0,1,0.0
2025-01-31T21:08:00+00:00,2025-02-01T00:08:00+03:00,1127.5,11.5,13.5,,5,24.02500057220459,37.93499946594238,1,0.0,1,0.0
2025-01-31T21:09:00+00:00,2025-02-01T00:09:00+03:00,1125.5,10.5,11.0,,5,24.04500007629395,37.89499855041504,1,0.0,1,0.0
2025-01-31T21:10:00+00:00,2025-02-01T00:10:00+03:00,1127.0,11.0,11.5,,5,24.02999973297119,37.90499877929688,1,0.0,1,0.0
2025-01-31T21:11:00+00:00,2025-02-01T00:11:00+03:00,1130.0,10.5,12.0,,5,24.03999996185303,37.86000061035156,1,0.0,1,0.0
2025-01-31T21:12:00+00:00,2025-02-01T00:12:00+03:00,1133.0,12.0,13.5,,5,24.05999946594238,37.7549991607666,1,0.0,1,0.0
2025-01-31T21:13:00+00:00,2025-02-01T00:13:00+03:00,1133.5,10.5,12.0,,5,24.06999969482422,37.93499946594238,1,0.0,1,0.0
2025-01-31T21:14:00+00:00,2025-02-01T00:14:00+03:00,1138.5,10.0,12.5,,5,24.08500003814697,37.95999908447266,1,0.0,1,0.0
2025-01-31T21:15:00+00:00,2025-02-01T00:15:00+03:00,1143.0,9.0,10.0,,5,24.06999969482422,38.01499938964844,1,0.0,1,0.0
2025-01-31T21:16:00+00:00,2025-02-01T00:16:00+03:00,1142.5,9.5,10.5,,5,24.0649995803833,38.00500106811523,1,0.0,1,0.0
2025-01-31T21:17:00+00:00,2025-02-01T00:17:00+03:00,1143.0,10.5,10.5,,5,24.09000015258789,38.01999855041504,1,0.0,1,0.0
2025-01-31T21:18:00+00:00,2025-02-01T00:18:00+03:00,1145.5,10.0,12.5,,5,24.10000038146973,38.02499961853027,1,0.0,1,0.0
2025-01-31T21:19:00+00:00,2025-02-01T00:19:00+03:00,1147.5,9.5,11.0,,5,24.09500026702881,38.11000061035156,1,0.0,1,0.0
2025-01-31T21:20:00+00:00,2025-02-01T00:20:00+03:00,1149.5,8.5,9.0,,5,24.0649995803833,38.02499961853027,1,0.0,1,0.0
2025-01-31T21:21:00+00:00,2025-02-01T00:21:00+03:00,1149.5,9.5,9.5,,5,24.05999946594238,38.11000061035156,1,0.0,1,0.0
2025-01-31T21:22:00+00:00,2025-02-01T00:22:00+03:00,1156.0,10.0,10.0,,5,24.05999946594238,38.20499992370605,1,0.0,1,0.0
2025-01-31T21:23:00+00:00,2025-02-01T00:23:00+03:00,1154.0,9.5,11.0,,5,24.05499935150146,38.21500015258789,1,0.0,1,0.0
2025-01-31T21:24:00+00:00,2025-02-01T00:24:00+03:00,1157.0,10.0,10.0,,5,24.03000068664551,38.19499969482422,1,0.0,1,0.0
2025-01-31T21:25:00+00:00,2025-02-01T00:25:00+03:00,1160.0,9.0,10.5,,5,24.03000068664551,38.28499984741211,1,0.0,1,0.0
2025-01-31T21:26:00+00:00,2025-02-01T00:26:00+03:00,1160.5,8.0,9.5,,5,24.05999946594238,38.31500053405762,1,0.0,1,0.0
2025-01-31T21:27:00+00:00,2025-02-01T00:27:00+03:00,1160.0,10.0,10.0,,5,24.0649995803833,38.36000061035156,1,0.0,1,0.0
2025-01-31T21:28:00+00:00,2025-02-01T00:28:00+03:00,1163.0,8.0,8.0,,5,24.04500007629395,38.23500061035156,1,0.0,1,0.0
2025-01-31T21:29:00+00:00,2025-02-01T00:29:00+03:00,1165.5,10.0,11.0,,5,24.03999996185303,38.32500076293945,1,0.0,1,0.0
2025-01-31T21:30:00+00:00,2025-02-01T00:30:00+03:00,1169.5,10.0,11.5,,5,24.04999923706055,38.47500038146973,1,0.0,1,0.0
2025-01-31T21:31:00+00:00,2025-02-01T00:31:00+03:00,1172.5,9.5,10.5,,5,24.05000019073486,38.48500061035156,1,0.0,1,0.0
2025-01-31T21:32:00+00:00,2025-02-01T00:32:00+03:00,1175.5,9.0,9.0,,5,24.06999969482422,38.39999961853027,1,0.0,1,0.0
2025-01-31T21:33:00+00:00,2025-02-01T00:33:00+03:00,1176.5,8.0,9.5,,5,24.06999969482422,38.46500015258789,1,0.0,1,0.0
2025-01-31T21:34:00+00:00,2025-02-01T00:34:00+03:00,1178.0,9.5,10.5,,5,24.04500007629395,38.57500076293945,1,0.0,1,0.0
2025-01-31T21:35:00+00:00,2025-02-01T00:35:00+03:00,1188.0,10.5,10.5,,5,24.05000019073486,38.56999969482422,1,0.0,1,0.0
2025-01-31T21:36:00+00:00,2025-02-01T00:36:00+03:00,1193.5,8.5,9.0,,5,24.05499935150146,38.36999893188477,1,0.0,1,0.0
2025-01-31T21:37:00+00:00,2025-02-01T00:37:00+03:00,1188.5,10.0,10.0,,5,24.04999923706055,38.25,1,0.0,1,0.0
2025-01-31T21:38:00+00:00,2025-02-01T00:38:00+03:00,1185.5,8.0,9.5,,5,24.03500080108643,38.18499946594238,1,0.0,1,0.0
2025-01-31T21:39:00+00:00,2025-02-01T00:39:00+03:00,1183.5,10.5,12.0,,5,24.04000091552734,38.14500045776367,1,0.0,1,0.0
2025-01-31T21:40:00+00:00,2025-02-01T00:40:00+03:00,1183.5,10.0,11.5,,5,24.03000068664551,38.23999977111816,1,0.0,1,0.0
2025-01-31T21:41:00+00:00,2025-02-01T00:41:00+03:00,1183.5,7.5,9.0,,5,24.02500057220459,38.27000045776367,1,0.0,1,0.0
2025-01-31T21:42:00+00:00,2025-02-01T00:42:00+03:00,1187.5,8.5,9.0,,5,24.02500057220459,38.30500030517578,1,0.0,1,0.0
2025-01-31T21:43:00+00:00,2025-02-01T00:43:00+03:00,1193.0,9.5,11.5,,5,24.04000091552734,38.42499923706055,1,0.0,1,0.0
2025-01-31T21:44:00+00:00,2025-02-01T00:44:00+03:00,1199.0,9.5,10.0,,5,24.01500034332275,38.42500114440918,1,0.0,1,0.0
2025-01-31T21:45:00+00:00,2025-02-01T00:45:00+03:00,1200.5,9.0,9.0,,5,24.0,38.5,1,0.0,1,0.0
2025-01-31T21:46:00+00:00,2025-02-01T00:46:00+03:00,1209.5,8.5,10.0,,5,24.02499961853027,38.61499977111816,1,0.0,1,0.0
2025-01-31T21:47:00+00:00,2025-02-01T00:47:00+03:00,1216.0,9.0,9.0,,5,24.05000019073486,38.56999969482422,1,0.0,1,0.0
2025-01-31T21:48:00+00:00,2025-02-01T00:48:00+03:00,1218.0,9.5,10.5,,5,24.05499935150146,38.51500129699707,1,0.0,1,0.0
2025-01-31T21:49:00+00:00,2025-02-01T00:49:00+03:00,1218.0,9.0,9.0,,5,24.04000091552734,38.56999969482422,1,0.0,1,0.0
2025-01-31T21:50:00+00:00,2025-02-01T00:50:00+03:00,1226.0,10.5,11.0,,5,24.0649995803833,38.69499969482422,1,0.0,1,0.0
2025-01-31T21:51:00+00:00,2025-02-01T00:51:00+03:00,1233.0,10.0,11.5,,5,24.06999969482422,38.70000076293945,1,0.0,1,0.0
2025-01-31T21:52:00+00:00,2025-02-01T00:52:00+03:00,1235.0,8.5,8.5,,5,24.06999969482422,38.70999908447266,1,0.0,1,0.0
2025-01-31T21:53:00+00:00,2025-02-01T00:53:00+03:00,1239.0,9.0,10.5,,5,24.04500007629395,38.67499923706055,1,0.0,1,0.0
2025-01-31T21:54:00+00:00,2025-02-01T00:54:00+03:00,1239.5,9.0,11.0,,5,24.06999969482422,38.71500015258789,1,0.0,1,0.0
2025-01-31T21:55:00+00:00,2025-02-01T00:55:00+03:00,1243.5,9.0,11.0,,5,24.04999923706055,38.65999984741211,2,1.0,1,0.0
2025-01-31T21:56:00+00:00,2025-02-01T00:56:00+03:00,1245.0,8.0,8.0,,5,24.04999923706055,38.72500038146973,1,0.1,1,0.0
2025-01-31T21:57:00+00:00,2025-02-01T00:57:00+03:00,1198.0,26.0,27.0,,5,24.07500076293945,35.28499984741211,1,0.1,1,0.0
2025-01-31T21:58:00+00:00,2025-02-01T00:58:00+03:00,1006.0,27.5,30.0,,5,24.17000007629395,34.71999931335449,2,1.0,1,0.0
2025-01-31T21:59:00+00:00,2025-02-01T00:59:00+03:00,987.5,20.5,21.0,,4,24.25500011444092,36.13000106811523,1,0.1,1,0.0
2025-01-31T22:00:00+00:00,2025-02-01T01:00:00+03:00,1021.0,19.0,22.0,,5,24.27999973297119,36.04000091552734,2,1.0,1,0.0
2025-01-31T22:01:00+00:00,2025-02-01T01:01:00+03:00,1071.0,17.0,19.5,,5,24.34500026702881,36.78500175476074,1,0.0,1,0.0
2025-01-31T22:02:00+00:00,2025-02-01T01:02:00+03:00,1108.0,15.5,16.5,,5,24.41499996185303,36.5049991607666,1,0.0,1,0.0
2025-01-31T22:03:00+00:00,2025-02-01T01:03:00+03:00,1131.5,16.0,16.0,,5,24.35500049591064,36.75,1,0.0,1,0.0
2025-01-31T22:04:00+00:00,2025-02-01T01:04:00+03:00,1153.0,15.0,16.0,,5,24.28499984741211,36.80000114440918,1,0.0,1,0.0
2025-01-31T22:05:00+00:00,2025-02-01T01:05:00+03:00,1166.0,14.5,16.5,,5,24.22000026702881,37.07999992370605,1,0.0,1,0.0
2025-01-31T22:06:00+00:00,2025-02-01T01:06:00+03:00,1180.0,16.0,19.0,,5,24.17000007629395,37.28499984741211,1,0.0,1,0.0
2025-01-31T22:07:00+00:00,2025-02-01T01:07:00+03:00,1192.0,17.0,18.5,,5,24.15999984741211,37.40999984741211,1,0.0,1,0.0
2025-01-31T22:08:00+00:00,2025-02-01T01:08:00+03:00,1197.5,15.0,16.5,,5,24.125,37.20999908447266,1,0.0,1,0.0
2025-01-31T22:09:00+00:00,2025-02-01T01:09:00+03:00,1195.0,15.5,17.5,,5,24.09000015258789,37.27000045776367,1,0.0,1,0.0
2025-01-31T22:10:00+00:00,2025-02-01T01:10:00+03:00,1195.5,13.5,15.0,,5,24.11500072479248,37.56500053405762,1,0.0,1,0.0
2025-01-31T22:11:00+00:00,2025-02-01T01:11:00+03:00,1205.0,14.0,15.5,,5,24.09000015258789,37.66499900817871,1,0.0,1,0.0
2025-01-31T22:12:00+00:00,2025-02-01T01:12:00+03:00,1212.5,13.5,15.0,,5,24.09000015258789,37.59999847412109,1,0.0,1,0.0
2025-01-31T22:13:00+00:00,2025-02-01T01:13:00+03:00,1212.5,14.0,18.5,,5,24.07499980926514,37.5049991607666,1,0.0,1,0.0
2025-01-31T22:14:00+00:00,2025-02-01T01:14:00+03:00,1213.5,16.0,19.0,,5,24.06999969482422,37.59499931335449,1,0.0,1,0.0
2025-01-31T22:15:00+00:00,2025-02-01T01:15:00+03:00,1215.5,13.0,14.0,,5,24.05500030517578,37.78999900817871,1,0.0,1,0.0
2025-01-31T22:16:00+00:00,2025-02-01T01:16:00+03:00,1221.0,16.0,16.5,,5,24.07499980926514,37.85500144958496,1,0.0,1,0.0
2025-01-31T22:17:00+00:00,2025-02-01T01:17:00+03:00,1231.5,15.5,15.5,,5,24.07999992370605,37.84500122070312,1,0.0,1,0.0
2025-01-31T22:18:00+00:00,2025-02-01T01:18:00+03:00,1239.0,14.0,16.0,,5,24.07999992370605,37.875,1,0.0,1,0.1
2025-01-31T22:19:00+00:00,2025-02-01T01:19:00+03:00,1239.5,24.5,29.0,,5,24.08500003814697,37.42000007629395,1,0.0,1,0.1
2025-01-31T22:20:00+00:00,2025-02-01T01:20:00+03:00,1103.0,52.0,63.0,,6,24.1850004196167,33.25,1,0.0,1,0.1
2025-01-31T22:21:00+00:00,2025-02-01T01:21:00+03:00,885.5,65.5,82.5,,8,24.23999977111816,30.71500015258789,1,0.0,1,0.1
2025-01-31T22:22:00+00:00,2025-02-01T01:22:00+03:00,778.5,64.5,76.5,,7,24.27500057220459,29.17000007629395,1,0.0,1,0.1
2025-01-31T22:23:00+00:00,2025-02-01T01:23:00+03:00,706.0,59.5,70.5,,7,24.27000045776367,28.24000072479248,1,0.0,1,0.1
2025-01-31T22:24:00+00:00,2025-02-01T01:24:00+03:00,672.0,62.5,79.0,,7,24.25,27.65500068664551,1,0.0,1,0.1
2025-01-31T22:25:00+00:00,2025-02-01T01:25:00+03:00,652.0,67.5,82.0,,8,24.26000022888184,27.38000011444092,1,0.0,1,0.1
2025-01-31T22:26:00+00:00,2025-02-01T01:26:00+03:00,643.0,68.5,83.0,,8,24.27500057220459,27.19999980926514,1,0.0,1,0.1
2025-01-31T22:27:00+00:00,2025-02-01T01:27:00+03:00,634.5,58.0,74.5,,7,24.27000045776367,26.92499923706055,1,0.0,1,0.1
2025-01-31T22:28:00+00:00,2025-02-01T01:28:00+03:00,627.5,64.5,75.5,,7,24.23999977111816,26.71000003814697,1,0.0,1,0.1
2025-01-31T22:29:00+00:00,2025-02-01T01:29:00+03:00,619.0,52.5,64.5,,6,24.23999977111816,26.5,1,0.0,1,0.1
2025-01-31T22:30:00+00:00,2025-02-01T01:30:00+03:00,615.0,55.0,66.5,,7,24.21000003814697,26.42000007629395,1,0.0,1,0.1
2025-01-31T22:31:00+00:00,2025-02-01T01:31:00+03:00,609.0,46.0,59.0,,6,24.18000030517578,26.25500011444092,1,0.0,1,0.1
2025-01-31T22:32:00+00:00,2025-02-01T01:32:00+03:00,604.0,48.5,56.5,,6,24.13999938964844,26.0600004196167,1,0.0,1,0.1
2025-01-31T22:33:00+00:00,2025-02-01T01:33:00+03:00,592.5,43.0,52.0,,5,24.09500026702881,25.85999965667725,1,0.0,1,0.1
2025-01-31T22:34:00+00:00,2025-02-01T01:34:00+03:00,585.0,44.5,54.0,,5,24.07999992370605,25.79999923706055,1,0.0,1,0.1
2025-01-31T22:35:00+00:00,2025-02-01T01:35:00+03:00,582.0,46.5,54.0,,6,24.05499935150146,25.84000015258789,1,0.0,1,0.1
2025-01-31T22:36:00+00:00,2025-02-01T01:36:00+03:00,584.5,58.0,65.5,,7,24.03999996185303,25.89000034332275,1,0.0,1,0.1
2025-01-31T22:37:00+00:00,2025-02-01T01:37:00+03:00,587.0,75.0,83.5,,9,24.02999973297119,25.84999942779541,1,0.0,1,0.1
2025-01-31T22:38:00+00:00,2025-02-01T01:38:00+03:00,588.0,98.0,110.5,,9,23.98999977111816,25.75,1,0.0,1,0.1
2025-01-31T22:39:00+00:00,2025-02-01T01:39:00+03:00,584.0,101.5,121.0,,9,23.97999954223633,25.64000034332275,1,0.0,1,0.1
2025-01-31T22:40:00+00:00,2025-02-01T01:40:00+03:00,580.0,107.0,124.0,,9,23.94000053405762,25.52999973297119,1,0.0,1,0.1
2025-01-31T22:41:00+00:00,2025-02-01T01:41:00+03:00,572.5,101.5,114.0,,9,23.90499973297119,25.375,1,0.0,1,0.1
2025-01-31T22:42:00+00:00,2025-02-01T01:42:00+03:00,561.0,111.0,124.5,,9,23.88000011444092,25.32999992370605,1,0.0,1,0.1
2025-01-31T22:43:00+00:00,2025-02-01T01:43:00+03:00,557.5,109.5,122.5,,9,23.82499980926514,25.26499938964844,1,0.0,1,0.1
2025-01-31T22:44:00+00:00,2025-02-01T01:44:00+03:00,549.0,117.5,128.5,,9,23.79500007629395,25.23500061035156,1,0.0,1,0.1
2025-01-31T22:45:00+00:00,2025-02-01T01:45:00+03:00,545.5,111.0,117.5,,9,23.77000045776367,25.24000072479248,1,0.0,1,0.1
2025-01-31T22:46:00+00:00,2025-02-01T01:46:00+03:00,544.0,107.0,121.5,,9,23.72999954223633,25.25500011444092,1,0.0,1,0.1
2025-01-31T22:47:00+00:00,2025-02-01T01:47:00+03:00,545.5,105.5,116.5,,9,23.68000030517578,25.23499965667725,1,0.0,1,0.1
2025-01-31T22:48:00+00:00,2025-02-01T01:48:00+03:00,546.0,110.0,119.5,,9,23.6850004196167,25.30500030517578,1,0.0,1,0.1
2025-01-31T22:49:00+00:00,2025-02-01T01:49:00+03:00,548.0,103.5,116.0,,9,23.67000007629395,25.42500019073486,1,0.0,1,0.1
2025-01-31T22:50:00+00:00,2025-02-01T01:50:00+03:00,553.0,91.0,99.0,,9,23.68000030517578,25.34000015258789,1,0.0,1,0.1
2025-01-31T22:51:00+00:00,2025-02-01T01:51:00+03:00,550.0,90.5,101.5,,9,23.63999938964844,25.22500038146973,1,0.0,1,0.1
2025-01-31T22:52:00+00:00,2025-02-01T01:52:00+03:00,545.0,80.0,89.5,,9,23.61000061035156,25.10000038146973,1,0.0,1,0.1
2025-01-31T22:53:00+00:00,2025-02-01T01:53:00+03:00,535.5,78.5,85.5,,9,23.5649995803833,25.04500007629395,1,0.0,1,0.1
2025-01-31T22:54:00+00:00,2025-02-01T01:54:00+03:00,528.0,66.5,76.0,,8,23.56500053405762,24.89499950408936,1,0.0,1,0.1
2025-01-31T22:55:00+00:00,2025-02-01T01:55:00+03:00,520.5,61.5,69.0,,7,23.50500011444092,24.76000022888184,1,0.0,1,0.1
2025-01-31T22:56:00+00:00,2025-02-01T01:56:00+03:00,511.0,56.0,64.0,,7,23.46999931335449,24.67500019073486,1,0.0,1,0.1
2025-01-31T22:57:00+00:00,2025-02-01T01:57:00+03:00,503.5,56.5,68.0,,7,23.44000053405762,24.55999946594238,1,0.0,1,0.1
2025-01-31T22:58:00+00:00,2025-02-01T01:58:00+03:00,496.0,52.0,59.0,,6,23.42500019073486,24.63000011444092,1,0.0,1,0.1
2025-01-31T22:59:00+00:00,2025-02-01T01:59:00+03:00,497.0,44.0,48.5,,5,23.40499973297119,24.60499954223633,1,0.0,1,0.1
2025-01-31T23:00:00+00:00,2025-02-01T02:00:00+03:00,496.0,40.5,45.0,,5,23.375,24.44499969482422,1,0.0,1,0.1
2025-01-31T23:01:00+00:00,2025-02-01T02:01:00+03:00,490.5,42.5,46.0,,5,23.34000015258789,24.45000076293945,1,0.0,1,0.1
2025-01-31T23:02:00+00:00,2025-02-01T02:02:00+03:00,487.5,42.0,46.5,,5,23.31999969482422,24.50500011444092,1,0.0,1,0.1
2025-01-31T23:03:00+00:00,2025-02-01T02:03:00+03:00,490.0,37.0,42.0,,5,23.29000091552734,24.64999961853027,1,0.0,1,0.1
2025-01-31T23:04:00+00:00,2025-02-01T02:04:00+03:00,495.0,37.5,41.5,,5,23.31999969482422,24.63000011444092,1,0.0,1,0.1
2025-01-31T23:05:00+00:00,2025-02-01T02:05:00+03:00,494.0,41.5,48.0,,5,23.27500057220459,24.52500057220459,1,0.0,1,0.1
2025-01-31T23:06:00+00:00,2025-02-01T02:06:00+03:00,487.0,59.0,64.0,,7,23.26500034332275,24.64500045776367,1,0.0,1,0.1
2025-01-31T23:07:00+00:00,2025-02-01T02:07:00+03:00,489.0,58.5,71.5,,7,23.21999931335449,24.76999950408936,1,0.0,1,0.1
2025-01-31T23:08:00+00:00,2025-02-01T02:08:00+03:00,490.5,58.0,67.0,,7,23.21999931335449,24.58500003814697,1,0.0,1,0.1
2025-01-31T23:09:00+00:00,2025-02-01T02:09:00+03:00,485.5,66.0,84.0,,8,23.20000076293945,24.66499996185303,1,0.0,1,0.1
2025-01-31T23:10:00+00:00,2025-02-01T02:10:00+03:00,486.5,67.0,80.0,,8,23.20499992370605,24.66499996185303,1,0.0,1,0.1
2025-01-31T23:11:00+00:00,2025-02-01T02:11:00+03:00,483.0,73.5,86.0,,8,23.18000030517578,24.63499927520752,1,0.0,1,0.1
2025-01-31T23:12:00+00:00,2025-02-01T02:12:00+03:00,478.0,71.5,82.5,,8,23.17000007629395,24.59500026702881,1,0.0,1,0.1
2025-01-31T23:13:00+00:00,2025-02-01T02:13:00+03:00,477.0,70.5,83.5,,8,23.13999938964844,24.61500072479248,1,0.0,1,0.1
2025-01-31T23:14:00+00:00,2025-02-01T02:14:00+03:00,475.5,69.5,84.5,,8,23.13499927520752,24.56999969482422,1,0.0,1,0.1
2025-01-31T23:15:00+00:00,2025-02-01T02:15:00+03:00,472.5,66.5,72.5,,8,23.09500026702881,24.51500034332275,1,0.0,1,0.1
2025-01-31T23:16:00+00:00,2025-02-01T02:16:00+03:00,467.0,62.5,69.0,,7,23.10000038146973,24.48999977111816,1,0.0,1,0.1
2025-01-31T23:17:00+00:00,2025-02-01T02:17:00+03:00,465.5,66.5,80.0,,8,23.07999992370605,24.49499988555908,1,0.0,1,0.1
2025-01-31T23:18:00+00:00,2025-02-01T02:18:00+03:00,465.0,61.0,75.0,,7,23.10000038146973,24.55500030517578,1,0.0,1,0.1
2025-01-31T23:19:00+00:00,2025-02-01T02:19:00+03:00,466.0,59.0,76.5,,7,23.13000011444092,24.57499980926514,1,0.0,1,0.1
2025-01-31T23:20:00+00:00,2025-02-01T02:20:00+03:00,466.5,65.0,73.5,,8,23.125,24.52999973297119,1,0.0,1,0.1
2025-01-31T23:21:00+00:00,2025-02-01T02:21:00+03:00,466.0,61.5,68.5,,7,23.10000038146973,24.38000011444092,1,0.0,1,0.1
2025-01-31T23:22:00+00:00,2025-02-01T02:22:00+03:00,459.0,77.0,90.0,,9,23.07499980926514,24.36499977111816,1,0.0,1,0.1
2025-01-31T23:23:00+00:00,2025-02-01T02:23:00+03:00,455.5,74.0,85.0,,8,23.05999946594238,24.32999992370605,1,0.2,1,0.0
2025-01-31T23:24:00+00:00,2025-02-01T02:24:00+03:00,454.5,76.0,84.5,,9,23.03500080108643,24.32499980926514,1,0.2,1,0.0
2025-01-31T23:25:00+00:00,2025-02-01T02:25:00+03:00,454.5,84.5,94.5,,9,23.02999973297119,24.78499984741211,1,0.2,1,0.0
2025-01-31T23:26:00+00:00,2025-02-01T02:26:00+03:00,462.0,86.5,97.0,,9,23.10500049591064,25.09999942779541,1,0.2,1,0.0
2025-01-31T23:27:00+00:00,2025-02-01T02:27:00+03:00,468.0,76.0,81.5,,9,23.14999961853027,25.27499961853027,1,0.2,1,0.0
2025-01-31T23:28:00+00:00,2025-02-01T02:28:00+03:00,473.0,69.5,75.0,,8,23.17000007629395,25.43499946594238,1,0.2,1,0.0
2025-01-31T23:29:00+00:00,2025-02-01T02:29:00+03:00,474.0,64.0,73.0,,7,23.21000003814697,25.54500007629395,1,0.2,1,0.0
2025-01-31T23:30:00+00:00,2025-02-01T02:30:00+03:00,474.5,63.5,72.0,,7,23.23499965667725,25.65999984741211,1,0.2,1,0.0
2025-01-31T23:31:00+00:00,2025-02-01T02:31:00+03:00,476.5,65.5,73.5,,8,23.25,25.69500064849854,1,0.2,1,0.0
2025-01-31T23:32:00+00:00,2025-02-01T02:32:00+03:00,477.5,61.5,71.0,,7,23.28999996185303,25.71000003814697,1,0.2,1,0.0
2025-01-31T23:33:00+00:00,2025-02-01T02:33:00+03:00,479.0,58.0,63.0,,7,23.31999969482422,25.74499988555908,1,0.2,1,0.0
2025-01-31T23:34:00+00:00,2025-02-01T02:34:00+03:00,478.0,52.5,57.5,,6,23.31999969482422,25.78999996185303,1,0.2,1,0.0
2025-01-31T23:35:00+00:00,2025-02-01T02:35:00+03:00,485.0,52.5,62.0,,6,23.34000015258789,25.88499927520752,1,0.2,1,0.0
2025-01-31T23:36:00+00:00,2025-02-01T02:36:00+03:00,485.0,49.5,55.0,,6,23.35000038146973,25.89999961853027,1,0.2,1,0.0
2025-01-31T23:37:00+00:00,2025-02-01T02:37:00+03:00,484.0,47.5,52.5,,6,23.3700008392334,25.875,1,0.2,1,0.0
2025-01-31T23:38:00+00:00,2025-02-01T02:38:00+03:00,485.5,45.5,49.5,,6,23.38000011444092,25.82499980926514,1,0.2,1,0.0
2025-01-31T23:39:00+00:00,2025-02-01T02:39:00+03:00,486.5,48.5,50.5,,6,23.39999961853027,25.85999965667725,1,0.2,1,0.0
2025-01-31T23:40:00+00:00,2025-02-01T02:40:00+03:00,487.0,44.0,52.5,,5,23.39499950408936,25.93000030517578,1,0.2,1,0.0
2025-01-31T23:41:00+00:00,2025-02-01T02:41:00+03:00,488.0,41.0,45.5,,5,23.40999984741211,25.96499919891357,1,0.2,1,0.0
2025-01-31T23:42:00+00:00,2025-02-01T02:42:00+03:00,489.5,45.0,49.0,,6,23.42000007629395,25.96500015258789,1,0.2,1,0.0
2025-01-31T23:43:00+00:00,2025-02-01T02:43:00+03:00,492.0,41.0,44.0,,5,23.44500064849854,25.96999931335449,1,0.2,1,0.0
2025-01-31T23:44:00+00:00,2025-02-01T02:44:00+03:00,492.0,40.5,44.5,,5,23.46500015258789,25.96500015258789,1,0.2,1,0.0
2025-01-31T23:45:00+00:00,2025-02-01T02:45:00+03:00,491.0,47.0,50.0,,6,23.46999931335449,25.91499996185303,1,0.2,1,0.0
2025-01-31T23:46:00+00:00,2025-02-01T02:46:00+03:00,491.5,48.5,52.0,,6,23.46500015258789,25.89499950408936,1,0.2,1,0.0
2025-01-31T23:47:00+00:00,2025-02-01T02:47:00+03:00,493.0,46.0,52.5,,6,23.47499942779541,25.93000030517578,1,0.2,1,0.0
2025-01-31T23:48:00+00:00,2025-02-01T02:48:00+03:00,500.0,51.0,55.5,,6,23.47999954223633,25.92000007629395,1,0.2,1,0.0
2025-01-31T23:49:00+00:00,2025-02-01T02:49:00+03:00,497.0,50.0,56.0,,6,23.49499988555908,25.9350004196167,1,0.2,1,0.0
2025-01-31T23:50:00+00:00,2025-02-01T02:50:00+03:00,495.5,53.5,57.5,,6,23.5,25.96000003814697,1,0.2,1,0.0
2025-01-31T23:51:00+00:00,2025-02-01T02:51:00+03:00,497.0,52.0,58.5,,6,23.52500057220459,25.97999954223633,1,0.2,1,0.0
2025-01-31T23:52:00+00:00,2025-02-01T02:52:00+03:00,497.5,52.5,57.0,,6,23.52500057220459,25.98999977111816,1,0.2,1,0.0
2025-01-31T23:53:00+00:00,2025-02-01T02:53:00+03:00,497.5,53.5,59.0,,6,23.53000068664551,26.01000022888184,1,0.2,1,0.0
2025-01-31T23:54:00+00:00,2025-02-01T02:54:00+03:00,498.0,52.0,57.0,,6,23.53000068664551,26.01000022888184,1,0.2,1,0.0
2025-01-31T23:55:00+00:00,2025-02-01T02:55:00+03:00,498.5,53.0,58.0,,6,23.55999946594238,25.98999977111816,1,0.2,1,0.0
2025-01-31T23:56:00+00:00,2025-02-01T02:56:00+03:00,497.0,46.0,50.0,,6,23.55000019073486,25.92500019073486,1,0.2,1,0.0
2025-01-31T23:57:00+00:00,2025-02-01T02:57:00+03:00,496.5,43.5,46.5,,5,23.53000068664551,25.89499950408936,1,0.2,1,0.0
2025-01-31T23:58:00+00:00,2025-02-01T02:58:00+03:00,495.0,44.0,46.5,,5,23.55999946594238,25.89499950408936,1,0.2,1,0.0
2025-01-31T23:59:00+00:00,2025-02-01T02:59:00+03:00,495.0,40.5,46.0,,5,23.54500007629395,25.90499973297119,1,0.2,1,0.0
2025-02-01T00:00:00+00:00,2025-02-01T03:00:00+03:00,495.0,41.0,43.5,,5,23.53999996185303,25.92500019073486,1,0.2,1,0.0
2025-02-01T00:01:00+00:00,2025-02-01T03:01:00+03:00,496.0,38.0,42.5,,5,23.56999969482422,25.92000007629395,1,0.2,1,0.0
2025-02-01T00:02:00+00:00,2025-02-01T03:02:00+03:00,498.0,37.0,41.0,,5,23.59000015258789,25.92000007629395,1,0.2,1,0.0
2025-02-01T00:03:00+00:00,2025-02-01T03:03:00+03:00,498.5,36.5,39.5,,5,23.59000015258789,25.9399995803833,1,0.2,1,0.0
2025-02-01T00:04:00+00:00,2025-02-01T03:04:00+03:00,501.0,32.5,35.0,,4,23.57999992370605,25.94999980926514,1,0.2,1,0.0
2025-02-01T00:05:00+00:00,2025-02-01T03:05:00+03:00,502.0,33.0,41.0,,4,23.59500026702881,25.94999980926514,1,0.2,1,0.0
2025-02-01T00:06:00+00:00,2025-02-01T03:06:00+03:00,503.5,34.5,37.0,,4,23.59500026702881,25.95000076293945,1,0.2,1,0.0
2025-02-01T00:07:00+00:00,2025-02-01T03:07:00+03:00,505.0,32.0,32.0,,4,23.60000038146973,25.93000030517578,1,0.2,1,0.0
2025-02-01T00:08:00+00:00,2025-02-01T03:08:00+03:00,507.5,31.0,35.0,,4,23.60000038146973,25.91499996185303,1,0.2,1,0.0
2025-02-01T00:09:00+00:00,2025-02-01T03:09:00+03:00,507.5,30.5,32.0,,4,23.61000061035156,25.88999938964844,1,0.2,1,0.0
2025-02-01T00:10:00+00:00,2025-02-01T03:10:00+03:00,507.0,28.5,34.0,,4,23.625,25.92999935150146,1,0.2,1,0.0
2025-02-01T00:11:00+00:00,2025-02-01T03:11:00+03:00,506.5,27.5,29.0,,4,23.64499950408936,25.94500064849854,1,0.2,1,0.0
2025-02-01T00:12:00+00:00,2025-02-01T03:12:00+03:00,509.0,29.0,32.0,,4,23.625,25.88999938964844,1,0.2,1,0.0
2025-02-01T00:13:00+00:00,2025-02-01T03:13:00+03:00,508.5,24.5,27.5,,3,23.64000034332275,25.85999965667725,2,1.0,1,0.0
2025-02-01T00:14:00+00:00,2025-02-01T03:14:00+03:00,506.5,24.0,29.0,,3,23.51999950408936,25.51499938964844,1,0.0,1,0.0
2025-02-01T00:15:00+00:00,2025-02-01T03:15:00+03:00,492.5,20.5,20.5,,3,23.01500034332275,24.58500003814697,1,0.0,1,0.0
2025-02-01T00:16:00+00:00,2025-02-01T03:16:00+03:00,473.5,21.0,22.5,,3,23.07499980926514,24.72000026702881,1,0.0,1,0.0
2025-02-01T00:17:00+00:00,2025-02-01T03:17:00+03:00,470.5,22.5,25.0,,3,23.14500045776367,24.9350004196167,2,1.0,1,0.0
2025-02-01T00:18:00+00:00,2025-02-01T03:18:00+03:00,476.0,20.5,23.0,,3,23.22499942779541,25.23000049591064,1,0.0,1,0.0
2025-02-01T00:19:00+00:00,2025-02-01T03:19:00+03:00,483.0,19.0,20.5,,3,23.21500015258789,25.21000003814697,1,0.0,1,0.0
2025-02-01T00:20:00+00:00,2025-02-01T03:20:00+03:00,491.5,21.5,26.0,,3,23.30500030517578,25.89499950408936,1,0.0,1,0.0
2025-02-01T00:21:00+00:00,2025-02-01T03:21:00+03:00,507.0,20.0,24.0,,3,23.34500026702881,25.96500015258789,1,0.0,1,0.0
2025-02-01T00:22:00+00:00,2025-02-01T03:22:00+03:00,517.0,21.0,23.0,,3,23.40999984741211,26.24499988555908,1,0.0,1,0.0
2025-02-01T00:23:00+00:00,2025-02-01T03:23:00+03:00,524.0,23.0,25.0,,3,23.49499988555908,26.19499969482422,1,0.0,1,0.0
2025-02-01T00:24:00+00:00,2025-02-01T03:24:00+03:00,526.0,24.0,24.0,,3,23.53999996185303,26.32999992370605,1,0.0,1,0.0
2025-02-01T00:25:00+00:00,2025-02-01T03:25:00+03:00,529.5,19.5,21.0,,3,23.57999992370605,26.41499996185303,1,0.0,1,0.0
2025-02-01T00:26:00+00:00,2025-02-01T03:26:00+03:00,533.0,20.5,22.0,,3,23.63000011444092,26.43499946594238,1,0.0,1,0.0
2025-02-01T00:27:00+00:00,2025-02-01T03:27:00+03:00,537.0,20.0,21.5,,3,23.6850004196167,26.47999954223633,1,0.0,1,0.0
2025-02-01T00:28:00+00:00,2025-02-01T03:28:00+03:00,538.5,20.5,24.5,,3,23.72000026702881,26.52500057220459,1,0.0,1,0.0
2025-02-01T00:29:00+00:00,2025-02-01T03:29:00+03:00,542.0,21.5,23.5,,3,23.76500034332275,26.55999946594238,1,0.0,1,0.0
2025-02-01T00:30:00+00:00,2025-02-01T03:30:00+03:00,544.0,23.5,26.0,,3,23.78000068664551,26.57999992370605,1,0.0,1,0.0
2025-02-01T00:31:00+00:00,2025-02-01T03:31:00+03:00,547.0,22.5,23.5,,3,23.80000019073486,26.64999961853027,1,0.0,1,0.0
2025-02-01T00:32:00+00:00,2025-02-01T03:32:00+03:00,550.0,18.0,20.0,,3,23.84000015258789,26.70499992370605,1,0.0,1,0.0
2025-02-01T00:33:00+00:00,2025-02-01T03:33:00+03:00,552.0,21.0,22.5,,3,23.85500049591064,26.74499988555908,1,0.0,1,0.0
2025-02-01T00:34:00+00:00,2025-02-01T03:34:00+03:00,554.0,21.5,25.0,,3,23.88999938964844,26.8100004196167,1,0.0,1,0.0
2025-02-01T00:35:00+00:00,2025-02-01T03:35:00+03:00,557.5,19.5,22.5,,3,23.90499973297119,26.89999961853027,1,0.0,1,0.0
2025-02-01T00:36:00+00:00,2025-02-01T03:36:00+03:00,559.0,21.5,24.5,,3,23.92500019073486,26.9399995803833,1,0.0,1,0.0
2025-02-01T00:37:00+00:00,2025-02-01T03:37:00+03:00,559.0,17.5,18.0,,3,23.92500019073486,26.98499965667725,1,0.0,1,0.0
2025-02-01T00:38:00+00:00,2025-02-01T03:38:00+03:00,563.5,17.5,20.5,,3,23.94499969482422,27.02000045776367,1,0.0,1,0.0
2025-02-01T00:39:00+00:00,2025-02-01T03:39:00+03:00,568.5,18.5,18.5,,3,23.97999954223633,27.05499935150146,1,0.0,1,0.0
2025-02-01T00:40:00+00:00,2025-02-01T03:40:00+03:00,566.0,17.5,18.0,,3,23.98499965667725,27.0649995803833,1,0.0,1,0.0
2025-02-01T00:41:00+00:00,2025-02-01T03:41:00+03:00,569.5,20.5,20.5,,3,23.97999954223633,27.13500022888184,1,0.0,1,0.0
2025-02-01T00:42:00+00:00,2025-02-01T03:42:00+03:00,573.5,17.0,20.0,,3,24.00500011444092,27.17500019073486,1,0.0,1,0.0
2025-02-01T00:43:00+00:00,2025-02-01T03:43:00+03:00,576.0,17.0,19.5,,3,24.02000045776367,27.25,1,0.0,1,0.0
2025-02-01T00:44:00+00:00,2025-02-01T03:44:00+03:00,582.0,17.5,19.5,,3,24.02499961853027,27.22499942779541,1,0.0,1,0.0
2025-02-01T00:45:00+00:00,2025-02-01T03:45:00+03:00,585.5,18.5,21.5,,3,24.04999923706055,27.28999996185303,2,1.0,1,0.0
2025-02-01T00:46:00+00:00,2025-02-01T03:46:00+03:00,589.5,17.0,20.0,,3,24.04999923706055,27.35000038146973,2,0.0,1,0.0
2025-02-01T00:47:00+00:00,2025-02-01T03:47:00+03:00,591.0,16.0,20.5,,3,24.06999969482422,27.78499984741211,2,1.0,1,0.0
2025-02-01T00:48:00+00:00,2025-02-01T03:48:00+03:00,598.5,14.5,16.5,,2,23.9950008392334,27.50999927520752,2,0.0,1,0.0
2025-02-01T00:49:00+00:00,2025-02-01T03:49:00+03:00,607.5,15.5,15.5,,3,23.94499969482422,26.84500026702881,2,0.0,1,0.0
2025-02-01T00:50:00+00:00,2025-02-01T03:50:00+03:00,613.0,13.0,16.5,,3,24.0,27.05999946594238,2,0.0,1,0.0
2025-02-01T00:51:00+00:00,2025-02-01T03:51:00+03:00,618.0,14.5,15.5,,3,24.02500057220459,27.27499961853027,2,0.0,1,0.0
2025-02-01T00:52:00+00:00,2025-02-01T03:52:00+03:00,624.0,15.0,15.5,,3,24.02500057220459,27.55000019073486,2,0.0,1,0.0
2025-02-01T00:53:00+00:00,2025-02-01T03:53:00+03:00,627.0,15.0,17.0,,3,24.07999992370605,27.81500053405762,2,0.0,1,0.0
2025-02-01T00:54:00+00:00,2025-02-01T03:54:00+03:00,634.5,15.5,17.0,,3,24.07499980926514,28.0049991607666,2,0.0,1,0.0
2025-02-01T00:55:00+00:00,2025-02-01T03:55:00+03:00,644.5,17.0,18.5,,3,24.13000011444092,28.21500015258789,2,0.0,1,0.0
2025-02-01T00:56:00+00:00,2025-02-01T03:56:00+03:00,651.0,14.0,16.0,,3,24.13499927520752,28.34000015258789,2,0.0,1,0.0
2025-02-01T00:57:00+00:00,2025-02-01T03:57:00+03:00,660.0,14.0,14.5,,3,24.14999961853027,28.51500034332275,2,0.0,1,0.0
2025-02-01T00:58:00+00:00,2025-02-01T03:58:00+03:00,670.5,15.5,16.0,,3,24.15499973297119,28.61499977111816,2,0.0,1,0.0
2025-02-01T00:59:00+00:00,2025-02-01T03:59:00+03:00,676.5,16.5,18.5,,3,24.17500019073486,28.69999980926514,2,0.0,1,0.0
2025-02-01T01:00:00+00:00,2025-02-01T04:00:00+03:00,689.0,15.0,16.0,,3,24.19500064849854,28.82999992370605,2,0.0,1,0.0
2025-02-01T01:01:00+00:00,2025-02-01T04:01:00+03:00,697.5,13.5,13.5,,3,24.17500019073486,28.98500061035156,2,0.0,1,0.0
2025-02-01T01:02:00+00:00,2025-02-01T04:02:00+03:00,706.5,16.0,18.0,,3,24.16499996185303,29.27000045776367,2,0.0,1,0.0
2025-02-01T01:03:00+00:00,2025-02-01T04:03:00+03:00,723.0,14.5,14.5,,3,24.1850004196167,29.35500049591064,2,0.0,1,0.0
2025-02-01T01:04:00+00:00,2025-02-01T04:04:00+03:00,738.5,14.0,16.0,,3,24.17500019073486,29.48000049591064,2,0.0,1,0.0
2025-02-01T01:05:00+00:00,2025-02-01T04:05:00+03:00,746.0,14.0,14.0,,3,24.15999984741211,29.67000007629395,2,0.0,1,0.0
2025-02-01T01:06:00+00:00,2025-02-01T04:06:00+03:00,755.5,15.0,16.0,,3,24.17500019073486,29.71500015258789,2,0.0,1,0.0
2025-02-01T01:07:00+00:00,2025-02-01T04:07:00+03:00,771.0,13.5,16.0,,3,24.18000030517578,29.86000061035156,2,0.0,1,0.0
2025-02-01T01:08:00+00:00,2025-02-01T04:08:00+03:00,785.0,13.0,13.0,,3,24.13999938964844,30.03999996185303,2,0.0,1,0.0
2025-02-01T01:09:00+00:00,2025-02-01T04:09:00+03:00,794.5,14.0,14.5,,3,24.13500022888184,30.19499969482422,2,0.0,1,0.0
2025-02-01T01:10:00+00:00,2025-02-01T04:10:00+03:00,803.5,15.0,16.5,,4,24.125,30.30000019073486,2,0.0,1,0.0
2025-02-01T01:11:00+00:00,2025-02-01T04:11:00+03:00,821.5,13.0,14.5,,4,24.11999988555908,30.4399995803833,2,0.0,1,0.0
2025-02-01T01:12:00+00:00,2025-02-01T04:12:00+03:00,825.5,14.0,14.5,,4,24.11999988555908,30.61500072479248,2,0.0,1,0.0
2025-02-01T01:13:00+00:00,2025-02-01T04:13:00+03:00,831.5,14.5,15.5,,4,24.08500003814697,30.76500034332275,2,0.0,1,0.0
2025-02-01T01:14:00+00:00,2025-02-01T04:14:00+03:00,836.0,12.5,13.5,,4,24.0600004196167,30.92000007629395,2,0.0,1,0.0
2025-02-01T01:15:00+00:00,2025-02-01T04:15:00+03:00,850.0,15.0,18.5,,4,24.04999923706055,31.10999965667725,2,0.0,1,0.0
2025-02-01T01:16:00+00:00,2025-02-01T04:16:00+03:00,866.0,15.5,17.0,,4,24.04500007629395,31.24000072479248,2,0.0,1,0.0
2025-02-01T01:17:00+00:00,2025-02-01T04:17:00+03:00,877.0,13.5,15.0,,4,24.03000068664551,31.38000011444092,2,0.0,1,0.0
2025-02-01T01:18:00+00:00,2025-02-01T04:18:00+03:00,890.0,12.5,14.0,,4,24.01500034332275,31.41499996185303,2,0.0,1,0.0
2025-02-01T01:19:00+00:00,2025-02-01T04:19:00+03:00,901.5,15.0,15.5,,4,24.0,31.375,2,0.0,1,0.0
2025-02-01T01:20:00+00:00,2025-02-01T04:20:00+03:00,908.0,13.5,15.0,,4,23.96000003814697,31.67499923706055,2,0.0,1,0.0
2025-02-01T01:21:00+00:00,2025-02-01T04:21:00+03:00,918.5,13.0,13.5,,4,23.98999977111816,31.92500019073486,2,0.0,1,0.0
2025-02-01T01:22:00+00:00,2025-02-01T04:22:00+03:00,929.5,12.5,13.5,,4,23.98999977111816,31.91499996185303,2,0.0,1,0.0
2025-02-01T01:23:00+00:00,2025-02-01T04:23:00+03:00,940.5,11.0,12.5,,4,23.97999954223633,32.06999969482422,2,0.0,1,0.0
2025-02-01T01:24:00+00:00,2025-02-01T04:24:00+03:00,953.0,12.0,13.5,,4,24.01500034332275,32.22500038146973,2,0.0,1,0.0
2025-02-01T01:25:00+00:00,2025-02-01T04:25:00+03:00,958.5,14.5,14.5,,4,24.01000022888184,32.30500030517578,1,1.0,1,0.0
2025-02-01T01:26:00+00:00,2025-02-01T04:26:00+03:00,960.0,12.5,15.0,,4,24.01000022888184,32.35999870300293,1,0.0,1,0.0
2025-02-01T01:27:00+00:00,2025-02-01T04:27:00+03:00,971.0,15.5,19.0,,4,24.02500057220459,32.45499992370605,1,0.0,1,0.0
2025-02-01T01:28:00+00:00,2025-02-01T04:28:00+03:00,981.0,20.0,20.0,,4,24.07499980926514,32.34000015258789,1,0.0,1,0.0
2025-02-01T01:29:00+00:00,2025-02-01T04:29:00+03:00,988.0,16.5,19.0,,4,24.02000045776367,32.68499946594238,1,0.0,1,0.0
2025-02-01T01:30:00+00:00,2025-02-01T04:30:00+03:00,1004.5,18.0,20.0,,5,24.01500034332275,32.86499977111816,1,0.0,1,0.0
2025-02-01T01:31:00+00:00,2025-02-01T04:31:00+03:00,1012.0,12.5,15.5,,5,23.97999954223633,32.92999839782715,1,0.0,1,0.0
2025-02-01T01:32:00+00:00,2025-02-01T04:32:00+03:00,1026.5,16.0,18.0,,5,23.97499942779541,32.84500122070312,1,0.0,1,0.0
2025-02-01T01:33:00+00:00,2025-02-01T04:33:00+03:00,1033.5,14.5,15.5,,5,24.02500057220459,32.88500022888184,1,0.0,1,0.0
2025-02-01T01:34:00+00:00,2025-02-01T04:34:00+03:00,1043.5,13.5,15.0,,5,23.98499965667725,32.83500099182129,1,0.0,1,0.0
2025-02-01T01:35:00+00:00,2025-02-01T04:35:00+03:00,1047.5,13.5,13.5,,5,23.98999977111816,32.82000160217285,1,0.0,1,0.0
2025-02-01T01:36:00+00:00,2025-02-01T04:36:00+03:00,1052.0,12.5,12.5,,5,23.97999954223633,32.84500122070312,1,0.0,1,0.0
2025-02-01T01:37:00+00:00,2025-02-01T04:37:00+03:00,1058.0,16.5,17.0,,5,23.97500038146973,32.85500144958496,1,0.0,1,0.0
2025-02-01T01:38:00+00:00,2025-02-01T04:38:00+03:00,1058.0,12.0,14.0,,5,23.96500015258789,32.81500053405762,1,0.0,1,0.0
2025-02-01T01:39:00+00:00,2025-02-01T04:39:00+03:00,1064.5,12.5,13.5,,5,23.94500064849854,32.91499900817871,1,0.0,1,0.0
2025-02-01T01:40:00+00:00,2025-02-01T04:40:00+03:00,1074.0,12.0,14.0,,5,23.96000003814697,32.97999954223633,1,0.0,1,0.0
2025-02-01T01:41:00+00:00,2025-02-01T04:41:00+03:00,1079.5,13.5,15.0,,5,23.97499942779541,33.07500076293945,1,0.0,1,0.0
2025-02-01T01:42:00+00:00,2025-02-01T04:42:00+03:00,1083.0,15.0,15.0,,5,23.91499996185303,33.04999923706055,1,0.0,1,0.0
2025-02-01T01:43:00+00:00,2025-02-01T04:43:00+03:00,1089.5,13.0,14.5,,5,23.93000030517578,33.13999938964844,1,0.0,1,0.0
2025-02-01T01:44:00+00:00,2025-02-01T04:44:00+03:00,1094.0,14.0,15.0,,5,23.92000007629395,33.04500007629395,1,0.0,1,0.0
2025-02-01T01:45:00+00:00,2025-02-01T04:45:00+03:00,1093.5,13.0,14.5,,5,23.91499996185303,32.93499946594238,1,0.0,1,0.0
2025-02-01T01:46:00+00:00,2025-02-01T04:46:00+03:00,1094.5,12.0,12.0,,5,23.88499927520752,33.07999992370605,1,0.0,1,0.0
2025-02-01T01:47:00+00:00,2025-02-01T04:47:00+03:00,1101.5,14.0,16.5,,5,23.88999938964844,33.25500106811523,2,1.0,1,0.0
2025-02-01T01:48:00+00:00,2025-02-01T04:48:00+03:00,1112.5,12.0,13.5,,5,23.93000030517578,33.20999908447266,2,0.0,1,0.0
2025-02-01T01:49:00+00:00,2025-02-01T04:49:00+03:00,1115.0,13.5,14.0,,5,23.92500019073486,33.18999862670898,2,0.0,1,0.0
2025-02-01T01:50:00+00:00,2025-02-01T04:50:00+03:00,1117.5,11.5,12.0,,5,23.94999980926514,33.18500137329102,2,0.0,1,0.0
2025-02-01T01:51:00+00:00,2025-02-01T04:51:00+03:00,1119.0,12.0,12.0,,5,23.93000030517578,33.14499855041504,2,0.0,1,0.0
2025-02-01T01:52:00+00:00,2025-02-01T04:52:00+03:00,1119.0,10.0,11.5,,5,23.92000007629395,33.17000007629395,2,0.0,1,0.0
2025-02-01T01:53:00+00:00,2025-02-01T04:53:00+03:00,1126.5,11.5,11.5,,5,23.94000053405762,33.09499931335449,2,0.0,1,0.0
2025-02-01T01:54:00+00:00,2025-02-01T04:54:00+03:00,1129.0,12.0,13.5,,5,23.94000053405762,33.14999961853027,2,0.0,1,0.0
2025-02-01T01:55:00+00:00,2025-02-01T04:55:00+03:00,1131.0,12.0,12.5,,5,23.9350004196167,33.13500022888184,2,0.0,1,0.0
2025-02-01T01:56:00+00:00,2025-02-01T04:56:00+03:00,1134.0,11.0,12.0,,5,23.92500019073486,33.20499992370605,2,0.0,1,0.0
2025-02-01T01:57:00+00:00,2025-02-01T04:57:00+03:00,1137.5,12.5,14.5,,5,23.90499973297119,33.375,2,0.0,1,0.0
2025-02-01T01:58:00+00:00,2025-02-01T04:58:00+03:00,1145.0,11.5,12.0,,5,23.92000007629395,33.36499977111816,2,0.0,1,0.0
2025-02-01T01:59:00+00:00,2025-02-01T04:59:00+03:00,1151.0,13.0,13.5,,5,23.92000007629395,33.33500099182129,2,0.0,1,0.0
2025-02-01T02:00:00+00:00,2025-02-01T05:00:00+03:00,1151.0,10.0,10.0,,5,23.89999961853027,33.42000007629395,2,0.0,1,0.0
2025-02-01T02:01:00+00:00,2025-02-01T05:01:00+03:00,1154.0,11.5,11.5,,5,23.89999961853027,33.70500183105469,2,0.0,1,0.0
2025-02-01T02:02:00+00:00,2025-02-01T05:02:00+03:00,1169.0,11.5,14.5,,5,23.93000030517578,34.31999969482422,2,0.0,1,0.0
2025-02-01T02:03:00+00:00,2025-02-01T05:03:00+03:00,1170.0,13.0,13.5,,5,23.95499992370605,34.56000137329102,2,0.0,1,0.0
2025-02-01T02:04:00+00:00,2025-02-01T05:04:00+03:00,1167.0,12.0,13.5,,5,23.96500015258789,34.45499992370605,2,0.0,1,0.0
2025-02-01T02:05:00+00:00,2025-02-01T05:05:00+03:00,1166.0,12.0,13.5,,5,23.97999954223633,34.53999900817871,2,0.0,1,0.0
2025-02-01T02:06:00+00:00,2025-02-01T05:06:00+03:00,1185.0,12.0,12.0,,5,23.97499942779541,34.51000022888184,2,0.0,1,0.0
2025-02-01T02:07:00+00:00,2025-02-01T05:07:00+03:00,1204.0,12.5,12.5,,5,23.97999954223633,34.80000114440918,2,0.0,1,0.0
2025-02-01T02:08:00+00:00,2025-02-01T05:08:00+03:00,1222.0,13.5,16.0,,5,23.97999954223633,35.0,2,0.0,1,0.0
2025-02-01T02:09:00+00:00,2025-02-01T05:09:00+03:00,1231.0,13.0,16.0,,5,23.99499988555908,35.04500007629395,2,0.0,1,0.0
2025-02-01T02:10:00+00:00,2025-02-01T05:10:00+03:00,1232.0,14.0,15.5,,5,24.00500011444092,34.85499954223633,2,0.0,1,0.0
2025-02-01T02:11:00+00:00,2025-02-01T05:11:00+03:00,1231.5,12.0,12.5,,5,23.98499965667725,34.96999931335449,2,0.0,1,0.0
2025-02-01T02:12:00+00:00,2025-02-01T05:12:00+03:00,1254.5,11.0,11.5,,6,24.0,35.1299991607666,2,0.0,1,0.0
2025-02-01T02:13:00+00:00,2025-02-01T05:13:00+03:00,1274.5,10.5,12.5,,6,24.03500080108643,35.125,2,0.0,1,0.0
2025-02-01T02:14:00+00:00,2025-02-01T05:14:00+03:00,1284.0,12.0,13.5,,6,24.01000022888184,35.32499885559082,2,0.0,1,0.0
2025-02-01T02:15:00+00:00,2025-02-01T05:15:00+03:00,1287.0,12.5,14.5,,6,24.03000068664551,35.3849983215332,2,0.0,1,0.0
2025-02-01T02:16:00+00:00,2025-02-01T05:16:00+03:00,1285.5,12.5,14.5,,6,24.03499984741211,35.61000061035156,2,0.0,1,0.0
2025-02-01T02:17:00+00:00,2025-02-01T05:17:00+03:00,1276.0,13.5,15.0,,6,24.04000091552734,35.64999961853027,2,0.0,1,0.0
2025-02-01T02:18:00+00:00,2025-02-01T05:18:00+03:00,1270.5,11.5,14.0,,6,24.05999946594238,35.5,2,0.0,1,0.0
2025-02-01T02:19:00+00:00,2025-02-01T05:19:00+03:00,1278.5,13.0,14.5,,6,24.06999969482422,35.61000061035156,2,0.0,1,0.0
2025-02-01T02:20:00+00:00,2025-02-01T05:20:00+03:00,1301.0,12.0,13.0,,6,24.06999969482422,35.65999984741211,2,0.0,1,0.0
2025-02-01T02:21:00+00:00,2025-02-01T05:21:00+03:00,1318.5,13.0,14.0,,6,24.08500003814697,35.73500061035156,2,0.0,1,0.0
2025-02-01T02:22:00+00:00,2025-02-01T05:22:00+03:00,1319.0,12.0,14.5,,6,24.09000015258789,35.77000045776367,2,0.0,1,0.0
2025-02-01T02:23:00+00:00,2025-02-01T05:23:00+03:00,1323.5,12.5,13.5,,6,24.10000038146973,35.84500122070312,2,0.0,1,0.0
2025-02-01T02:24:00+00:00,2025-02-01T05:24:00+03:00,1328.0,13.0,14.0,,6,24.125,35.90000152587891,2,0.0,1,0.0
2025-02-01T02:25:00+00:00,2025-02-01T05:25:00+03:00,1329.5,12.0,12.5,,6,24.11499977111816,35.89999961853027,2,0.0,1,0.0
2025-02-01T02:26:00+00:00,2025-02-01T05:26:00+03:00,1339.0,13.0,14.0,,6,24.13999938964844,36.0,2,0.0,1,0.0
2025-02-01T02:27:00+00:00,2025-02-01T05:27:00+03:00,1351.5,13.5,13.5,,6,24.125,36.05000114440918,2,0.0,1,0.0
2025-02-01T02:28:00+00:00,2025-02-01T05:28:00+03:00,1361.5,13.5,14.0,,6,24.125,36.06499862670898,2,0.0,1,0.0
2025-02-01T02:29:00+00:00,2025-02-01T05:29:00+03:00,1362.5,12.0,13.5,,6,24.09000015258789,36.02000045776367,2,0.0,1,0.0
2025-02-01T02:30:00+00:00,2025-02-01T05:30:00+03:00,1375.0,21.5,23.0,,6,24.08500003814697,35.64499855041504,3,1.0,1,0.0
2025-02-01T02:31:00+00:00,2025-02-01T05:31:00+03:00,1352.0,30.5,33.5,,6,24.17999935150146,34.76000022888184,3,0.1,1,0.0
2025-02-01T02:32:00+00:00,2025-02-01T05:32:00+03:00,1318.5,25.5,28.0,,6,24.28500080108643,35.24499893188477,3,0.1,1,0.0
2025-02-01T02:33:00+00:00,2025-02-01T05:33:00+03:00,1334.5,18.0,20.5,,6,24.31999969482422,35.44999885559082,3,0.1,1,0.0
2025-02-01T02:34:00+00:00,2025-02-01T05:34:00+03:00,1371.5,23.5,25.0,,6,24.28000068664551,35.63000106811523,3,0.1,1,0.0
2025-02-01T02:35:00+00:00,2025-02-01T05:35:00+03:00,1380.5,24.0,26.0,,6,24.29000091552734,35.86000061035156,3,0.1,1,0.0
2025-02-01T02:36:00+00:00,2025-02-01T05:36:00+03:00,1361.0,25.0,28.5,,6,24.26000022888184,35.89999961853027,3,0.1,1,0.0
2025-02-01T02:37:00+00:00,2025-02-01T05:37:00+03:00,1350.0,24.0,24.0,,6,24.26000022888184,35.98000144958496,3,0.1,1,0.0
2025-02-01T02:38:00+00:00,2025-02-01T05:38:00+03:00,1355.5,22.0,25.5,,6,24.23499965667725,35.95499992370605,3,0.1,1,0.0
2025-02-01T02:39:00+00:00,2025-02-01T05:39:00+03:00,1362.0,21.0,21.0,,6,24.22999954223633,36.11499977111816,3,0.1,1,0.0
2025-02-01T02:40:00+00:00,2025-02-01T05:40:00+03:00,1389.5,22.5,25.0,,6,24.23499965667725,36.16999816894531,3,0.1,1,0.0
2025-02-01T02:41:00+00:00,2025-02-01T05:41:00+03:00,1387.5,23.5,25.5,,6,24.25500011444092,36.07499885559082,3,0.1,1,0.0
2025-02-01T02:42:00+00:00,2025-02-01T05:42:00+03:00,1374.5,23.0,25.0,,6,24.23999977111816,36.23999977111816,3,0.1,1,0.0
2025-02-01T02:43:00+00:00,2025-02-01T05:43:00+03:00,1391.5,20.5,21.0,,6,24.25500011444092,36.20999908447266,3,0.1,1,0.0
2025-02-01T02:44:00+00:00,2025-02-01T05:44:00+03:00,1403.0,22.0,24.0,,6,24.25500011444092,36.38999938964844,3,0.3,1,0.0
2025-02-01T02:45:00+00:00,2025-02-01T05:45:00+03:00,1408.0,22.5,25.0,,6,24.25500011444092,36.66499900817871,3,0.3,1,0.0
2025-02-01T02:46:00+00:00,2025-02-01T05:46:00+03:00,1408.0,25.0,27.0,,6,24.28000068664551,36.55500030517578,3,0.3,1,0.0
2025-02-01T02:47:00+00:00,2025-02-01T05:47:00+03:00,1391.5,23.5,26.5,,6,24.28000068664551,36.57999992370605,3,0.1,1,0.0
2025-02-01T02:48:00+00:00,2025-02-01T05:48:00+03:00,1378.5,22.0,22.5,,6,24.27000045776367,36.7400016784668,3,0.1,1,0.0
2025-02-01T02:49:00+00:00,2025-02-01T05:49:00+03:00,1372.5,24.0,25.0,,6,24.28000068664551,36.64999961853027,3,0.1,1,0.0
2025-02-01T02:50:00+00:00,2025-02-01T05:50:00+03:00,1369.0,25.0,31.0,,6,24.30499935150146,36.67000007629395,3,0.1,1,0.0
2025-02-01T02:51:00+00:00,2025-02-01T05:51:00+03:00,1368.0,25.5,25.5,,6,24.31999969482422,36.47999954223633,3,0.1,1,0.0
2025-02-01T02:52:00+00:00,2025-02-01T05:52:00+03:00,1375.5,24.5,26.5,,6,24.31999969482422,36.56500053405762,3,0.1,1,0.0
2025-02-01T02:53:00+00:00,2025-02-01T05:53:00+03:00,1395.0,24.0,26.5,,6,24.32499980926514,36.68499946594238,3,0.1,1,0.0
2025-02-01T02:54:00+00:00,2025-02-01T05:54:00+03:00,1401.0,24.5,24.5,,6,24.32999992370605,36.50500106811523,3,0.1,1,0.0
2025-02-01T02:55:00+00:00,2025-02-01T05:55:00+03:00,1395.5,25.0,26.0,,6,24.32999992370605,36.54999923706055,3,0.1,1,0.0
2025-02-01T02:56:00+00:00,2025-02-01T05:56:00+03:00,1396.5,26.5,28.0,,6,24.34500026702881,36.65499877929688,3,0.1,1,0.0
2025-02-01T02:57:00+00:00,2025-02-01T05:57:00+03:00,1401.5,23.0,26.5,,6,24.38500022888184,36.875,3,0.1,1,0.0
2025-02-01T02:58:00+00:00,2025-02-01T05:58:00+03:00,1415.5,22.0,24.0,,6,24.375,36.68500137329102,3,0.1,1,0.0
2025-02-01T02:59:00+00:00,2025-02-01T05:59:00+03:00,1434.0,21.5,23.0,,6,24.39999961853027,36.95499992370605,3,0.1,1,0.0
2025-02-01T03:00:00+00:00,2025-02-01T06:00:00+03:00,1457.0,23.5,24.5,,6,24.42500019073486,36.77499961853027,3,0.1,1,0.0
2025-02-01T03:01:00+00:00,2025-02-01T06:01:00+03:00,1467.0,22.5,24.0,,6,24.41499996185303,36.83500099182129,3,0.1,1,0.0
2025-02-01T03:02:00+00:00,2025-02-01T06:02:00+03:00,1467.0,24.0,26.5,,6,24.4350004196167,36.39499855041504,3,0.1,1,0.0
2025-02-01T03:03:00+00:00,2025-02-01T06:03:00+03:00,1463.5,25.0,26.0,,6,24.47499942779541,36.36000061035156,3,0.1,1,0.0
2025-02-01T03:04:00+00:00,2025-02-01T06:04:00+03:00,1463.0,23.0,26.0,,6,24.50500011444092,36.30500030517578,3,0.1,1,0.0
2025-02-01T03:05:00+00:00,2025-02-01T06:05:00+03:00,1475.5,22.0,25.0,,6,24.47999954223633,37.05999946594238,3,0.1,1,0.0
2025-02-01T03:06:00+00:00,2025-02-01T06:06:00+03:00,1482.0,21.0,24.0,,6,24.49499988555908,36.90000152587891,3,0.1,1,0.0
2025-02-01T03:07:00+00:00,2025-02-01T06:07:00+03:00,1473.5,21.0,23.5,,6,24.48499965667725,36.59500122070312,3,0.1,1,0.0
2025-02-01T03:08:00+00:00,2025-02-01T06:08:00+03:00,1466.0,17.5,19.0,,6,24.49499988555908,35.80500030517578,3,0.1,1,0.0
2025-02-01T03:09:00+00:00,2025-02-01T06:09:00+03:00,1470.5,19.5,20.0,,6,24.54500007629395,35.81499862670898,3,0.1,1,0.0
2025-02-01T03:10:00+00:00,2025-02-01T06:10:00+03:00,1478.0,17.0,19.0,,6,24.54500007629395,36.22499847412109,3,0.1,1,0.0
2025-02-01T03:11:00+00:00,2025-02-01T06:11:00+03:00,1485.0,18.0,21.0,,6,24.51500034332275,37.0,3,0.1,1,0.0
2025-02-01T03:12:00+00:00,2025-02-01T06:12:00+03:00,1518.5,18.5,20.0,,7,24.45499992370605,37.80500030517578,3,0.1,1,0.0
2025-02-01T03:13:00+00:00,2025-02-01T06:13:00+03:00,1574.5,22.0,23.5,,7,24.39999961853027,37.44499969482422,3,0.1,1,0.0
2025-02-01T03:14:00+00:00,2025-02-01T06:14:00+03:00,1556.0,28.0,29.5,,7,24.4399995803833,36.78000068664551,3,0.1,1,0.0
2025-02-01T03:15:00+00:00,2025-02-01T06:15:00+03:00,1559.0,37.5,43.0,,7,24.47499942779541,36.875,3,0.1,1,0.0
2025-02-01T03:16:00+00:00,2025-02-01T06:16:00+03:00,1560.5,42.0,45.0,,7,24.47499942779541,36.98999977111816,3,0.1,1,0.0
2025-02-01T03:17:00+00:00,2025-02-01T06:17:00+03:00,1566.0,32.5,34.0,,7,24.49499988555908,36.84000015258789,3,0.1,1,0.0
2025-02-01T03:18:00+00:00,2025-02-01T06:18:00+03:00,1567.5,25.5,29.5,,7,24.48499965667725,36.72999954223633,3,0.1,1,0.0
2025-02-01T03:19:00+00:00,2025-02-01T06:19:00+03:00,1577.0,21.5,24.0,,7,24.5,36.89999961853027,3,0.1,1,0.0
2025-02-01T03:20:00+00:00,2025-02-01T06:20:00+03:00,1586.5,22.0,24.0,,7,24.46999931335449,37.06999969482422,3,0.1,1,0.0
2025-02-01T03:21:00+00:00,2025-02-01T06:21:00+03:00,1583.0,25.5,27.5,,7,24.46499919891357,37.1200008392334,3,0.1,1,0.0
2025-02-01T03:22:00+00:00,2025-02-01T06:22:00+03:00,1584.0,25.5,28.5,,7,24.47999954223633,37.17499923706055,3,0.1,1,0.0
2025-02-01T03:23:00+00:00,2025-02-01T06:23:00+03:00,1580.0,25.5,27.0,,7,24.47999954223633,37.16500091552734,3,0.1,1,0.0
2025-02-01T03:24:00+00:00,2025-02-01T06:24:00+03:00,1576.0,25.5,29.0,,7,24.48999977111816,37.06500053405762,3,0.1,1,0.0
2025-02-01T03:25:00+00:00,2025-02-01T06:25:00+03:00,1596.5,19.5,21.5,,7,24.4399995803833,36.35499954223633,3,0.1,1,0.0
2025-02-01T03:26:00+00:00,2025-02-01T06:26:00+03:00,1540.0,15.0,16.5,,7,23.89999961853027,34.09000015258789,3,0.1,1,0.0
2025-02-01T03:27:00+00:00,2025-02-01T06:27:00+03:00,1339.0,12.5,13.5,,6,23.50500011444092,33.21500015258789,3,1.0,1,0.2
2025-02-01T03:28:00+00:00,2025-02-01T06:28:00+03:00,1205.5,13.0,14.0,,5,23.10999965667725,32.83499908447266,3,1.0,1,0.2
2025-02-01T03:29:00+00:00,2025-02-01T06:29:00+03:00,1091.5,15.5,17.0,,5,22.70499992370605,31.99499988555908,3,1.0,1,0.2
2025-02-01T03:30:00+00:00,2025-02-01T06:30:00+03:00,875.0,11.0,12.0,,4,22.08500003814697,29.96500015258789,3,1.0,1,0.2
2025-02-01T03:31:00+00:00,2025-02-01T06:31:00+03:00,697.5,12.0,12.5,,3,21.48000049591064,29.89999961853027,3,0.0,1,0.2
2025-02-01T03:32:00+00:00,2025-02-01T06:32:00+03:00,661.0,12.5,13.5,,3,21.34500026702881,30.75999927520752,3,0.0,1,0.2
2025-02-01T03:33:00+00:00,2025-02-01T06:33:00+03:00,666.5,10.5,11.5,,3,21.13000011444092,30.27499961853027,3,0.0,1,0.2
2025-02-01T03:34:00+00:00,2025-02-01T06:34:00+03:00,646.0,11.0,12.0,,3,20.91000080108643,30.28500080108643,2,1.0,1,0.2
2025-02-01T03:35:00+00:00,2025-02-01T06:35:00+03:00,629.5,9.5,10.5,,3,20.83500003814697,30.68499946594238,2,0.0,1,0.2
2025-02-01T03:36:00+00:00,2025-02-01T06:36:00+03:00,635.5,11.5,14.5,,3,20.88000011444092,31.27999973297119,2,0.0,1,0.2
2025-02-01T03:37:00+00:00,2025-02-01T06:37:00+03:00,658.0,11.0,11.0,,3,20.96499919891357,31.55999946594238,2,0.0,1,0.2
2025-02-01T03:38:00+00:00,2025-02-01T06:38:00+03:00,676.0,10.5,11.0,,3,21.02999973297119,31.44000053405762,2,0.0,1,0.2
2025-02-01T03:39:00+00:00,2025-02-01T06:39:00+03:00,670.0,10.0,10.5,,3,21.02000045776367,31.39000034332275,2,0.0,1,0.2
2025-02-01T03:40:00+00:00,2025-02-01T06:40:00+03:00,657.5,10.0,11.5,,3,20.96499919891357,30.80500030517578,2,0.0,1,0.2
2025-02-01T03:41:00+00:00,2025-02-01T06:41:00+03:00,634.0,9.0,9.0,,3,20.84499931335449,30.54999923706055,2,0.0,1,0.2
2025-02-01T03:42:00+00:00,2025-02-01T06:42:00+03:00,602.0,9.5,10.0,,3,20.71000003814697,30.44000053405762,2,0.0,1,0.2
2025-02-01T03:43:00+00:00,2025-02-01T06:43:00+03:00,575.0,8.0,8.5,,2,20.38999938964844,30.05000019073486,2,0.0,1,0.2
2025-02-01T03:44:00+00:00,2025-02-01T06:44:00+03:00,553.0,8.0,8.0,,2,20.29500007629395,30.65000057220459,2,0.0,1,0.2
2025-02-01T03:45:00+00:00,2025-02-01T06:45:00+03:00,567.0,8.0,11.0,,2,20.375,30.84999942779541,2,0.0,1,0.2
2025-02-01T03:46:00+00:00,2025-02-01T06:46:00+03:00,577.0,9.0,10.0,,2,20.44999980926514,30.67500019073486,2,0.0,1,0.2
2025-02-01T03:47:00+00:00,2025-02-01T06:47:00+03:00,576.5,8.0,8.0,,2,20.4399995803833,30.50500011444092,2,0.0,1,0.2
2025-02-01T03:48:00+00:00,2025-02-01T06:48:00+03:00,565.0,7.5,7.5,,2,20.3799991607666,30.38500022888184,2,0.0,1,0.2
2025-02-01T03:49:00+00:00,2025-02-01T06:49:00+03:00,556.5,7.0,8.5,,2,20.3149995803833,30.38999938964844,2,0.0,1,0.2
2025-02-01T03:50:00+00:00,2025-02-01T06:50:00+03:00,549.0,7.5,9.0,,2,20.21000003814697,30.40500068664551,2,0.0,1,0.2
2025-02-01T03:51:00+00:00,2025-02-01T06:51:00+03:00,528.5,8.0,9.0,,2,20.02999973297119,30.24499988555908,2,0.0,1,0.2
2025-02-01T03:52:00+00:00,2025-02-01T06:52:00+03:00,512.5,8.5,11.0,,2,19.98999977111816,30.39000034332275,2,0.0,1,0.2
2025-02-01T03:53:00+00:00,2025-02-01T06:53:00+03:00,515.0,9.0,9.5,,2,20.0,30.6200008392334,2,0.0,1,0.2
2025-02-01T03:54:00+00:00,2025-02-01T06:54:00+03:00,517.0,7.5,7.5,,2,20.00500011444092,30.47499942779541,2,0.0,1,0.2
2025-02-01T03:55:00+00:00,2025-02-01T06:55:00+03:00,510.5,6.5,6.5,,2,19.88999938964844,30.32000064849854,2,0.0,1,0.2
2025-02-01T03:56:00+00:00,2025-02-01T06:56:00+03:00,496.5,6.5,8.5,,1,19.8799991607666,30.30500030517578,2,0.0,1,0.2
2025-02-01T03:57:00+00:00,2025-02-01T06:57:00+03:00,484.0,8.5,8.5,,2,19.96000003814697,30.60000038146973,2,0.0,1,0.2
2025-02-01T03:58:00+00:00,2025-02-01T06:58:00+03:00,485.5,7.5,9.0,,2,20.01000022888184,30.59999942779541,2,0.0,1,0.2
2025-02-01T03:59:00+00:00,2025-02-01T06:59:00+03:00,486.0,8.0,8.0,,2,20.01000022888184,30.58500003814697,2,0.0,1,0.2
2025-02-01T04:00:00+00:00,2025-02-01T07:00:00+03:00,485.5,6.5,7.5,,1,20.03000068664551,30.54999923706055,2,0.0,1,0.2
2025-02-01T04:01:00+00:00,2025-02-01T07:01:00+03:00,483.0,6.5,7.0,,1,20.04500007629395,30.4399995803833,2,0.0,1,0.2
2025-02-01T04:02:00+00:00,2025-02-01T07:02:00+03:00,478.0,7.0,8.0,,1,20.0,30.10500049591064,2,0.0,1,0.2
2025-02-01T04:03:00+00:00,2025-02-01T07:03:00+03:00,466.0,7.0,7.0,,1,19.75500011444092,29.89000034332275,2,0.0,1,0.0
2025-02-01T04:04:00+00:00,2025-02-01T07:04:00+03:00,456.0,7.0,7.5,,1,19.59000015258789,30.08500003814697,2,0.0,1,0.0
2025-02-01T04:05:00+00:00,2025-02-01T07:05:00+03:00,453.5,8.0,10.0,,2,19.625,30.52499961853027,2,0.0,1,0.0
2025-02-01T04:06:00+00:00,2025-02-01T07:06:00+03:00,460.5,7.0,7.0,,1,19.70000076293945,30.66499996185303,2,0.0,1,0.0
2025-02-01T04:07:00+00:00,2025-02-01T07:07:00+03:00,465.5,6.5,7.5,,1,19.75999927520752,30.81500053405762,2,0.0,1,0.0
2025-02-01T04:08:00+00:00,2025-02-01T07:08:00+03:00,472.5,8.0,8.0,,2,19.82999992370605,30.77499961853027,2,0.0,1,0.0
2025-02-01T04:09:00+00:00,2025-02-01T07:09:00+03:00,475.0,6.5,7.5,,1,19.89000034332275,30.79500007629395,2,0.0,1,0.0
2025-02-01T04:10:00+00:00,2025-02-01T07:10:00+03:00,478.5,8.0,8.5,,2,19.90999984741211,30.59000015258789,2,0.0,1,0.0
2025-02-01T04:11:00+00:00,2025-02-01T07:11:00+03:00,479.0,7.5,7.5,,2,19.86999988555908,30.72500038146973,2,0.0,1,0.0
2025-02-01T04:12:00+00:00,2025-02-01T07:12:00+03:00,480.5,6.0,8.0,,1,19.94500064849854,30.90499973297119,2,0.0,1,0.0
2025-02-01T04:13:00+00:00,2025-02-01T07:13:00+03:00,496.5,7.0,7.0,,1,20.375,31.91999912261963,2,0.0,1,0.0
2025-02-01T04:14:00+00:00,2025-02-01T07:14:00+03:00,525.5,8.0,9.0,,2,20.72000026702881,32.21999931335449,2,0.0,1,0.0
2025-02-01T04:15:00+00:00,2025-02-01T07:15:00+03:00,560.0,5.5,6.0,,2,21.06999969482422,32.16499900817871,2,0.0,1,0.0
2025-02-01T04:16:00+00:00,2025-02-01T07:16:00+03:00,578.5,6.0,6.0,,2,21.28999996185303,32.15499877929688,2,0.0,1,0.0
2025-02-01T04:17:00+00:00,2025-02-01T07:17:00+03:00,596.5,5.5,6.0,,2,21.51999950408936,32.06999969482422,3,1.0,1,0.0
2025-02-01T04:18:00+00:00,2025-02-01T07:18:00+03:00,610.0,5.5,5.5,,3,21.68499946594238,32.0049991607666,3,0.0,1,0.0
2025-02-01T04:19:00+00:00,2025-02-01T07:19:00+03:00,619.5,7.0,8.5,,3,21.84000015258789,31.96999931335449,3,0.0,1,0.0
2025-02-01T04:20:00+00:00,2025-02-01T07:20:00+03:00,626.0,6.0,6.0,,3,21.97000026702881,32.02000045776367,3,0.0,1,0.0
2025-02-01T04:21:00+00:00,2025-02-01T07:21:00+03:00,636.5,4.5,4.5,,3,22.07999992370605,32.04500007629395,3,0.0,1,0.0
2025-02-01T04:22:00+00:00,2025-02-01T07:22:00+03:00,643.0,4.0,4.5,,3,22.15500068664551,32.10499954223633,3,0.0,1,0.0
2025-02-01T04:23:00+00:00,2025-02-01T07:23:00+03:00,657.5,5.0,5.0,,3,22.25,32.21000099182129,3,0.0,1,0.0
2025-02-01T04:24:00+00:00,2025-02-01T07:24:00+03:00,679.0,4.5,7.0,,3,22.34000015258789,32.30000114440918,3,0.0,1,0.0
2025-02-01T04:25:00+00:00,2025-02-01T07:25:00+03:00,695.5,4.5,5.0,,3,22.40999984741211,32.39999961853027,3,0.0,1,0.0
2025-02-01T04:26:00+00:00,2025-02-01T07:26:00+03:00,714.0,5.0,5.0,,3,22.47000026702881,32.42500114440918,3,0.0,1,0.0
2025-02-01T04:27:00+00:00,2025-02-01T07:27:00+03:00,731.0,4.5,5.0,,3,22.52999973297119,32.55999946594238,3,0.0,1,0.0
2025-02-01T04:28:00+00:00,2025-02-01T07:28:00+03:00,744.5,4.5,5.5,,3,22.59000015258789,32.67499923706055,3,0.0,1,0.0
2025-02-01T04:29:00+00:00,2025-02-01T07:29:00+03:00,762.0,5.0,6.5,,3,22.61999988555908,32.78499984741211,3,0.0,1,0.0
2025-02-01T04:30:00+00:00,2025-02-01T07:30:00+03:00,772.0,5.5,5.5,,3,22.64999961853027,32.8700008392334,3,0.0,1,0.0
2025-02-01T04:31:00+00:00,2025-02-01T07:31:00+03:00,784.0,5.0,5.0,,3,22.69999980926514,33.00500106811523,3,0.0,1,0.0
2025-02-01T04:32:00+00:00,2025-02-01T07:32:00+03:00,797.0,5.5,5.5,,3,22.70499992370605,33.0,3,0.0,1,0.0
2025-02-01T04:33:00+00:00,2025-02-01T07:33:00+03:00,806.5,6.0,6.0,,4,22.77000045776367,33.11999893188477,3,0.0,1,0.0
2025-02-01T04:34:00+00:00,2025-02-01T07:34:00+03:00,815.0,5.0,6.0,,4,22.78000068664551,33.13999938964844,3,0.0,1,0.0
2025-02-01T04:35:00+00:00,2025-02-01T07:35:00+03:00,826.5,4.0,5.5,,4,22.81999969482422,33.30000114440918,3,0.0,1,0.0
2025-02-01T04:36:00+00:00,2025-02-01T07:36:00+03:00,836.5,4.5,4.5,,4,22.85000038146973,33.38999938964844,3,0.0,1,0.0
2025-02-01T04:37:00+00:00,2025-02-01T07:37:00+03:00,849.0,5.0,6.0,,4,22.91499996185303,33.55500030517578,3,0.0,1,0.0
2025-02-01T04:38:00+00:00,2025-02-01T07:38:00+03:00,867.5,3.5,4.0,,4,22.96500015258789,33.66500091552734,3,0.0,1,0.0
2025-02-01T04:39:00+00:00,2025-02-01T07:39:00+03:00,887.5,4.5,5.0,,4,22.97499942779541,33.77000045776367,3,0.0,1,0.0
2025-02-01T04:40:00+00:00,2025-02-01T07:40:00+03:00,898.5,4.5,5.0,,4,23.02500057220459,33.88999938964844,3,0.0,1,0.0
2025-02-01T04:41:00+00:00,2025-02-01T07:41:00+03:00,905.0,3.5,4.5,,4,23.0600004196167,34.07999992370605,3,0.0,1,0.0
2025-02-01T04:42:00+00:00,2025-02-01T07:42:00+03:00,926.0,4.5,4.5,,4,23.07999992370605,34.20999908447266,3,0.0,1,0.0
2025-02-01T04:43:00+00:00,2025-02-01T07:43:00+03:00,942.5,3.5,3.5,,4,23.10500049591064,34.31999969482422,3,0.0,1,0.0
2025-02-01T04:44:00+00:00,2025-02-01T07:44:00+03:00,955.5,4.5,5.0,,4,23.13500022888184,34.40499877929688,3,0.0,1,0.0
2025-02-01T04:45:00+00:00,2025-02-01T07:45:00+03:00,970.0,4.5,5.5,,4,23.1850004196167,34.54999923706055,3,0.0,1,0.0
2025-02-01T04:46:00+00:00,2025-02-01T07:46:00+03:00,981.0,3.5,3.5,,4,23.19000053405762,34.68499946594238,3,0.0,1,0.0
2025-02-01T04:47:00+00:00,2025-02-01T07:47:00+03:00,997.5,3.0,3.5,,4,23.20999908447266,34.72000122070312,3,0.0,1,0.0
2025-02-01T04:48:00+00:00,2025-02-01T07:48:00+03:00,1002.0,4.5,6.0,,5,23.23499965667725,34.72500038146973,3,0.0,1,0.0
2025-02-01T04:49:00+00:00,2025-02-01T07:49:00+03:00,1007.0,3.5,3.5,,5,23.26500034332275,34.97500038146973,3,0.0,1,0.0
2025-02-01T04:50:00+00:00,2025-02-01T07:50:00+03:00,1025.5,5.0,5.0,,5,23.29000091552734,35.15500068664551,3,0.0,1,0.0
2025-02-01T04:51:00+00:00,2025-02-01T07:51:00+03:00,1039.5,3.5,5.0,,5,23.30999946594238,35.21999931335449,3,0.0,1,0.0
2025-02-01T04:52:00+00:00,2025-02-01T07:52:00+03:00,1046.5,3.5,5.0,,5,23.3149995803833,35.2400016784668,3,0.0,1,0.0
2025-02-01T04:53:00+00:00,2025-02-01T07:53:00+03:00,1052.5,4.0,5.5,,5,23.36500072479248,35.47999954223633,3,0.0,1,0.0
2025-02-01T04:54:00+00:00,2025-02-01T07:54:00+03:00,1068.0,3.5,3.5,,5,23.3799991607666,35.70999908447266,3,0.0,1,0.0
2025-02-01T04:55:00+00:00,2025-02-01T07:55:00+03:00,1090.0,4.0,5.0,,5,23.42000007629395,36.11499977111816,3,0.0,1,0.0
2025-02-01T04:56:00+00:00,2025-02-01T07:56:00+03:00,1108.0,4.0,4.0,,5,23.44499969482422,36.16500091552734,3,0.0,1,0.0
2025-02-01T04:57:00+00:00,2025-02-01T07:57:00+03:00,1120.5,3.5,3.5,,5,23.44499969482422,36.13999938964844,3,0.0,1,0.0
2025-02-01T04:58:00+00:00,2025-02-01T07:58:00+03:00,1131.0,3.0,4.0,,5,23.45000076293945,36.07500076293945,3,0.0,1,0.0
2025-02-01T04:59:00+00:00,2025-02-01T07:59:00+03:00,1140.0,4.0,4.0,,5,23.47499942779541,36.29500007629395,3,0.0,1,0.0
2025-02-01T05:00:00+00:00,2025-02-01T08:00:00+03:00,1155.5,3.5,3.5,,5,23.48999977111816,36.5049991607666,3,0.0,1,0.0
2025-02-01T05:01:00+00:00,2025-02-01T08:01:00+03:00,1171.5,3.5,3.5,,5,23.51000022888184,36.59999847412109,3,0.0,1,0.0
2025-02-01T05:02:00+00:00,2025-02-01T08:02:00+03:00,1180.5,3.0,3.0,,5,23.52999973297119,36.69000053405762,3,0.0,1,0.0
2025-02-01T05:03:00+00:00,2025-02-01T08:03:00+03:00,1185.5,3.5,4.0,,5,23.54500007629395,36.90499877929688,3,0.0,1,0.0
2025-02-01T05:04:00+00:00,2025-02-01T08:04:00+03:00,1203.5,4.0,4.0,,5,23.54000091552734,37.10000038146973,3,0.0,1,0.0
2025-02-01T05:05:00+00:00,2025-02-01T08:05:00+03:00,1220.5,4.0,4.5,,5,23.54999923706055,37.21500015258789,3,0.0,1,0.0
2025-02-01T05:06:00+00:00,2025-02-01T08:06:00+03:00,1231.5,3.0,3.5,,5,23.60500049591064,37.2450008392334,3,0.0,1,0.0
2025-02-01T05:07:00+00:00,2025-02-01T08:07:00+03:00,1245.0,4.0,4.0,,5,23.61000061035156,37.31500053405762,3,0.0,1,0.0
2025-02-01T05:08:00+00:00,2025-02-01T08:08:00+03:00,1262.5,4.5,4.5,,6,23.6200008392334,37.43999862670898,3,0.0,1,0.0
2025-02-01T05:09:00+00:00,2025-02-01T08:09:00+03:00,1271.0,3.0,3.0,,6,23.65499973297119,37.60000038146973,3,0.0,1,0.0
2025-02-01T05:10:00+00:00,2025-02-01T08:10:00+03:00,1273.5,4.0,4.5,,6,23.63999938964844,37.3849983215332,3,0.0,1,0.0
2025-02-01T05:11:00+00:00,2025-02-01T08:11:00+03:00,1272.5,4.5,4.5,,6,23.65999984741211,37.71000099182129,3,0.0,1,0.0
2025-02-01T05:12:00+00:00,2025-02-01T08:12:00+03:00,1282.0,4.0,4.0,,6,23.69000053405762,37.75,3,0.0,1,0.0
2025-02-01T05:13:00+00:00,2025-02-01T08:13:00+03:00,1290.0,2.5,3.0,,6,23.70499992370605,37.7450008392334,3,0.0,1,0.0
2025-02-01T05:14:00+00:00,2025-02-01T08:14:00+03:00,1297.0,3.0,3.0,,6,23.72499942779541,37.78499984741211,3,0.0,1,0.0
2025-02-01T05:15:00+00:00,2025-02-01T08:15:00+03:00,1325.5,3.5,4.5,,6,23.73999977111816,37.79999923706055,3,0.0,1,0.0
2025-02-01T05:16:00+00:00,2025-02-01T08:16:00+03:00,1345.0,4.0,4.0,,6,23.74499988555908,37.875,3,0.0,1,0.0
2025-02-01T05:17:00+00:00,2025-02-01T08:17:00+03:00,1343.0,4.0,4.0,,6,23.78000068664551,37.94499969482422,3,0.0,1,0.0
2025-02-01T05:18:00+00:00,2025-02-01T08:18:00+03:00,1328.5,3.5,4.0,,6,23.79500007629395,38.0049991607666,3,0.0,1,0.0
2025-02-01T05:19:00+00:00,2025-02-01T08:19:00+03:00,1333.0,4.0,4.0,,6,23.78500080108643,38.03000068664551,3,0.0,1,0.0
2025-02-01T05:20:00+00:00,2025-02-01T08:20:00+03:00,1349.0,4.0,4.0,,6,23.79999923706055,38.10999870300293,3,0.0,1,0.0
2025-02-01T05:21:00+00:00,2025-02-01T08:21:00+03:00,1361.0,3.0,3.5,,6,23.8149995803833,38.02500152587891,3,0.0,1,0.0
2025-02-01T05:22:00+00:00,2025-02-01T08:22:00+03:00,1374.5,3.5,3.5,,6,23.8149995803833,38.11999893188477,3,0.0,1,0.0
2025-02-01T05:23:00+00:00,2025-02-01T08:23:00+03:00,1386.5,4.0,4.0,,6,23.86000061035156,38.1299991607666,3,0.0,1,0.0
2025-02-01T05:24:00+00:00,2025-02-01T08:24:00+03:00,1405.0,3.0,3.5,,6,23.84500026702881,38.20499992370605,3,0.0,1,0.0
2025-02-01T05:25:00+00:00,2025-02-01T08:25:00+03:00,1418.5,4.5,5.5,,6,23.86499977111816,38.34499931335449,3,0.0,1,0.0
2025-02-01T05:26:00+00:00,2025-02-01T08:26:00+03:00,1428.5,3.5,4.0,,6,23.86999988555908,38.53999900817871,3,0.0,1,0.0
2025-02-01T05:27:00+00:00,2025-02-01T08:27:00+03:00,1439.5,4.0,4.0,,6,23.85000038146973,38.65499877929688,3,0.0,1,0.0
2025-02-01T05:28:00+00:00,2025-02-01T08:28:00+03:00,1418.5,3.5,3.5,,6,23.875,38.69999885559082,2,1.0,1,0.0
2025-02-01T05:29:00+00:00,2025-02-01T08:29:00+03:00,1435.5,3.0,3.0,,6,23.91499996185303,38.69999885559082,2,0.0,1,0.0
2025-02-01T05:30:00+00:00,2025-02-01T08:30:00+03:00,1423.5,3.0,3.5,,6,24.02000045776367,37.64499855041504,2,0.0,1,0.0
2025-02-01T05:31:00+00:00,2025-02-01T08:31:00+03:00,1386.0,4.0,4.0,,6,24.0,38.15000152587891,2,0.0,1,0.0
2025-02-01T05:32:00+00:00,2025-02-01T08:32:00+03:00,1417.0,4.0,4.5,,6,23.97499942779541,38.29500007629395,2,0.0,1,0.0
2025-02-01T05:33:00+00:00,2025-02-01T08:33:00+03:00,1477.0,3.0,4.0,,6,23.94000053405762,38.55000114440918,2,0.0,1,0.0
2025-02-01T05:34:00+00:00,2025-02-01T08:34:00+03:00,1510.5,4.0,4.0,,7,23.94999980926514,38.64500045776367,2,0.0,1,0.0
2025-02-01T05:35:00+00:00,2025-02-01T08:35:00+03:00,1520.5,4.5,4.5,,7,23.94000053405762,38.78000068664551,2,0.0,1,0.0
2025-02-01T05:36:00+00:00,2025-02-01T08:36:00+03:00,1527.0,4.5,5.0,,7,23.89999961853027,38.82500076293945,2,0.0,1,0.0
2025-02-01T05:37:00+00:00,2025-02-01T08:37:00+03:00,1539.0,3.5,3.5,,7,23.92999935150146,38.88999938964844,2,0.0,1,0.0
2025-02-01T05:38:00+00:00,2025-02-01T08:38:00+03:00,1548.0,3.5,4.5,,7,23.9350004196167,38.96499824523926,2,0.0,1,0.0
2025-02-01T05:39:00+00:00,2025-02-01T08:39:00+03:00,1550.5,3.0,4.5,,7,23.94499969482422,39.04000091552734,2,0.0,1,0.0
2025-02-01T05:40:00+00:00,2025-02-01T08:40:00+03:00,1552.5,3.5,3.5,,7,23.94499969482422,39.09000015258789,2,0.0,1,0.0
2025-02-01T05:41:00+00:00,2025-02-01T08:41:00+03:00,1552.5,3.0,4.5,,7,23.96000003814697,39.15499877929688,2,0.0,1,0.0
2025-02-01T05:42:00+00:00,2025-02-01T08:42:00+03:00,1553.0,2.5,4.0,,7,23.96999931335449,39.18000030517578,2,0.0,1,0.0
2025-02-01T05:43:00+00:00,2025-02-01T08:43:00+03:00,1561.0,3.0,3.0,,7,23.96499919891357,39.30500030517578,2,0.0,1,0.0
2025-02-01T05:44:00+00:00,2025-02-01T08:44:00+03:00,1581.0,3.0,3.0,,7,23.97499942779541,39.35500144958496,2,0.0,1,0.0
2025-02-01T05:45:00+00:00,2025-02-01T08:45:00+03:00,1576.5,2.5,2.5,,7,23.96999931335449,39.40999984741211,2,0.0,1,0.0
2025-02-01T05:46:00+00:00,2025-02-01T08:46:00+03:00,1576.5,3.5,3.5,,7,23.98999977111816,39.40999984741211,2,0.0,1,0.0
2025-02-01T05:47:00+00:00,2025-02-01T08:47:00+03:00,1570.5,2.5,4.0,,7,24.0,39.35499954223633,2,0.0,1,0.0
2025-02-01T05:48:00+00:00,2025-02-01T08:48:00+03:00,1585.5,2.5,2.5,,7,23.98499965667725,39.3849983215332,2,0.0,1,0.0
2025-02-01T05:49:00+00:00,2025-02-01T08:49:00+03:00,1610.5,4.0,4.0,,7,23.97999954223633,39.44499969482422,2,0.0,1,0.0
2025-02-01T05:50:00+00:00,2025-02-01T08:50:00+03:00,1625.0,2.5,2.5,,7,23.97499942779541,39.48999977111816,2,0.0,1,0.0
2025-02-01T05:51:00+00:00,2025-02-01T08:51:00+03:00,1623.0,2.5,4.0,,7,24.01500034332275,39.48999977111816,2,0.0,1,0.0
2025-02-01T05:52:00+00:00,2025-02-01T08:52:00+03:00,1625.5,3.0,3.0,,7,24.02000045776367,39.48999977111816,2,0.0,1,0.0
2025-02-01T05:53:00+00:00,2025-02-01T08:53:00+03:00,1623.5,3.0,3.5,,7,24.02000045776367,39.52000045776367,2,0.0,1,0.0
2025-02-01T05:54:00+00:00,2025-02-01T08:54:00+03:00,1617.0,1.5,2.5,,7,24.01000022888184,39.56500053405762,2,0.0,1,0.0
2025-02-01T05:55:00+00:00,2025-02-01T08:55:00+03:00,1614.5,2.5,3.0,,7,24.0649995803833,39.56999969482422,2,0.0,1,0.0
2025-02-01T05:56:00+00:00,2025-02-01T08:56:00+03:00,1611.0,2.5,2.5,,7,24.05999946594238,39.53999900817871,2,0.0,1,0.0
2025-02-01T05:57:00+00:00,2025-02-01T08:57:00+03:00,1610.5,3.0,3.0,,7,24.06999969482422,39.5049991607666,2,0.0,1,0.0
2025-02-01T05:58:00+00:00,2025-02-01T08:58:00+03:00,1626.0,3.0,3.0,,7,24.0600004196167,39.57999992370605,2,0.0,1,0.0
2025-02-01T05:59:00+00:00,2025-02-01T08:59:00+03:00,1651.5,4.5,5.5,,7,24.05499935150146,39.625,2,0.0,1,0.0
2025-02-01T06:00:00+00:00,2025-02-01T09:00:00+03:00,1659.5,5.0,5.0,,7,24.09000015258789,39.63999938964844,2,0.0,1,0.0
2025-02-01T06:01:00+00:00,2025-02-01T09:01:00+03:00,1655.0,5.0,5.5,,7,24.06999969482422,39.64999961853027,2,0.0,1,0.0
2025-02-01T06:02:00+00:00,2025-02-01T09:02:00+03:00,1654.0,4.5,5.5,,7,24.10000038146973,39.61000061035156,2,0.0,1,0.0
2025-02-01T06:03:00+00:00,2025-02-01T09:03:00+03:00,1662.5,4.5,4.5,,7,24.0649995803833,39.625,2,0.0,1,0.0
2025-02-01T06:04:00+00:00,2025-02-01T09:04:00+03:00,1677.5,4.0,4.0,,7,24.03499984741211,39.77000045776367,2,0.0,1,0.0
2025-02-01T06:05:00+00:00,2025-02-01T09:05:00+03:00,1684.5,4.0,4.0,,7,24.02999973297119,39.76499938964844,2,0.0,1,0.0
2025-02-01T06:06:00+00:00,2025-02-01T09:06:00+03:00,1686.5,4.5,4.5,,7,24.08500003814697,39.79500007629395,2,0.0,1,0.0
2025-02-01T06:07:00+00:00,2025-02-01T09:07:00+03:00,1690.5,3.5,4.5,,7,24.07499980926514,39.73999977111816,2,0.0,1,0.0
2025-02-01T06:08:00+00:00,2025-02-01T09:08:00+03:00,1689.0,5.0,5.0,,7,24.08500003814697,39.90999984741211,2,0.0,1,0.0
2025-02-01T06:09:00+00:00,2025-02-01T09:09:00+03:00,1690.5,4.0,4.0,,7,24.11000061035156,39.875,2,0.0,1,0.0
2025-02-01T06:10:00+00:00,2025-02-01T09:10:00+03:00,1685.0,3.0,5.5,,7,24.10500049591064,39.84000015258789,2,0.0,1,0.0
2025-02-01T06:11:00+00:00,2025-02-01T09:11:00+03:00,1689.5,4.0,4.5,,7,24.125,39.81500053405762,2,0.0,1,0.0
2025-02-01T06:12:00+00:00,2025-02-01T09:12:00+03:00,1691.0,3.0,3.0,,7,24.125,39.83500099182129,2,0.0,1,0.0
2025-02-01T06:13:00+00:00,2025-02-01T09:13:00+03:00,1720.5,2.5,2.5,,7,24.14500045776367,39.63999938964844,2,0.0,1,0.0
2025-02-01T06:14:00+00:00,2025-02-01T09:14:00+03:00,1712.5,3.5,4.0,,7,24.21499919891357,39.32999992370605,2,0.0,1,0.0
2025-02-01T06:15:00+00:00,2025-02-01T09:15:00+03:00,1706.0,1.5,2.5,,7,24.21499919891357,39.73000144958496,2,0.0,1,0.0
2025-02-01T06:16:00+00:00,2025-02-01T09:16:00+03:00,1720.5,3.5,4.5,,7,24.19999980926514,39.70499992370605,2,0.0,1,0.0
2025-02-01T06:17:00+00:00,2025-02-01T09:17:00+03:00,1739.0,3.5,3.5,,7,24.16499996185303,39.76999855041504,3,0.5,1,0.0
2025-02-01T06:18:00+00:00,2025-02-01T09:18:00+03:00,1778.5,4.5,5.0,,7,24.13500022888184,39.79500007629395,3,0.0,1,0.0
2025-02-01T06:19:00+00:00,2025-02-01T09:19:00+03:00,1782.0,6.0,6.5,,7,24.15999984741211,39.83499908447266,3,0.0,1,0.0
2025-02-01T06:20:00+00:00,2025-02-01T09:20:00+03:00,1785.5,239.5,265.0,,9,24.15499973297119,40.0,3,0.0,1,0.0
2025-02-01T06:21:00+00:00,2025-02-01T09:21:00+03:00,1811.5,17.0,19.5,,7,24.1200008392334,40.06500053405762,3,0.0,1,0.0
2025-02-01T06:22:00+00:00,2025-02-01T09:22:00+03:00,1820.5,5.5,5.5,,7,24.1200008392334,40.08500099182129,3,0.0,1,0.0
2025-02-01T06:23:00+00:00,2025-02-01T09:23:00+03:00,1818.0,5.0,6.0,,7,24.125,40.09000015258789,3,0.0,1,0.0
2025-02-01T06:24:00+00:00,2025-02-01T09:24:00+03:00,1813.5,550.0,647.0,,10,24.14999961853027,39.95000076293945,3,0.0,1,0.0
2025-02-01T06:25:00+00:00,2025-02-01T09:25:00+03:00,1831.5,143.5,163.5,,9,24.11999988555908,40.07999992370605,3,0.0,1,0.0
2025-02-01T06:26:00+00:00,2025-02-01T09:26:00+03:00,1869.5,7.0,7.5,,7,24.125,40.23500061035156,3,0.0,1,0.0
2025-02-01T06:27:00+00:00,2025-02-01T09:27:00+03:00,1887.5,5.5,6.5,,7,24.11000061035156,40.23000144958496,3,0.0,1,0.0
2025-02-01T06:28:00+00:00,2025-02-01T09:28:00+03:00,1890.5,6.0,7.5,,7,24.10500049591064,40.22499847412109,3,0.0,1,0.0
2025-02-01T06:29:00+00:00,2025-02-01T09:29:00+03:00,1892.0,7.0,8.0,,7,24.10500049591064,40.40000152587891,2,0.5,1,0.0
2025-02-01T06:30:00+00:00,2025-02-01T09:30:00+03:00,1894.0,7.5,8.0,,7,24.15999984741211,40.04500007629395,2,0.0,1,0.0
2025-02-01T06:31:00+00:00,2025-02-01T09:31:00+03:00,1848.5,6.0,7.5,,7,24.26500034332275,39.85499954223633,2,0.0,1,0.0
2025-02-01T06:32:00+00:00,2025-02-01T09:32:00+03:00,1835.5,4.5,4.5,,7,24.23499965667725,40.26499938964844,2,0.0,1,0.0
2025-02-01T06:33:00+00:00,2025-02-01T09:33:00+03:00,1862.5,5.5,6.0,,7,24.25,40.48500061035156,2,0.0,1,0.0
2025-02-01T06:34:00+00:00,2025-02-01T09:34:00+03:00,1867.5,5.5,5.5,,7,24.28000068664551,40.43999862670898,2,0.0,1,0.0
2025-02-01T06:35:00+00:00,2025-02-01T09:35:00+03:00,1880.0,5.0,6.0,,7,24.27000045776367,40.43000030517578,2,0.0,1,0.0
2025-02-01T06:36:00+00:00,2025-02-01T09:36:00+03:00,1892.0,5.5,6.5,,7,24.21999931335449,40.53999900817871,2,0.0,1,0.0
2025-02-01T06:37:00+00:00,2025-02-01T09:37:00+03:00,1913.0,5.5,5.5,,7,24.20000076293945,40.64499855041504,2,0.0,1,0.0
2025-02-01T06:38:00+00:00,2025-02-01T09:38:00+03:00,1927.0,4.0,4.0,,7,24.22499942779541,40.61499977111816,2,0.0,1,0.0
2025-02-01T06:39:00+00:00,2025-02-01T09:39:00+03:00,1911.0,4.5,5.0,,7,24.24499988555908,40.57500076293945,2,0.0,1,0.0
2025-02-01T06:40:00+00:00,2025-02-01T09:40:00+03:00,1915.5,4.0,4.5,,7,24.22499942779541,40.43000030517578,2,0.0,1,0.0
2025-02-01T06:41:00+00:00,2025-02-01T09:41:00+03:00,1938.0,4.0,5.5,,7,24.18000030517578,40.44499969482422,2,0.0,1,0.0
2025-02-01T06:42:00+00:00,2025-02-01T09:42:00+03:00,1965.0,3.5,3.5,,7,24.1899995803833,40.55999946594238,2,0.0,1,0.0
2025-02-01T06:43:00+00:00,2025-02-01T09:43:00+03:00,1995.5,5.0,5.0,,7,24.19499969482422,40.44000053405762,2,0.0,1,0.0
2025-02-01T06:44:00+00:00,2025-02-01T09:44:00+03:00,2001.5,4.5,5.0,,8,24.21499919891357,40.57999992370605,2,0.0,1,0.0
2025-02-01T06:45:00+00:00,2025-02-01T09:45:00+03:00,2001.5,5.0,6.0,,8,24.22499942779541,40.66999816894531,2,0.0,1,0.0
2025-02-01T06:46:00+00:00,2025-02-01T09:46:00+03:00,1984.5,4.5,5.0,,7,24.23499965667725,40.6349983215332,2,0.0,1,0.0
2025-02-01T06:47:00+00:00,2025-02-01T09:47:00+03:00,1969.5,4.5,6.0,,7,24.24499988555908,40.56000137329102,2,0.0,1,0.0
2025-02-01T06:48:00+00:00,2025-02-01T09:48:00+03:00,1986.0,3.5,4.0,,7,24.23499965667725,40.6299991607666,2,0.0,1,0.0
2025-02-01T06:49:00+00:00,2025-02-01T09:49:00+03:00,2014.5,2.5,2.5,,8,24.25500011444092,40.65500068664551,2,0.0,1,0.0
2025-02-01T06:50:00+00:00,2025-02-01T09:50:00+03:00,2038.5,4.0,4.0,,8,24.26500034332275,40.61499977111816,2,0.0,1,0.0
2025-02-01T06:51:00+00:00,2025-02-01T09:51:00+03:00,2044.5,4.0,4.0,,8,24.23499965667725,40.71500015258789,2,0.0,1,0.0
2025-02-01T06:52:00+00:00,2025-02-01T09:52:00+03:00,2045.0,4.5,4.5,,8,24.23499965667725,40.7599983215332,2,0.0,1,0.0
2025-02-01T06:53:00+00:00,2025-02-01T09:53:00+03:00,2037.5,6.5,8.0,,8,24.26000022888184,40.72000122070312,2,0.0,1,0.0
2025-02-01T06:54:00+00:00,2025-02-01T09:54:00+03:00,2034.5,7.0,7.0,,8,24.23999977111816,40.81500053405762,2,0.0,1,0.0
2025-02-01T06:55:00+00:00,2025-02-01T09:55:00+03:00,2046.5,8.5,8.5,,8,24.26000022888184,40.73499870300293,2,0.0,1,0.0
2025-02-01T06:56:00+00:00,2025-02-01T09:56:00+03:00,2051.5,7.0,8.5,,8,24.25500011444092,40.78500175476074,2,0.0,1,0.0
2025-02-01T06:57:00+00:00,2025-02-01T09:57:00+03:00,2057.5,8.5,9.0,,8,24.26000022888184,40.89999961853027,2,0.0,1,0.0
2025-02-01T06:58:00+00:00,2025-02-01T09:58:00+03:00,2064.5,10.0,10.5,,8,24.27500057220459,40.92499923706055,2,0.0,1,0.0
2025-02-01T06:59:00+00:00,2025-02-01T09:59:00+03:00,2062.5,5.0,5.0,,8,24.23499965667725,40.91999816894531,2,1.0,1,0.0
2025-02-01T07:00:00+00:00,2025-02-01T10:00:00+03:00,1972.5,114.0,124.5,,9,24.23499965667725,36.45999908447266,2,1.0,1,0.0
2025-02-01T07:01:00+00:00,2025-02-01T10:01:00+03:00,1171.5,136.5,145.0,,9,24.15499973297119,30.11999988555908,3,1.0,1,0.0
2025-02-01T07:02:00+00:00,2025-02-01T10:02:00+03:00,697.0,144.5,159.0,,9,24.05500030517578,28.21000003814697,3,1.0,1,0.0
2025-02-01T07:03:00+00:00,2025-02-01T10:03:00+03:00,580.5,146.5,157.5,,9,24.01000022888184,28.43000030517578,3,0.0,1,0.0
2025-02-01T07:04:00+00:00,2025-02-01T10:04:00+03:00,594.0,139.0,156.0,,9,24.02500057220459,29.10499954223633,3,0.0,1,0.0
2025-02-01T07:05:00+00:00,2025-02-01T10:05:00+03:00,639.5,139.0,151.5,,9,24.08500003814697,29.75500011444092,3,0.0,1,0.0
2025-02-01T07:06:00+00:00,2025-02-01T10:06:00+03:00,689.0,125.5,140.0,,9,24.17000007629395,30.54500007629395,3,0.0,1,0.0
2025-02-01T07:07:00+00:00,2025-02-01T10:07:00+03:00,784.0,116.5,124.0,,9,24.22499942779541,31.55500030517578,3,0.0,1,0.0
2025-02-01T07:08:00+00:00,2025-02-01T10:08:00+03:00,905.0,109.0,123.5,,9,24.27999973297119,31.92500019073486,3,0.0,1,0.0
2025-02-01T07:09:00+00:00,2025-02-01T10:09:00+03:00,977.5,109.0,118.5,,9,24.34500026702881,33.22500038146973,3,0.0,1,0.0
2025-02-01T07:10:00+00:00,2025-02-01T10:10:00+03:00,1016.5,103.5,114.0,,9,24.34500026702881,34.23999977111816,3,0.0,1,0.0
2025-02-01T07:11:00+00:00,2025-02-01T10:11:00+03:00,1045.0,92.5,101.5,,9,24.34999942779541,35.32499885559082,3,0.0,1,0.0
2025-02-01T07:12:00+00:00,2025-02-01T10:12:00+03:00,1107.5,83.5,93.5,,9,24.28500080108643,36.01000022888184,3,0.0,1,0.0
2025-02-01T07:13:00+00:00,2025-02-01T10:13:00+03:00,1198.0,86.5,93.0,,9,24.30000019073486,36.30000114440918,3,0.0,1,0.0
2025-02-01T07:14:00+00:00,2025-02-01T10:14:00+03:00,1255.5,85.5,97.0,,9,24.29500007629395,36.42499923706055,3,0.0,1,0.0
2025-02-01T07:15:00+00:00,2025-02-01T10:15:00+03:00,1293.5,73.5,82.0,,8,24.28500080108643,36.75,3,0.0,1,0.0
2025-02-01T07:16:00+00:00,2025-02-01T10:16:00+03:00,1324.0,77.0,85.5,,9,24.26000022888184,37.06999969482422,3,0.0,1,0.0
2025-02-01T07:17:00+00:00,2025-02-01T10:17:00+03:00,1356.5,76.5,81.5,,9,24.24499988555908,37.17000007629395,3,0.0,1,0.0
2025-02-01T07:18:00+00:00,2025-02-01T10:18:00+03:00,1381.0,73.0,78.5,,8,24.26500034332275,37.10499954223633,3,0.0,1,0.0
2025-02-01T07:19:00+00:00,2025-02-01T10:19:00+03:00,1404.0,71.5,78.5,,8,24.30000019073486,37.29999923706055,3,0.0,1,0.0
2025-02-01T07:20:00+00:00,2025-02-01T10:20:00+03:00,1416.0,74.0,79.5,,8,24.31999969482422,37.47999954223633,3,0.0,1,0.0
2025-02-01T07:21:00+00:00,2025-02-01T10:21:00+03:00,1422.5,72.0,80.0,,8,24.35499954223633,37.21500015258789,3,0.0,1,0.0
2025-02-01T07:22:00+00:00,2025-02-01T10:22:00+03:00,1437.5,71.5,78.5,,8,24.34500026702881,37.51000022888184,3,0.0,1,0.0
2025-02-01T07:23:00+00:00,2025-02-01T10:23:00+03:00,1446.5,74.0,80.0,,8,24.34500026702881,37.67500114440918,3,0.0,1,0.0
2025-02-01T07:24:00+00:00,2025-02-01T10:24:00+03:00,1455.5,70.5,78.0,,8,24.34000015258789,37.92000007629395,3,0.0,1,0.0
2025-02-01T07:25:00+00:00,2025-02-01T10:25:00+03:00,1466.5,73.0,81.0,,8,24.30999946594238,38.15499877929688,3,0.0,1,0.0
2025-02-01T07:26:00+00:00,2025-02-01T10:26:00+03:00,1478.0,67.5,72.0,,8,24.34000015258789,38.01000022888184,3,0.0,1,0.0
2025-02-01T07:27:00+00:00,2025-02-01T10:27:00+03:00,1489.5,69.5,77.0,,8,24.38999938964844,38.03999900817871,3,0.0,1,0.0
2025-02-01T07:28:00+00:00,2025-02-01T10:28:00+03:00,1505.0,71.0,74.0,,8,24.39000034332275,38.04500007629395,3,0.0,1,0.0
2025-02-01T07:29:00+00:00,2025-02-01T10:29:00+03:00,1510.5,70.5,75.0,,8,24.39999961853027,38.31500053405762,3,0.0,1,0.0
2025-02-01T07:30:00+00:00,2025-02-01T10:30:00+03:00,1520.0,71.5,80.5,,8,24.40499973297119,38.56999969482422,3,0.0,1,0.0
2025-02-01T07:31:00+00:00,2025-02-01T10:31:00+03:00,1536.0,69.0,77.5,,8,24.39499950408936,38.5,3,0.0,1,0.0
2025-02-01T07:32:00+00:00,2025-02-01T10:32:00+03:00,1547.5,69.5,76.0,,8,24.43000030517578,38.42000007629395,3,0.0,1,0.0
2025-02-01T07:33:00+00:00,2025-02-01T10:33:00+03:00,1553.0,73.0,77.0,,8,24.39499950408936,38.59500122070312,3,0.0,1,0.0
2025-02-01T07:34:00+00:00,2025-02-01T10:34:00+03:00,1583.0,68.5,74.5,,8,24.375,38.86000061035156,3,0.0,1,0.0
2025-02-01T07:35:00+00:00,2025-02-01T10:35:00+03:00,1598.5,67.5,75.0,,8,24.40499973297119,38.93500137329102,3,0.0,1,0.0
2025-02-01T07:36:00+00:00,2025-02-01T10:36:00+03:00,1596.0,68.5,75.5,,8,24.3799991607666,38.92500114440918,3,0.0,1,0.0
2025-02-01T07:37:00+00:00,2025-02-01T10:37:00+03:00,1582.5,67.0,71.0,,8,24.38499927520752,39.05999946594238,3,0.0,1,0.0
2025-02-01T07:38:00+00:00,2025-02-01T10:38:00+03:00,1590.0,72.0,76.5,,8,24.38000011444092,39.27999877929688,3,0.0,1,0.0
2025-02-01T07:39:00+00:00,2025-02-01T10:39:00+03:00,1623.5,63.5,70.0,,7,24.40500068664551,39.05500030517578,3,0.0,1,0.0
2025-02-01T07:40:00+00:00,2025-02-01T10:40:00+03:00,1657.5,65.5,72.0,,8,24.48000049591064,38.54999923706055,3,0.0,1,0.0
2025-02-01T07:41:00+00:00,2025-02-01T10:41:00+03:00,1669.5,63.0,69.5,,7,24.44999980926514,39.46000099182129,3,0.0,1,0.0
2025-02-01T07:42:00+00:00,2025-02-01T10:42:00+03:00,1688.5,63.0,66.5,,7,24.43000030517578,39.6150016784668,3,0.0,1,0.0
2025-02-01T07:43:00+00:00,2025-02-01T10:43:00+03:00,1710.0,62.5,66.5,,7,24.40000057220459,39.74499893188477,3,0.0,1,0.0
2025-02-01T07:44:00+00:00,2025-02-01T10:44:00+03:00,1738.0,58.5,66.0,,7,24.36500072479248,39.82500076293945,3,0.0,1,0.0
2025-02-01T07:45:00+00:00,2025-02-01T10:45:00+03:00,1768.0,58.0,60.0,,7,24.32999992370605,39.91499900817871,3,0.0,1,0.0
2025-02-01T07:46:00+00:00,2025-02-01T10:46:00+03:00,1799.0,61.5,64.5,,7,24.28000068664551,40.29500007629395,3,0.0,1,0.0
2025-02-01T07:47:00+00:00,2025-02-01T10:47:00+03:00,1821.0,61.0,69.0,,7,24.3149995803833,40.42000007629395,3,0.0,1,0.0
2025-02-01T07:48:00+00:00,2025-02-01T10:48:00+03:00,1798.0,60.5,65.5,,7,24.34000015258789,40.31500053405762,3,0.0,1,0.0
2025-02-01T07:49:00+00:00,2025-02-01T10:49:00+03:00,1758.5,62.0,65.0,,7,24.38500022888184,40.20499992370605,3,0.0,1,0.0
2025-02-01T07:50:00+00:00,2025-02-01T10:50:00+03:00,1738.5,60.0,68.0,,7,24.41499996185303,40.03499984741211,3,0.0,1,0.0
2025-02-01T07:51:00+00:00,2025-02-01T10:51:00+03:00,1730.0,59.0,64.5,,7,24.44500064849854,40.29000091552734,3,0.0,1,0.0
2025-02-01T07:52:00+00:00,2025-02-01T10:52:00+03:00,1727.5,62.5,69.5,,7,24.46500015258789,40.41999816894531,3,0.0,1,0.0
2025-02-01T07:53:00+00:00,2025-02-01T10:53:00+03:00,1728.0,56.0,62.5,,7,24.50500011444092,40.46499824523926,3,0.0,1,0.0
2025-02-01T07:54:00+00:00,2025-02-01T10:54:00+03:00,1740.0,56.0,60.5,,7,24.5,40.35000038146973,3,0.0,1,0.0
2025-02-01T07:55:00+00:00,2025-02-01T10:55:00+03:00,1746.5,56.5,60.0,,7,24.51500034332275,40.16499900817871,3,0.0,1,0.0
2025-02-01T07:56:00+00:00,2025-02-01T10:56:00+03:00,1751.0,55.5,60.0,,7,24.52000045776367,40.29000091552734,3,0.0,1,0.0
2025-02-01T07:57:00+00:00,2025-02-01T10:57:00+03:00,1773.0,57.5,61.0,,7,24.51500034332275,40.39999961853027,3,0.0,1,0.0
2025-02-01T07:58:00+00:00,2025-02-01T10:58:00+03:00,1788.0,58.0,64.0,,7,24.51500034332275,40.5049991607666,3,0.0,1,0.0
2025-02-01T07:59:00+00:00,2025-02-01T10:59:00+03:00,1791.5,59.5,65.5,,7,24.53500080108643,40.44499969482422,3,0.0,1,0.0
2025-02-01T08:00:00+00:00,2025-02-01T11:00:00+03:00,1796.5,54.0,58.5,,7,24.56999969482422,40.625,3,0.0,1,0.0
2025-02-01T08:01:00+00:00,2025-02-01T11:01:00+03:00,1819.0,55.5,58.5,,7,24.60499954223633,40.32500076293945,3,0.0,1,0.0
2025-02-01T08:02:00+00:00,2025-02-01T11:02:00+03:00,1818.5,52.5,57.5,,7,24.63000011444092,40.39000129699707,3,0.0,1,0.0
2025-02-01T08:03:00+00:00,2025-02-01T11:03:00+03:00,1801.5,54.5,60.0,,7,24.65499973297119,40.1299991607666,3,0.0,1,0.0
2025-02-01T08:04:00+00:00,2025-02-01T11:04:00+03:00,1799.5,55.0,63.5,,7,24.64499950408936,40.68000030517578,3,0.0,1,0.0
2025-02-01T08:05:00+00:00,2025-02-01T11:05:00+03:00,1811.5,54.5,61.5,,7,24.63999938964844,40.58499908447266,3,0.0,1,0.0
2025-02-01T08:06:00+00:00,2025-02-01T11:06:00+03:00,1844.5,54.5,60.5,,7,24.63500022888184,40.78000068664551,3,0.0,1,0.0
2025-02-01T08:07:00+00:00,2025-02-01T11:07:00+03:00,1860.5,52.5,56.0,,7,24.6200008392334,40.31500053405762,3,0.0,1,0.0
2025-02-01T08:08:00+00:00,2025-02-01T11:08:00+03:00,1867.5,55.0,60.0,,7,24.65499973297119,40.85000038146973,3,0.0,1,0.0
2025-02-01T08:09:00+00:00,2025-02-01T11:09:00+03:00,1893.5,54.0,60.5,,7,24.6200008392334,41.11999893188477,3,0.0,1,0.0
2025-02-01T08:10:00+00:00,2025-02-01T11:10:00+03:00,1933.0,53.0,59.0,,7,24.61500072479248,41.39999961853027,3,0.0,1,0.0
2025-02-01T08:11:00+00:00,2025-02-01T11:11:00+03:00,1972.0,56.5,60.5,,7,24.61000061035156,41.11499977111816,3,0.0,1,0.0
2025-02-01T08:12:00+00:00,2025-02-01T11:12:00+03:00,1972.0,53.5,60.5,,7,24.625,41.40999984741211,3,0.0,1,0.0
2025-02-01T08:13:00+00:00,2025-02-01T11:13:00+03:00,1961.5,54.0,61.0,,7,24.625,41.10499954223633,3,0.0,1,0.0
2025-02-01T08:14:00+00:00,2025-02-01T11:14:00+03:00,1952.0,53.0,57.0,,7,24.64000034332275,41.1299991607666,3,0.0,1,0.0
2025-02-01T08:15:00+00:00,2025-02-01T11:15:00+03:00,1953.5,54.5,58.5,,7,24.63500022888184,40.71000099182129,3,0.0,1,0.0
2025-02-01T08:16:00+00:00,2025-02-01T11:16:00+03:00,1963.0,55.0,63.0,,7,24.65999984741211,40.67000007629395,3,0.0,1,0.0
2025-02-01T08:17:00+00:00,2025-02-01T11:17:00+03:00,2004.5,50.5,55.0,,8,24.65999984741211,41.5,3,0.0,1,0.0
2025-02-01T08:18:00+00:00,2025-02-01T11:18:00+03:00,2032.0,49.5,52.0,,8,24.66499996185303,41.54500007629395,3,0.0,1,0.0
2025-02-01T08:19:00+00:00,2025-02-01T11:19:00+03:00,2031.5,49.0,55.5,,8,24.67000007629395,41.52999877929688,3,0.0,1,0.0
2025-02-01T08:20:00+00:00,2025-02-01T11:20:00+03:00,2042.5,50.5,53.5,,8,24.61500072479248,41.69499969482422,3,0.0,1,0.0
2025-02-01T08:21:00+00:00,2025-02-01T11:21:00+03:00,2051.0,49.0,51.0,,8,24.625,41.79999923706055,3,0.0,1,0.0
2025-02-01T08:22:00+00:00,2025-02-01T11:22:00+03:00,2084.0,49.0,54.5,,8,24.60000038146973,42.07499885559082,3,0.0,1,0.0
2025-02-01T08:23:00+00:00,2025-02-01T11:23:00+03:00,2125.5,51.0,58.5,,8,24.61000061035156,42.22500038146973,3,0.0,1,0.0
2025-02-01T08:24:00+00:00,2025-02-01T11:24:00+03:00,2157.5,51.0,54.5,,8,24.61000061035156,42.36000061035156,3,0.0,1,0.0
2025-02-01T08:25:00+00:00,2025-02-01T11:25:00+03:00,2165.0,52.0,53.5,,8,24.6200008392334,42.34500122070312,3,0.0,1,0.0
2025-02-01T08:26:00+00:00,2025-02-01T11:26:00+03:00,2153.0,50.0,53.5,,8,24.61500072479248,42.30500030517578,3,0.0,1,0.0
2025-02-01T08:27:00+00:00,2025-02-01T11:27:00+03:00,2159.0,51.0,55.5,,8,24.61000061035156,42.38500022888184,3,0.0,1,0.0
2025-02-01T08:28:00+00:00,2025-02-01T11:28:00+03:00,2158.5,50.5,55.0,,8,24.65999984741211,42.27499961853027,3,0.0,1,0.0
2025-02-01T08:29:00+00:00,2025-02-01T11:29:00+03:00,2130.5,55.0,59.0,,8,24.67500019073486,42.29000091552734,3,0.0,1,0.0
2025-02-01T08:30:00+00:00,2025-02-01T11:30:00+03:00,2136.5,57.0,62.5,,8,24.66499996185303,42.21000099182129,3,0.0,1,0.0
2025-02-01T08:31:00+00:00,2025-02-01T11:31:00+03:00,2138.0,59.5,63.0,,8,24.67500019073486,42.25500106811523,3,0.0,1,0.0
2025-02-01T08:32:00+00:00,2025-02-01T11:32:00+03:00,2150.0,58.5,63.5,,8,24.66499996185303,42.56500053405762,3,0.0,1,0.0
2025-02-01T08:33:00+00:00,2025-02-01T11:33:00+03:00,2192.0,63.5,68.5,,8,24.65999984741211,42.65500068664551,3,0.0,1,0.0
2025-02-01T08:34:00+00:00,2025-02-01T11:34:00+03:00,2198.5,65.0,70.5,,8,24.64999961853027,42.32999992370605,3,0.0,1,0.0
2025-02-01T08:35:00+00:00,2025-02-01T11:35:00+03:00,2186.5,57.5,64.0,,8,24.65999984741211,42.63999938964844,3,0.0,1,0.0
2025-02-01T08:36:00+00:00,2025-02-01T11:36:00+03:00,2190.5,56.0,59.0,,8,24.63999938964844,42.90500068664551,3,0.0,1,0.0
2025-02-01T08:37:00+00:00,2025-02-01T11:37:00+03:00,2227.5,55.5,59.5,,8,24.64999961853027,42.98000144958496,3,0.0,1,0.0
2025-02-01T08:38:00+00:00,2025-02-01T11:38:00+03:00,2224.5,58.0,60.5,,8,24.67500019073486,42.88500022888184,3,0.0,1,0.0
2025-02-01T08:39:00+00:00,2025-02-01T11:39:00+03:00,2217.0,57.0,62.0,,8,24.67499923706055,42.77000045776367,3,0.0,1,0.0
2025-02-01T08:40:00+00:00,2025-02-01T11:40:00+03:00,2213.5,56.0,58.0,,8,24.71999931335449,42.77499961853027,3,0.0,1,0.0
2025-02-01T08:41:00+00:00,2025-02-01T11:41:00+03:00,2216.5,54.0,56.0,,8,24.71999931335449,42.89999961853027,3,0.0,1,0.0
2025-02-01T08:42:00+00:00,2025-02-01T11:42:00+03:00,2223.0,51.0,55.5,,8,24.71999931335449,42.94999885559082,3,0.0,1,0.0
2025-02-01T08:43:00+00:00,2025-02-01T11:43:00+03:00,2227.5,55.0,59.0,,8,24.73999977111816,43.0049991607666,3,0.0,1,0.0
2025-02-01T08:44:00+00:00,2025-02-01T11:44:00+03:00,2237.5,51.0,55.0,,8,24.70999908447266,42.77499961853027,3,0.0,1,0.0
2025-02-01T08:45:00+00:00,2025-02-01T11:45:00+03:00,2251.5,50.5,53.0,,8,24.72499942779541,43.10499954223633,3,0.0,1,0.0
2025-02-01T08:46:00+00:00,2025-02-01T11:46:00+03:00,2284.5,50.5,54.5,,8,24.73499965667725,43.38500022888184,3,0.0,1,0.0
2025-02-01T08:47:00+00:00,2025-02-01T11:47:00+03:00,2318.5,50.5,53.5,,8,24.69000053405762,43.48999977111816,3,0.0,1,0.0
2025-02-01T08:48:00+00:00,2025-02-01T11:48:00+03:00,2335.0,48.0,49.0,,8,24.73499965667725,43.50500106811523,3,0.0,1,0.0
2025-02-01T08:49:00+00:00,2025-02-01T11:49:00+03:00,2336.5,51.5,56.0,,8,24.72999954223633,43.57999992370605,3,0.0,1,0.0
2025-02-01T08:50:00+00:00,2025-02-01T11:50:00+03:00,2325.0,53.5,56.5,,8,24.73999977111816,43.4950008392334,3,0.0,1,0.0
2025-02-01T08:51:00+00:00,2025-02-01T11:51:00+03:00,2324.5,52.0,55.0,,8,24.75,43.7450008392334,3,0.0,1,0.0
2025-02-01T08:52:00+00:00,2025-02-01T11:52:00+03:00,2331.0,52.0,55.5,,8,24.72999954223633,43.68499946594238,3,0.0,1,0.0
2025-02-01T08:53:00+00:00,2025-02-01T11:53:00+03:00,2353.0,49.0,55.5,,8,24.72499942779541,43.75500106811523,3,0.0,1,0.0
2025-02-01T08:54:00+00:00,2025-02-01T11:54:00+03:00,2364.0,49.0,53.0,,8,24.73999977111816,43.60500144958496,3,0.0,1,0.0
2025-02-01T08:55:00+00:00,2025-02-01T11:55:00+03:00,2384.5,48.5,53.5,,8,24.69000053405762,44.13000106811523,3,0.0,1,0.0
2025-02-01T08:56:00+00:00,2025-02-01T11:56:00+03:00,2425.5,51.5,59.0,,8,24.65999984741211,44.38999938964844,3,0.0,1,0.0
2025-02-01T08:57:00+00:00,2025-02-01T11:57:00+03:00,2442.0,47.0,50.5,,8,24.63500022888184,44.45499992370605,3,0.0,1,0.0
2025-02-01T08:58:00+00:00,2025-02-01T11:58:00+03:00,2436.0,55.5,61.5,,8,24.67000007629395,44.32500076293945,3,0.0,1,0.0
2025-02-01T08:59:00+00:00,2025-02-01T11:59:00+03:00,2425.0,57.0,60.0,,8,24.6850004196167,44.28499984741211,3,0.0,1,0.0
2025-02-01T09:00:00+00:00,2025-02-01T12:00:00+03:00,2420.5,60.0,61.5,,8,24.72000026702881,43.86999893188477,3,0.0,1,0.0
2025-02-01T09:01:00+00:00,2025-02-01T12:01:00+03:00,2424.5,57.0,62.5,,8,24.77000045776367,43.93000030517578,3,0.0,1,0.0
2025-02-01T09:02:00+00:00,2025-02-01T12:02:00+03:00,2415.5,59.0,65.0,,8,24.80000019073486,43.71000099182129,3,0.0,1,0.0
2025-02-01T09:03:00+00:00,2025-02-01T12:03:00+03:00,2416.0,58.0,62.0,,8,24.84500026702881,44.20499992370605,3,0.0,1,0.0
2025-02-01T09:04:00+00:00,2025-02-01T12:04:00+03:00,2434.5,53.0,56.0,,8,24.80999946594238,44.56500053405762,3,0.0,1,0.0
2025-02-01T09:05:00+00:00,2025-02-01T12:05:00+03:00,2453.0,57.0,61.0,,8,24.78500080108643,44.55000114440918,3,0.0,1,0.0
2025-02-01T09:06:00+00:00,2025-02-01T12:06:00+03:00,2467.0,54.5,58.0,,8,24.80500030517578,44.52000045776367,3,0.0,1,0.0
2025-02-01T09:07:00+00:00,2025-02-01T12:07:00+03:00,2480.0,59.5,63.5,,8,24.80000019073486,44.69499969482422,3,0.0,1,0.0
2025-02-01T09:08:00+00:00,2025-02-01T12:08:00+03:00,2500.0,52.0,54.5,,9,24.77500057220459,44.96500015258789,3,0.0,1,0.0
2025-02-01T09:09:00+00:00,2025-02-01T12:09:00+03:00,2555.0,53.0,56.5,,9,24.78000068664551,45.06500053405762,3,0.0,1,0.0
2025-02-01T09:10:00+00:00,2025-02-01T12:10:00+03:00,2585.0,54.0,58.0,,9,24.80999946594238,44.85500144958496,3,0.0,1,0.0
2025-02-01T09:11:00+00:00,2025-02-01T12:11:00+03:00,2615.5,53.0,55.0,,9,24.84500026702881,45.06000137329102,3,0.0,1,0.0
2025-02-01T09:12:00+00:00,2025-02-01T12:12:00+03:00,2633.5,50.0,54.0,,9,24.8149995803833,45.04999923706055,3,0.0,1,0.0
2025-02-01T09:13:00+00:00,2025-02-01T12:13:00+03:00,2612.0,45.0,47.5,,9,24.78499984741211,45.09500122070312,3,0.0,1,0.0
2025-02-01T09:14:00+00:00,2025-02-01T12:14:00+03:00,2622.5,44.5,53.5,,9,24.72999954223633,45.3799991607666,3,0.0,1,0.0
2025-02-01T09:15:00+00:00,2025-02-01T12:15:00+03:00,2693.5,48.0,51.0,,9,24.69500064849854,45.625,3,0.0,1,0.0
2025-02-01T09:16:00+00:00,2025-02-01T12:16:00+03:00,2726.5,51.5,55.0,,9,24.73499965667725,45.57999992370605,3,0.0,1,0.0
2025-02-01T09:17:00+00:00,2025-02-01T12:17:00+03:00,2698.5,50.5,56.0,,9,24.71999931335449,45.48500061035156,3,0.0,1,0.0
2025-02-01T09:18:00+00:00,2025-02-01T12:18:00+03:00,2683.0,44.0,47.5,,9,24.69500064849854,45.43499946594238,3,0.0,1,0.0
2025-02-01T09:19:00+00:00,2025-02-01T12:19:00+03:00,2707.5,45.0,49.5,,9,24.67000007629395,45.56999969482422,3,0.0,1,0.0
2025-02-01T09:20:00+00:00,2025-02-01T12:20:00+03:00,2763.0,45.0,46.0,,9,24.63999938964844,45.88000106811523,3,0.0,1,0.0
2025-02-01T09:21:00+00:00,2025-02-01T12:21:00+03:00,2795.0,50.5,57.0,,9,24.66499996185303,45.93000030517578,3,0.0,1,0.0
2025-02-01T09:22:00+00:00,2025-02-01T12:22:00+03:00,2787.5,51.5,57.0,,9,24.69500064849854,45.82499885559082,3,0.0,1,0.0
2025-02-01T09:23:00+00:00,2025-02-01T12:23:00+03:00,2752.0,45.0,47.5,,9,24.69999980926514,45.90999984741211,3,0.0,1,0.0
2025-02-01T09:24:00+00:00,2025-02-01T12:24:00+03:00,2773.0,48.0,49.0,,9,24.67000007629395,46.18499946594238,3,0.0,1,0.0
2025-02-01T09:25:00+00:00,2025-02-01T12:25:00+03:00,2812.5,57.0,65.0,,9,24.67500019073486,46.30500030517578,3,0.0,1,0.0
2025-02-01T09:26:00+00:00,2025-02-01T12:26:00+03:00,2782.0,59.0,64.0,,9,24.67500019073486,46.11000061035156,3,0.0,1,0.0
2025-02-01T09:27:00+00:00,2025-02-01T12:27:00+03:00,2729.0,59.0,66.0,,9,24.70499992370605,46.27499961853027,3,0.0,1,0.0
2025-02-01T09:28:00+00:00,2025-02-01T12:28:00+03:00,2723.0,60.0,64.0,,9,24.70499992370605,46.40999984741211,3,0.0,1,0.0
2025-02-01T09:29:00+00:00,2025-02-01T12:29:00+03:00,2748.0,58.5,62.5,,9,24.69500064849854,46.39499855041504,3,0.0,1,0.0
2025-02-01T09:30:00+00:00,2025-02-01T12:30:00+03:00,2752.0,51.0,55.0,,9,24.69999980926514,46.41499900817871,3,0.0,1,0.0
2025-02-01T09:31:00+00:00,2025-02-01T12:31:00+03:00,2774.5,49.0,52.0,,9,24.70499992370605,46.40499877929688,3,0.0,1,0.0
2025-02-01T09:32:00+00:00,2025-02-01T12:32:00+03:00,2815.0,45.5,51.0,,9,24.66499996185303,46.56500053405762,3,0.0,1,0.0
2025-02-01T09:33:00+00:00,2025-02-01T12:33:00+03:00,2881.0,47.5,52.5,,9,24.64499950408936,46.77000045776367,3,0.0,1,0.0
2025-02-01T09:34:00+00:00,2025-02-01T12:34:00+03:00,2916.0,49.5,55.0,,9,24.625,46.75,3,0.0,1,0.0
2025-02-01T09:35:00+00:00,2025-02-01T12:35:00+03:00,2899.5,49.0,55.5,,9,24.66499996185303,46.78499984741211,3,0.0,1,0.0
2025-02-01T09:36:00+00:00,2025-02-01T12:36:00+03:00,2894.5,52.5,59.0,,9,24.6299991607666,46.97499847412109,3,0.0,1,0.0
2025-02-01T09:37:00+00:00,2025-02-01T12:37:00+03:00,2899.0,55.0,58.0,,9,24.64499950408936,46.97500038146973,3,0.0,1,0.0
2025-02-01T09:38:00+00:00,2025-02-01T12:38:00+03:00,2886.0,51.0,55.0,,9,24.63000011444092,47.06500053405762,3,0.0,1,0.0
2025-02-01T09:39:00+00:00,2025-02-01T12:39:00+03:00,2854.5,53.5,58.0,,9,24.67000007629395,46.97500038146973,3,0.0,1,0.0
2025-02-01T09:40:00+00:00,2025-02-01T12:40:00+03:00,2846.5,47.5,50.5,,9,24.68000030517578,46.98999977111816,3,0.0,1,0.0
2025-02-01T09:41:00+00:00,2025-02-01T12:41:00+03:00,2885.5,53.5,56.0,,9,24.70499992370605,47.02000045776367,3,0.0,1,0.0
2025-02-01T09:42:00+00:00,2025-02-01T12:42:00+03:00,2896.5,49.0,51.0,,9,24.69500064849854,47.06999969482422,3,0.0,1,0.0
2025-02-01T09:43:00+00:00,2025-02-01T12:43:00+03:00,2889.5,52.5,56.0,,9,24.67000007629395,47.08499908447266,3,0.0,1,0.0
2025-02-01T09:44:00+00:00,2025-02-01T12:44:00+03:00,2858.0,53.0,57.0,,9,24.66499996185303,47.05000114440918,3,0.0,1,0.0
2025-02-01T09:45:00+00:00,2025-02-01T12:45:00+03:00,2898.0,47.0,50.0,,9,24.64499950408936,47.14999961853027,3,0.0,1,0.0
2025-02-01T09:46:00+00:00,2025-02-01T12:46:00+03:00,3005.5,43.0,44.5,,9,24.64499950408936,47.30999946594238,3,0.0,1,0.0
2025-02-01T09:47:00+00:00,2025-02-01T12:47:00+03:00,3052.0,54.5,61.0,,9,24.65999984741211,47.28999900817871,3,0.0,1,0.0
2025-02-01T09:48:00+00:00,2025-02-01T12:48:00+03:00,3016.0,58.5,63.0,,9,24.67500019073486,47.30000114440918,3,0.0,1,0.0
2025-02-01T09:49:00+00:00,2025-02-01T12:49:00+03:00,2965.5,53.0,57.5,,9,24.6850004196167,47.31999969482422,3,0.0,1,0.0
2025-02-01T09:50:00+00:00,2025-02-01T12:50:00+03:00,2974.0,50.5,55.5,,9,24.72999954223633,47.30999946594238,3,0.0,1,0.0
2025-02-01T09:51:00+00:00,2025-02-01T12:51:00+03:00,3005.0,56.5,59.0,,9,24.72499942779541,47.2450008392334,3,0.0,1,0.0
2025-02-01T09:52:00+00:00,2025-02-01T12:52:00+03:00,3017.0,57.0,59.5,,9,24.75500011444092,47.26500129699707,3,0.0,1,0.0
2025-02-01T09:53:00+00:00,2025-02-01T12:53:00+03:00,2995.5,51.5,55.0,,9,24.72499942779541,47.29999923706055,3,0.0,1,0.0
2025-02-01T09:54:00+00:00,2025-02-01T12:54:00+03:00,3005.0,51.0,53.5,,9,24.74499988555908,47.35000038146973,3,0.0,1,0.0
2025-02-01T09:55:00+00:00,2025-02-01T12:55:00+03:00,3044.0,49.5,52.0,,9,24.72499942779541,47.43000030517578,3,0.0,1,0.0
2025-02-01T09:56:00+00:00,2025-02-01T12:56:00+03:00,3086.0,44.5,46.5,,9,24.69500064849854,47.44000053405762,3,0.0,1,0.0
2025-02-01T09:57:00+00:00,2025-02-01T12:57:00+03:00,3151.0,42.0,46.0,,9,24.6899995803833,47.55500030517578,3,0.0,1,0.0
2025-02-01T09:58:00+00:00,2025-02-01T12:58:00+03:00,3191.5,46.5,50.5,,9,24.71499919891357,47.58500099182129,3,0.0,1,0.0
2025-02-01T09:59:00+00:00,2025-02-01T12:59:00+03:00,3205.5,45.0,47.5,,9,24.72999954223633,47.6200008392334,3,0.0,1,0.0
2025-02-01T10:00:00+00:00,2025-02-01T13:00:00+03:00,3171.0,52.0,55.0,,9,24.74499988555908,47.5049991607666,3,0.0,1,0.0
2025-02-01T10:01:00+00:00,2025-02-01T13:01:00+03:00,3089.0,51.0,55.5,,9,24.74499988555908,47.47999954223633,3,0.0,1,0.0
2025-02-01T10:02:00+00:00,2025-02-01T13:02:00+03:00,3048.5,52.5,57.0,,9,24.75500011444092,47.53500175476074,3,0.0,1,0.0
2025-02-01T10:03:00+00:00,2025-02-01T13:03:00+03:00,3072.0,48.5,55.0,,9,24.75,47.42500114440918,3,0.0,1,0.0
2025-02-01T10:04:00+00:00,2025-02-01T13:04:00+03:00,3122.0,47.5,51.5,,9,24.73999977111816,47.54999923706055,3,0.0,1,0.0
2025-02-01T10:05:00+00:00,2025-02-01T13:05:00+03:00,3155.5,51.5,56.5,,9,24.78499984741211,47.30500030517578,3,0.0,1,0.0
2025-02-01T10:06:00+00:00,2025-02-01T13:06:00+03:00,3146.5,53.0,58.0,,9,24.82499980926514,46.8799991607666,3,0.0,1,0.0
2025-02-01T10:07:00+00:00,2025-02-01T13:07:00+03:00,3092.5,53.5,57.0,,9,24.84500026702881,46.90999984741211,3,0.0,1,0.0
2025-02-01T10:08:00+00:00,2025-02-01T13:08:00+03:00,3063.0,46.0,48.5,,9,24.88499927520752,46.89500045776367,3,0.0,1,0.0
2025-02-01T10:09:00+00:00,2025-02-01T13:09:00+03:00,3061.5,51.0,55.0,,9,24.88999938964844,46.57999992370605,3,0.0,1,0.0
2025-02-01T10:10:00+00:00,2025-02-01T13:10:00+03:00,3078.0,51.5,54.0,,9,24.92500019073486,47.14999961853027,2,1.0,1,0.0
2025-02-01T10:11:00+00:00,2025-02-01T13:11:00+03:00,3095.5,50.5,57.0,,9,24.94000053405762,46.70000076293945,2,0.0,1,0.0
2025-02-01T10:12:00+00:00,2025-02-01T13:12:00+03:00,3095.0,46.5,52.0,,9,24.98499965667725,45.57999992370605,2,0.0,1,0.0
2025-02-01T10:13:00+00:00,2025-02-01T13:13:00+03:00,3113.5,48.0,51.0,,9,24.97000026702881,46.55500030517578,2,0.0,1,0.0
2025-02-01T10:14:00+00:00,2025-02-01T13:14:00+03:00,3200.5,52.5,58.5,,9,24.89499950408936,46.89000129699707,2,0.0,1,0.0
2025-02-01T10:15:00+00:00,2025-02-01T13:15:00+03:00,3087.5,58.0,64.0,,9,24.88999938964844,46.40499877929688,2,0.0,1,0.0
2025-02-01T10:16:00+00:00,2025-02-01T13:16:00+03:00,2956.5,64.0,67.0,,9,24.8799991607666,45.81999969482422,2,0.0,1,0.0
2025-02-01T10:17:00+00:00,2025-02-01T13:17:00+03:00,2859.0,62.5,67.0,,9,24.88999938964844,45.40500068664551,2,0.0,1,0.0
2025-02-01T10:18:00+00:00,2025-02-01T13:18:00+03:00,2809.5,58.5,70.5,,9,24.8700008392334,45.52500152587891,3,1.0,1,0.0
2025-02-01T10:19:00+00:00,2025-02-01T13:19:00+03:00,2821.0,48.5,53.5,,9,24.89499950408936,45.21999931335449,3,0.1,1,0.0
2025-02-01T10:20:00+00:00,2025-02-01T13:20:00+03:00,2944.0,52.0,54.0,,9,24.97500038146973,45.21999931335449,3,0.1,1,0.0
2025-02-01T10:21:00+00:00,2025-02-01T13:21:00+03:00,3015.5,55.5,57.5,,9,25.02000045776367,44.64500045776367,3,0.1,1,0.0
2025-02-01T10:22:00+00:00,2025-02-01T13:22:00+03:00,3034.5,50.5,53.5,,9,24.98999977111816,45.96999931335449,2,1.0,1,0.0
2025-02-01T10:23:00+00:00,2025-02-01T13:23:00+03:00,3048.5,61.0,64.0,,9,24.9350004196167,46.2549991607666,2,0.0,1,0.0
2025-02-01T10:24:00+00:00,2025-02-01T13:24:00+03:00,2927.0,61.5,67.5,,9,24.94499969482422,45.88500022888184,2,0.0,1,0.0
2025-02-01T10:25:00+00:00,2025-02-01T13:25:00+03:00,2855.0,60.0,64.0,,9,24.92000007629395,45.99499893188477,2,0.0,1,0.0
2025-02-01T10:26:00+00:00,2025-02-01T13:26:00+03:00,2808.5,60.0,62.5,,9,24.91499996185303,45.85499954223633,1,1.0,1,0.0
2025-02-01T10:27:00+00:00,2025-02-01T13:27:00+03:00,2785.0,56.0,58.5,,9,24.86000061035156,45.80999946594238,1,0.0,1,0.0
2025-02-01T10:28:00+00:00,2025-02-01T13:28:00+03:00,2474.0,89.0,95.5,,9,24.86500072479248,38.41499900817871,1,0.0,1,0.0
2025-02-01T10:29:00+00:00,2025-02-01T13:29:00+03:00,1576.0,97.0,103.0,,9,24.82999992370605,34.27499961853027,2,1.0,1,0.0
2025-02-01T10:30:00+00:00,2025-02-01T13:30:00+03:00,1179.0,95.5,103.5,,9,24.86000061035156,34.26499938964844,1,1.0,1,0.0
2025-02-01T10:31:00+00:00,2025-02-01T13:31:00+03:00,1197.0,87.5,93.5,,9,24.88500022888184,36.07999992370605,1,0.1,1,0.0
2025-02-01T10:32:00+00:00,2025-02-01T13:32:00+03:00,1396.5,80.0,86.0,,9,24.89999961853027,36.82000160217285,1,0.1,1,0.0
2025-02-01T10:33:00+00:00,2025-02-01T13:33:00+03:00,1574.5,78.0,85.5,,9,24.92999935150146,37.45499992370605,1,0.1,1,0.0
2025-02-01T10:34:00+00:00,2025-02-01T13:34:00+03:00,1699.0,75.0,83.0,,9,24.92000007629395,39.07999992370605,1,0.1,1,0.0
2025-02-01T10:35:00+00:00,2025-02-01T13:35:00+03:00,1774.0,68.5,73.0,,8,24.90999984741211,40.02000045776367,1,0.1,1,0.0
2025-02-01T10:36:00+00:00,2025-02-01T13:36:00+03:00,1864.5,69.5,73.5,,8,24.85500049591064,39.97500038146973,1,0.1,1,0.0
2025-02-01T10:37:00+00:00,2025-02-01T13:37:00+03:00,1925.0,64.0,71.0,,7,24.8149995803833,39.94499969482422,1,0.1,1,0.0
2025-02-01T10:38:00+00:00,2025-02-01T13:38:00+03:00,1970.0,62.0,66.0,,7,24.75500011444092,39.82499885559082,1,0.1,1,0.0
2025-02-01T10:39:00+00:00,2025-02-01T13:39:00+03:00,2015.0,56.5,62.0,,8,24.72999954223633,39.89000129699707,1,0.1,1,0.0
2025-02-01T10:40:00+00:00,2025-02-01T13:40:00+03:00,2032.0,62.0,66.0,,8,24.72999954223633,39.80499839782715,1,0.1,1,0.0
2025-02-01T10:41:00+00:00,2025-02-01T13:41:00+03:00,2043.5,67.5,77.0,,8,24.6899995803833,40.15499877929688,1,0.1,1,0.0
2025-02-01T10:42:00+00:00,2025-02-01T13:42:00+03:00,2044.5,65.5,74.5,,8,24.66499996185303,39.97500038146973,1,0.1,1,0.0
2025-02-01T10:43:00+00:00,2025-02-01T13:43:00+03:00,2011.0,58.0,63.0,,8,24.63999938964844,39.40500068664551,1,0.1,1,0.0
2025-02-01T10:44:00+00:00,2025-02-01T13:44:00+03:00,1996.0,61.5,69.0,,7,24.63500022888184,39.79500007629395,1,0.1,1,0.0
2025-02-01T10:45:00+00:00,2025-02-01T13:45:00+03:00,1992.0,59.5,64.0,,7,24.625,39.82999992370605,1,0.1,1,0.0
2025-02-01T10:46:00+00:00,2025-02-01T13:46:00+03:00,1987.5,55.5,58.5,,7,24.60500049591064,39.70499992370605,1,0.1,1,0.0
2025-02-01T10:47:00+00:00,2025-02-01T13:47:00+03:00,1974.5,56.5,60.0,,7,24.60000038146973,39.59499931335449,1,0.1,1,0.0
2025-02-01T10:48:00+00:00,2025-02-01T13:48:00+03:00,1951.0,51.0,54.5,,7,24.59000015258789,39.57499885559082,1,0.1,1,0.0
2025-02-01T10:49:00+00:00,2025-02-01T13:49:00+03:00,1935.0,48.0,52.5,,7,24.59500026702881,39.38000106811523,1,0.1,1,0.0
2025-02-01T10:50:00+00:00,2025-02-01T13:50:00+03:00,1917.0,51.0,53.5,,7,24.60000038146973,39.53999900817871,1,0.1,1,0.0
2025-02-01T10:51:00+00:00,2025-02-01T13:51:00+03:00,1909.5,51.0,55.5,,7,24.625,39.45499992370605,1,0.1,1,0.0
2025-02-01T10:52:00+00:00,2025-02-01T13:52:00+03:00,1899.0,51.5,53.0,,7,24.625,39.6200008392334,1,0.1,1,0.0
2025-02-01T10:53:00+00:00,2025-02-01T13:53:00+03:00,1899.0,49.5,55.5,,7,24.61999988555908,39.26499938964844,1,0.1,1,0.0
2025-02-01T10:54:00+00:00,2025-02-01T13:54:00+03:00,1888.0,46.5,50.5,,7,24.59500026702881,39.07999992370605,1,0.1,1,0.0
2025-02-01T10:55:00+00:00,2025-02-01T13:55:00+03:00,1860.0,50.0,51.5,,7,24.5649995803833,38.85500144958496,1,0.1,1,0.0
2025-02-01T10:56:00+00:00,2025-02-01T13:56:00+03:00,1844.0,46.5,50.0,,7,24.50500011444092,39.21000099182129,1,0.1,1,0.0
2025-02-01T10:57:00+00:00,2025-02-01T13:57:00+03:00,1838.0,44.0,47.5,,7,24.53500080108643,38.67000007629395,1,0.1,1,0.0
2025-02-01T10:58:00+00:00,2025-02-01T13:58:00+03:00,1825.0,44.0,45.5,,7,24.52500057220459,38.72000122070312,1,0.1,1,0.0
2025-02-01T10:59:00+00:00,2025-02-01T13:59:00+03:00,1817.5,44.5,51.0,,7,24.53999996185303,38.48999977111816,1,0.1,1,0.0
2025-02-01T11:00:00+00:00,2025-02-01T14:00:00+03:00,1805.0,44.5,49.0,,7,24.54500007629395,38.32999992370605,1,0.1,1,0.0
2025-02-01T11:01:00+00:00,2025-02-01T14:01:00+03:00,1800.0,43.5,46.0,,7,24.52000045776367,38.36000061035156,1,0.1,1,0.0
2025-02-01T11:02:00+00:00,2025-02-01T14:02:00+03:00,1790.0,41.5,44.0,,7,24.51000022888184,38.31500053405762,1,0.1,1,0.0
2025-02-01T11:03:00+00:00,2025-02-01T14:03:00+03:00,1778.0,41.5,43.0,,7,24.46999931335449,37.95999908447266,1,0.1,1,0.0
2025-02-01T11:04:00+00:00,2025-02-01T14:04:00+03:00,1765.5,42.0,43.5,,7,24.46499919891357,38.18499946594238,1,0.1,1,0.0
2025-02-01T11:05:00+00:00,2025-02-01T14:05:00+03:00,1751.0,41.0,42.5,,7,24.47499942779541,37.89999961853027,1,0.1,1,0.0
2025-02-01T11:06:00+00:00,2025-02-01T14:06:00+03:00,1734.0,41.0,45.0,,7,24.48499965667725,37.84999847412109,1,0.1,1,0.0
2025-02-01T11:07:00+00:00,2025-02-01T14:07:00+03:00,1731.0,42.0,42.5,,7,24.51500034332275,37.625,1,0.1,1,0.0
2025-02-01T11:08:00+00:00,2025-02-01T14:08:00+03:00,1725.0,44.5,49.0,,7,24.51000022888184,37.63500022888184,1,0.1,1,0.0
2025-02-01T11:09:00+00:00,2025-02-01T14:09:00+03:00,1708.0,47.5,53.0,,7,24.51500034332275,37.63999938964844,1,0.1,1,0.0
2025-02-01T11:10:00+00:00,2025-02-01T14:10:00+03:00,1712.5,53.5,57.5,,7,24.51000022888184,37.67499923706055,1,0.1,1,0.0
2025-02-01T11:11:00+00:00,2025-02-01T14:11:00+03:00,1720.5,50.0,56.5,,7,24.50500011444092,37.63000106811523,2,1.0,1,0.0
2025-02-01T11:12:00+00:00,2025-02-01T14:12:00+03:00,1709.5,49.0,52.0,,7,24.50500011444092,37.82000160217285,2,0.0,1,0.0
2025-02-01T11:13:00+00:00,2025-02-01T14:13:00+03:00,1740.5,49.0,49.5,,7,24.52500057220459,38.60499954223633,2,0.0,1,0.0
2025-02-01T11:14:00+00:00,2025-02-01T14:14:00+03:00,1786.5,48.5,51.5,,7,24.57499980926514,39.47499847412109,2,0.0,1,0.0
2025-02-01T11:15:00+00:00,2025-02-01T14:15:00+03:00,1823.0,47.5,49.0,,7,24.60499954223633,40.19499969482422,2,0.0,1,0.0
2025-02-01T11:16:00+00:00,2025-02-01T14:16:00+03:00,1883.5,45.5,51.5,,7,24.58500003814697,40.55500030517578,2,0.0,1,0.0
2025-02-01T11:17:00+00:00,2025-02-01T14:17:00+03:00,1920.0,45.0,51.5,,7,24.55000019073486,40.61499977111816,2,0.0,1,0.0
2025-02-01T11:18:00+00:00,2025-02-01T14:18:00+03:00,1967.0,46.0,49.0,,7,24.52000045776367,40.92000007629395,2,0.0,1,0.0
2025-02-01T11:19:00+00:00,2025-02-01T14:19:00+03:00,1988.0,45.5,48.5,,7,24.52000045776367,41.05500030517578,2,0.0,1,0.0
2025-02-01T11:20:00+00:00,2025-02-01T14:20:00+03:00,2002.5,47.0,49.0,,8,24.52000045776367,41.15999984741211,2,0.0,1,0.0
2025-02-01T11:21:00+00:00,2025-02-01T14:21:00+03:00,2005.0,44.5,47.5,,8,24.5,41.31999969482422,2,0.0,1,0.0
2025-02-01T11:22:00+00:00,2025-02-01T14:22:00+03:00,2013.0,44.5,49.0,,8,24.51500034332275,41.45499992370605,2,0.0,1,0.0
2025-02-01T11:23:00+00:00,2025-02-01T14:23:00+03:00,2016.5,43.5,48.5,,8,24.49499988555908,41.45999908447266,2,0.0,1,0.0
2025-02-01T11:24:00+00:00,2025-02-01T14:24:00+03:00,2023.0,43.5,49.5,,8,24.48999977111816,41.43499946594238,2,0.0,1,0.0
2025-02-01T11:25:00+00:00,2025-02-01T14:25:00+03:00,2033.5,46.0,48.5,,8,24.46500015258789,41.64999961853027,2,0.0,1,0.0
2025-02-01T11:26:00+00:00,2025-02-01T14:26:00+03:00,2055.0,41.0,42.0,,8,24.47999954223633,41.79000091552734,2,0.0,1,0.0
2025-02-01T11:27:00+00:00,2025-02-01T14:27:00+03:00,2059.666666666667,42.33333333333334,44.0,,8,24.5,41.87333424886068,2,0.0,1,0.0
2025-02-01T11:28:00+00:00,2025-02-01T14:28:00+03:00,2064.0,44.0,48.0,,8,24.51500034332275,41.94000053405762,2,0.0,1,0.0
2025-02-01T11:29:00+00:00,2025-02-01T14:29:00+03:00,2056.0,42.0,46.0,,8,24.54000091552734,41.97999954223633,2,0.0,1,0.0
2025-02-01T11:30:00+00:00,2025-02-01T14:30:00+03:00,2055.333333333333,44.33333333333334,48.33333333333334,,8,24.49666659037272,42.06999969482422,2,0.0,1,0.0
2025-02-01T11:31:00+00:00,2025-02-01T14:31:00+03:00,2068.5,43.5,47.0,,8,24.51500034332275,42.09500122070312,2,0.0,1,0.0
2025-02-01T11:32:00+00:00,2025-02-01T14:32:00+03:00,2083.0,47.0,48.0,,8,24.5,42.18999862670898,2,0.0,1,0.0
2025-02-01T11:33:00+00:00,2025-02-01T14:33:00+03:00,2093.333333333333,41.33333333333334,43.33333333333334,,8,24.52000045776367,42.21333312988281,2,0.0,1,0.0
2025-02-01T11:34:00+00:00,2025-02-01T14:34:00+03:00,2099.0,43.0,43.0,,8,24.51000022888184,42.22000122070312,2,0.0,1,0.0
2025-02-01T11:35:00+00:00,2025-02-01T14:35:00+03:00,2103.333333333333,43.33333333333334,45.0,,8,24.50333340962728,42.34000015258789,2,0.0,1,0.0
2025-02-01T11:36:00+00:00,2025-02-01T14:36:00+03:00,2103.5,41.0,44.0,,8,24.55500030517578,42.31999969482422,2,0.0,1,0.0
2025-02-01T11:37:00+00:00,2025-02-01T14:37:00+03:00,2096.0,42.5,46.0,,8,24.5649995803833,42.35499954223633,2,0.0,1,0.0
2025-02-01T11:38:00+00:00,2025-02-01T14:38:00+03:00,2093.0,37.0,42.0,,8,24.54000091552734,42.40000152587891,2,0.0,1,0.0
2025-02-01T11:39:00+00:00,2025-02-01T14:39:00+03:00,2101.666666666667,41.66666666666666,45.66666666666666,,8,24.56000010172526,42.49666595458984,2,0.0,1,0.0
2025-02-01T11:40:00+00:00,2025-02-01T14:40:00+03:00,2137.0,43.5,47.0,,8,24.55999946594238,42.51499938964844,2,0.0,1,0.0
2025-02-01T11:41:00+00:00,2025-02-01T14:41:00+03:00,2146.0,45.5,51.5,,8,24.53999996185303,42.625,2,0.0,1,0.0
2025-02-01T11:42:00+00:00,2025-02-01T14:42:00+03:00,2153.5,39.5,42.0,,8,24.54000091552734,42.72999954223633,2,0.0,1,0.0
2025-02-01T11:43:00+00:00,2025-02-01T14:43:00+03:00,2161.5,39.5,41.0,,8,24.55000019073486,42.73500061035156,2,0.0,1,0.0
2025-02-01T11:44:00+00:00,2025-02-01T14:44:00+03:00,2168.0,39.5,42.0,,8,24.55500030517578,42.77500152587891,2,0.0,1,0.0
2025-02-01T11:45:00+00:00,2025-02-01T14:45:00+03:00,2169.0,38.5,43.5,,8,24.53000068664551,42.85999870300293,2,0.0,1,0.0
2025-02-01T11:46:00+00:00,2025-02-01T14:46:00+03:00,2156.5,41.0,45.5,,8,24.55999946594238,42.89500045776367,2,0.0,1,0.0
2025-02-01T11:47:00+00:00,2025-02-01T14:47:00+03:00,2158.0,41.0,42.0,,8,24.53000068664551,42.88999938964844,2,0.0,1,0.0
2025-02-01T11:48:00+00:00,2025-02-01T14:48:00+03:00,2157.333333333333,39.0,41.0,,8,24.53333409627279,42.90333302815755,2,0.0,1,0.0
2025-02-01T11:49:00+00:00,2025-02-01T14:49:00+03:00,2177.0,37.0,40.5,,8,24.53000068664551,42.97999954223633,2,0.0,1,0.0
2025-02-01T11:50:00+00:00,2025-02-01T14:50:00+03:00,2179.5,38.0,41.0,,8,24.55000019073486,42.91999816894531,2,0.0,1,0.0
2025-02-01T11:51:00+00:00,2025-02-01T14:51:00+03:00,2182.0,37.5,39.0,,8,24.57499980926514,42.91499900817871,2,0.0,1,0.0
2025-02-01T11:52:00+00:00,2025-02-01T14:52:00+03:00,2187.0,37.5,39.5,,8,24.60500049591064,42.86000061035156,2,0.0,1,0.0
2025-02-01T11:53:00+00:00,2025-02-01T14:53:00+03:00,2199.5,38.0,42.0,,8,24.60000038146973,42.8799991607666,2,0.0,1,0.0
2025-02-01T11:54:00+00:00,2025-02-01T14:54:00+03:00,2199.0,40.0,43.0,,8,24.57999992370605,42.88999938964844,2,0.0,1,0.0
2025-02-01T11:55:00+00:00,2025-02-01T14:55:00+03:00,2214.333333333333,39.66666666666666,43.0,,8,24.59666697184245,42.9966672261556,2,0.0,1,0.0
2025-02-01T11:56:00+00:00,2025-02-01T14:56:00+03:00,2222.5,37.5,41.5,,8,24.57999992370605,43.04000091552734,2,0.0,1,0.0
2025-02-01T11:57:00+00:00,2025-02-01T14:57:00+03:00,2224.0,38.0,39.0,,8,24.57999992370605,43.06999969482422,2,0.0,1,0.0
2025-02-01T11:58:00+00:00,2025-02-01T14:58:00+03:00,2235.0,38.0,43.0,,8,24.56999969482422,43.00666681925455,2,0.0,1,0.0
2025-02-01T11:59:00+00:00,2025-02-01T14:59:00+03:00,2235.5,37.5,40.5,,8,24.58500003814697,42.97999954223633,2,0.0,1,0.0
2025-02-01T12:00:00+00:00,2025-02-01T15:00:00+03:00,2242.0,35.5,38.0,,8,24.58500003814697,43.06500053405762,2,0.0,1,0.0
2025-02-01T12:01:00+00:00,2025-02-01T15:01:00+03:00,2244.0,34.0,35.0,,8,24.59000015258789,43.08000183105469,2,0.0,1,0.0
2025-02-01T12:02:00+00:00,2025-02-01T15:02:00+03:00,2243.333333333333,36.0,40.33333333333334,,8,24.59666633605957,43.09666697184245,2,0.0,1,0.0
2025-02-01T12:03:00+00:00,2025-02-01T15:03:00+03:00,2253.0,40.0,42.0,,8,24.56999969482422,43.13999938964844,2,0.0,1,0.0
2025-02-01T12:04:00+00:00,2025-02-01T15:04:00+03:00,2259.0,35.0,38.0,,8,24.54000091552734,43.16999816894531,2,0.0,1,0.0
2025-02-01T12:05:00+00:00,2025-02-01T15:05:00+03:00,2271.333333333333,35.33333333333334,38.33333333333334,,8,24.53666750590007,43.22666676839193,2,0.0,1,0.0
2025-02-01T12:06:00+00:00,2025-02-01T15:06:00+03:00,2288.5,38.0,41.0,,8,24.55500030517578,43.33500099182129,2,0.0,1,0.0
2025-02-01T12:07:00+00:00,2025-02-01T15:07:00+03:00,2293.0,34.0,36.5,,8,24.53000068664551,43.18499946594238,2,0.0,1,0.0
2025-02-01T12:08:00+00:00,2025-02-01T15:08:00+03:00,2302.0,35.0,35.5,,8,24.52500057220459,43.04500007629395,2,0.0,1,0.0
2025-02-01T12:09:00+00:00,2025-02-01T15:09:00+03:00,2307.0,31.5,32.5,,8,24.53500080108643,43.08499908447266,2,0.0,1,0.0
2025-02-01T12:10:00+00:00,2025-02-01T15:10:00+03:00,2323.0,34.0,40.0,,8,24.54000091552734,43.2599983215332,2,0.0,1,0.0
2025-02-01T12:11:00+00:00,2025-02-01T15:11:00+03:00,2341.5,35.0,38.0,,8,24.55999946594238,43.38500022888184,2,0.0,1,0.0
2025-02-01T12:12:00+00:00,2025-02-01T15:12:00+03:00,2332.0,33.0,35.5,,8,24.55500030517578,43.44000053405762,2,0.0,1,0.0
2025-02-01T12:13:00+00:00,2025-02-01T15:13:00+03:00,2336.0,33.5,36.5,,8,24.59000015258789,43.51499938964844,2,0.0,1,0.0
2025-02-01T12:14:00+00:00,2025-02-01T15:14:00+03:00,2330.0,33.5,37.5,,8,24.5649995803833,43.55999946594238,2,0.0,1,0.0
2025-02-01T12:15:00+00:00,2025-02-01T15:15:00+03:00,2322.5,34.5,37.0,,8,24.55499935150146,43.54000091552734,2,0.0,1,0.0
2025-02-01T12:16:00+00:00,2025-02-01T15:16:00+03:00,2316.5,35.0,38.5,,8,24.55000019073486,43.63000106811523,2,0.0,1,0.0
2025-02-01T12:17:00+00:00,2025-02-01T15:17:00+03:00,2317.0,34.0,35.0,,8,24.55500030517578,43.67499923706055,2,0.0,1,0.0
2025-02-01T12:18:00+00:00,2025-02-01T15:18:00+03:00,2316.5,34.0,36.0,,8,24.52500057220459,43.55499839782715,2,0.0,1,0.0
2025-02-01T12:19:00+00:00,2025-02-01T15:19:00+03:00,2327.0,34.5,38.0,,8,24.53999996185303,43.56999969482422,2,0.0,1,0.0
2025-02-01T12:20:00+00:00,2025-02-01T15:20:00+03:00,2354.0,33.0,38.5,,8,24.52999973297119,43.65499877929688,2,0.0,1,0.0
2025-02-01T12:21:00+00:00,2025-02-01T15:21:00+03:00,2368.0,35.5,39.0,,8,24.55000019073486,43.69999885559082,2,0.0,1,0.0
2025-02-01T12:22:00+00:00,2025-02-01T15:22:00+03:00,2375.0,30.5,32.0,,8,24.55999946594238,43.73999977111816,2,0.0,1,0.0
2025-02-01T12:23:00+00:00,2025-02-01T15:23:00+03:00,2368.5,32.5,35.5,,8,24.55999946594238,43.82500076293945,2,0.0,1,0.0
2025-02-01T12:24:00+00:00,2025-02-01T15:24:00+03:00,2356.5,33.5,34.0,,8,24.55499935150146,43.8700008392334,2,0.0,1,0.0
2025-02-01T12:25:00+00:00,2025-02-01T15:25:00+03:00,2350.5,34.0,37.0,,8,24.54999923706055,43.75500106811523,2,0.0,1,0.0
2025-02-01T12:26:00+00:00,2025-02-01T15:26:00+03:00,2363.5,33.0,33.5,,8,24.53000068664551,43.88000106811523,2,0.0,1,0.0
2025-02-01T12:27:00+00:00,2025-02-01T15:27:00+03:00,2389.5,33.0,33.5,,8,24.54000091552734,43.875,2,0.0,1,0.0
2025-02-01T12:28:00+00:00,2025-02-01T15:28:00+03:00,2403.0,36.5,37.5,,8,24.55499935150146,43.7549991607666,2,0.0,1,0.0
2025-02-01T12:29:00+00:00,2025-02-01T15:29:00+03:00,2409.5,33.5,34.5,,8,24.48499965667725,43.84499931335449,3,1.0,1,0.0
2025-02-01T12:30:00+00:00,2025-02-01T15:30:00+03:00,2426.5,36.5,38.5,,8,24.5,44.06500053405762,3,0.1,1,0.0
2025-02-01T12:31:00+00:00,2025-02-01T15:31:00+03:00,2434.0,30.5,36.0,,8,24.55000019073486,43.51999855041504,3,0.1,1,0.0
2025-02-01T12:32:00+00:00,2025-02-01T15:32:00+03:00,2346.0,30.5,32.5,,8,24.625,42.64499855041504,3,0.1,1,0.0
2025-02-01T12:33:00+00:00,2025-02-01T15:33:00+03:00,2272.0,26.0,30.5,,8,24.66499996185303,41.09000015258789,3,0.1,1,0.0
2025-02-01T12:34:00+00:00,2025-02-01T15:34:00+03:00,2150.0,30.0,30.0,,8,24.75500011444092,40.76499938964844,3,0.1,1,0.0
2025-02-01T12:35:00+00:00,2025-02-01T15:35:00+03:00,2174.0,25.5,27.5,,8,24.77500057220459,40.20000076293945,3,0.1,1,0.0
2025-02-01T12:36:00+00:00,2025-02-01T15:36:00+03:00,2110.5,26.5,31.0,,8,24.79500007629395,40.15999984741211,3,0.1,1,0.0
2025-02-01T12:37:00+00:00,2025-02-01T15:37:00+03:00,2056.0,24.5,27.0,,8,24.76500034332275,39.84000015258789,3,0.1,1,0.0
2025-02-01T12:38:00+00:00,2025-02-01T15:38:00+03:00,2017.5,25.0,26.0,,8,24.76500034332275,39.65499877929688,3,0.1,1,0.0
2025-02-01T12:39:00+00:00,2025-02-01T15:39:00+03:00,1975.5,23.5,25.0,,7,24.74499988555908,39.76000022888184,3,0.1,1,0.0
2025-02-01T12:40:00+00:00,2025-02-01T15:40:00+03:00,1974.5,26.5,26.5,,7,24.77000045776367,40.22500038146973,3,0.1,1,0.0
2025-02-01T12:41:00+00:00,2025-02-01T15:41:00+03:00,1981.5,24.5,27.0,,7,24.76000022888184,40.01000022888184,3,0.1,1,0.0
2025-02-01T12:42:00+00:00,2025-02-01T15:42:00+03:00,1989.0,25.5,28.5,,7,24.79000091552734,40.02999877929688,3,0.1,1,0.0
2025-02-01T12:43:00+00:00,2025-02-01T15:43:00+03:00,1994.0,26.0,28.5,,7,24.78000068664551,40.60000038146973,3,0.1,1,0.0
2025-02-01T12:44:00+00:00,2025-02-01T15:44:00+03:00,2015.5,25.0,26.5,,8,24.72999954223633,40.77000045776367,3,0.1,1,0.0
2025-02-01T12:45:00+00:00,2025-02-01T15:45:00+03:00,2024.5,25.0,28.0,,8,24.75,40.68000030517578,3,0.1,1,0.0
2025-02-01T12:46:00+00:00,2025-02-01T15:46:00+03:00,2055.5,24.0,26.5,,8,24.72999954223633,41.52499961853027,2,1.0,1,0.0
2025-02-01T12:47:00+00:00,2025-02-01T15:47:00+03:00,2083.5,24.0,24.5,,8,24.73499965667725,41.04000091552734,3,0.0,1,0.0
2025-02-01T12:48:00+00:00,2025-02-01T15:48:00+03:00,2081.0,24.0,24.5,,8,24.67999935150146,41.375,3,0.0,1,0.0
2025-02-01T12:49:00+00:00,2025-02-01T15:49:00+03:00,2054.5,23.0,24.5,,8,24.63999938964844,41.23000144958496,3,0.0,1,0.0
2025-02-01T12:50:00+00:00,2025-02-01T15:50:00+03:00,2035.0,23.5,27.0,,8,24.60500049591064,41.20499992370605,3,0.0,1,0.0
2025-02-01T12:51:00+00:00,2025-02-01T15:51:00+03:00,2035.5,23.5,25.5,,8,24.59000015258789,40.97500038146973,2,1.0,1,0.0
2025-02-01T12:52:00+00:00,2025-02-01T15:52:00+03:00,2022.0,23.5,25.5,,8,24.63999938964844,41.375,3,0.0,1,0.0
2025-02-01T12:53:00+00:00,2025-02-01T15:53:00+03:00,1993.5,22.5,22.5,,7,24.63000011444092,41.20999908447266,3,0.0,1,0.0
2025-02-01T12:54:00+00:00,2025-02-01T15:54:00+03:00,1982.5,20.5,22.5,,7,24.67000007629395,40.96500015258789,3,0.0,1,0.0
2025-02-01T12:55:00+00:00,2025-02-01T15:55:00+03:00,1982.0,21.5,24.5,,7,24.73499965667725,40.52499961853027,3,0.0,1,0.0
2025-02-01T12:56:00+00:00,2025-02-01T15:56:00+03:00,1966.5,19.5,21.0,,7,24.75500011444092,40.81500053405762,3,0.0,1,0.0
2025-02-01T12:57:00+00:00,2025-02-01T15:57:00+03:00,1967.0,23.0,24.5,,7,24.73499965667725,40.78499984741211,3,0.0,1,0.0
2025-02-01T12:58:00+00:00,2025-02-01T15:58:00+03:00,1973.5,22.0,24.0,,7,24.6899995803833,40.8700008392334,3,0.0,1,0.0
2025-02-01T12:59:00+00:00,2025-02-01T15:59:00+03:00,2015.5,23.0,23.5,,8,24.74499988555908,40.61000061035156,3,0.0,1,0.0
2025-02-01T13:00:00+00:00,2025-02-01T16:00:00+03:00,2067.5,21.5,22.0,,8,24.77500057220459,41.2450008392334,3,0.0,1,0.0
2025-02-01T13:01:00+00:00,2025-02-01T16:01:00+03:00,2113.0,22.5,24.5,,8,24.79500007629395,41.26500129699707,3,0.0,1,0.0
2025-02-01T13:02:00+00:00,2025-02-01T16:02:00+03:00,2129.0,19.5,21.5,,8,24.8149995803833,41.81499862670898,3,0.0,1,0.0
2025-02-01T13:03:00+00:00,2025-02-01T16:03:00+03:00,2180.0,22.0,23.0,,8,24.71499919891357,42.67000007629395,3,0.0,1,0.0
2025-02-01T13:04:00+00:00,2025-02-01T16:04:00+03:00,2298.5,22.5,24.0,,8,24.67500019073486,42.76499938964844,3,0.0,1,0.0
2025-02-01T13:05:00+00:00,2025-02-01T16:05:00+03:00,2362.0,22.5,25.0,,8,24.61000061035156,42.93999862670898,3,0.0,1,0.0
2025-02-01T13:06:00+00:00,2025-02-01T16:06:00+03:00,2390.0,22.0,24.0,,8,24.59999942779541,43.05000114440918,3,0.0,1,0.0
2025-02-01T13:07:00+00:00,2025-02-01T16:07:00+03:00,2396.0,24.0,25.0,,8,24.54999923706055,43.21999931335449,3,0.0,1,0.0
2025-02-01T13:08:00+00:00,2025-02-01T16:08:00+03:00,2401.5,22.5,27.0,,8,24.53499984741211,43.34000015258789,3,0.0,1,0.0
2025-02-01T13:09:00+00:00,2025-02-01T16:09:00+03:00,2415.0,22.5,26.0,,8,24.50500011444092,43.44999885559082,3,0.0,1,0.0
2025-02-01T13:10:00+00:00,2025-02-01T16:10:00+03:00,2413.0,20.5,21.5,,8,24.51500034332275,43.51000022888184,3,0.0,1,0.0
2025-02-01T13:11:00+00:00,2025-02-01T16:11:00+03:00,2417.0,23.5,26.0,,8,24.48499965667725,43.56999969482422,3,0.0,1,0.0
2025-02-01T13:12:00+00:00,2025-02-01T16:12:00+03:00,2420.5,22.5,24.0,,8,24.48999977111816,43.64999961853027,3,0.0,1,0.0
2025-02-01T13:13:00+00:00,2025-02-01T16:13:00+03:00,2422.5,21.0,22.5,,8,24.46999931335449,43.60000038146973,3,0.0,1,0.0
2025-02-01T13:14:00+00:00,2025-02-01T16:14:00+03:00,2418.0,23.0,23.5,,8,24.51500034332275,43.625,3,0.0,1,0.0
2025-02-01T13:15:00+00:00,2025-02-01T16:15:00+03:00,2416.5,23.0,24.0,,8,24.51000022888184,43.70499992370605,3,0.0,1,0.0
2025-02-01T13:16:00+00:00,2025-02-01T16:16:00+03:00,2428.5,20.0,21.5,,8,24.51000022888184,43.73500061035156,3,0.0,1,0.0
2025-02-01T13:17:00+00:00,2025-02-01T16:17:00+03:00,2463.5,20.0,24.5,,8,24.46999931335449,43.77000045776367,3,0.0,1,0.0
2025-02-01T13:18:00+00:00,2025-02-01T16:18:00+03:00,2490.5,21.0,23.0,,8,24.46000003814697,43.82500076293945,2,1.0,1,0.0
2025-02-01T13:19:00+00:00,2025-02-01T16:19:00+03:00,2504.0,21.5,23.0,,9,24.47999954223633,43.77000045776367,2,0.0,1,0.0
2025-02-01T13:20:00+00:00,2025-02-01T16:20:00+03:00,2480.0,20.0,22.0,,8,24.52000045776367,43.93000030517578,1,1.0,1,0.0
2025-02-01T13:21:00+00:00,2025-02-01T16:21:00+03:00,2458.5,21.5,21.5,,8,24.54500007629395,43.94499969482422,1,0.0,1,0.0
2025-02-01T13:22:00+00:00,2025-02-01T16:22:00+03:00,2479.5,18.5,18.5,,8,24.57999992370605,43.89999961853027,1,0.0,1,0.0
2025-02-01T13:23:00+00:00,2025-02-01T16:23:00+03:00,2490.0,17.0,19.0,,8,24.61999988555908,43.73000144958496,0,1.0,1,0.0
2025-02-01T13:24:00+00:00,2025-02-01T16:24:00+03:00,2479.5,18.5,19.0,,8,24.70499992370605,43.66499900817871,0,0.0,1,0.0
2025-02-01T13:25:00+00:00,2025-02-01T16:25:00+03:00,2448.5,20.5,23.5,,8,24.72499942779541,43.06499862670898,0,0.0,1,0.0
2025-02-01T13:26:00+00:00,2025-02-01T16:26:00+03:00,2348.5,19.5,20.0,,8,24.78999996185303,42.46500015258789,0,0.0,1,0.0
2025-02-01T13:27:00+00:00,2025-02-01T16:27:00+03:00,2352.0,19.0,20.0,,8,24.77000045776367,43.34000015258789,1,1.0,1,0.0
2025-02-01T13:28:00+00:00,2025-02-01T16:28:00+03:00,2446.5,20.5,21.5,,8,24.6899995803833,43.43000030517578,0,0.0,1,0.0
2025-02-01T13:29:00+00:00,2025-02-01T16:29:00+03:00,2346.5,15.5,17.0,,8,24.76000022888184,40.31500053405762,0,0.0,1,0.0
2025-02-01T13:30:00+00:00,2025-02-01T16:30:00+03:00,2003.0,18.0,20.0,,8,24.81999969482422,41.63500022888184,0,0.0,1,0.0
2025-02-01T13:31:00+00:00,2025-02-01T16:31:00+03:00,2073.5,19.0,21.5,,8,24.77499961853027,42.72500038146973,0,0.0,1,0.0
2025-02-01T13:32:00+00:00,2025-02-01T16:32:00+03:00,2227.5,21.0,23.0,,8,24.75500011444092,42.65500068664551,0,0.0,1,0.0
2025-02-01T13:33:00+00:00,2025-02-01T16:33:00+03:00,2273.0,18.0,18.5,,8,24.76500034332275,42.72499847412109,0,0.0,1,0.0
2025-02-01T13:34:00+00:00,2025-02-01T16:34:00+03:00,2321.5,17.5,20.0,,8,24.69499969482422,42.71500015258789,0,0.0,1,0.0
2025-02-01T13:35:00+00:00,2025-02-01T16:35:00+03:00,2274.5,18.0,19.5,,8,24.65999984741211,42.47999954223633,0,0.0,1,0.0
2025-02-01T13:36:00+00:00,2025-02-01T16:36:00+03:00,2192.0,16.5,17.5,,8,24.64499950408936,42.6150016784668,0,0.0,1,0.0
2025-02-01T13:37:00+00:00,2025-02-01T16:37:00+03:00,2150.5,18.0,20.5,,8,24.63500022888184,42.56000137329102,1,1.0,1,0.0
2025-02-01T13:38:00+00:00,2025-02-01T16:38:00+03:00,2138.0,16.5,17.0,,8,24.59000015258789,42.28999900817871,1,1.0,1,0.0
2025-02-01T13:39:00+00:00,2025-02-01T16:39:00+03:00,2127.5,16.0,17.0,,8,24.64499950408936,41.50500106811523,1,0.2,1,0.0
2025-02-01T13:40:00+00:00,2025-02-01T16:40:00+03:00,2050.0,18.0,18.0,,8,24.69499969482422,40.375,1,0.2,1,0.0
2025-02-01T13:41:00+00:00,2025-02-01T16:41:00+03:00,1961.5,15.5,16.0,,7,24.77000045776367,40.39500045776367,1,0.2,1,0.0
2025-02-01T13:42:00+00:00,2025-02-01T16:42:00+03:00,1848.5,15.0,16.0,,7,24.79500007629395,40.65500068664551,1,0.2,1,0.0
2025-02-01T13:43:00+00:00,2025-02-01T16:43:00+03:00,1803.5,15.0,16.5,,7,24.80999946594238,40.75500106811523,1,0.2,1,0.0
2025-02-01T13:44:00+00:00,2025-02-01T16:44:00+03:00,1780.0,15.0,16.5,,7,24.81999969482422,40.53499984741211,1,0.2,1,0.0
2025-02-01T13:45:00+00:00,2025-02-01T16:45:00+03:00,1781.0,17.5,19.0,,7,24.82499980926514,40.3799991607666,1,0.2,1,0.0
2025-02-01T13:46:00+00:00,2025-02-01T16:46:00+03:00,1780.0,13.5,13.5,,7,24.85999965667725,39.67000007629395,1,0.2,1,0.0
2025-02-01T13:47:00+00:00,2025-02-01T16:47:00+03:00,1775.0,16.0,19.0,,7,24.875,39.94000053405762,1,0.2,1,0.0
2025-02-01T13:48:00+00:00,2025-02-01T16:48:00+03:00,1766.5,15.5,16.5,,7,24.875,39.85499954223633,1,0.2,1,0.0
2025-02-01T13:49:00+00:00,2025-02-01T16:49:00+03:00,1768.5,14.5,15.5,,7,24.89999961853027,39.68000030517578,1,0.2,1,0.0
2025-02-01T13:50:00+00:00,2025-02-01T16:50:00+03:00,1771.0,14.0,16.5,,7,24.91499996185303,38.97999954223633,1,0.2,1,0.0
2025-02-01T13:51:00+00:00,2025-02-01T16:51:00+03:00,1772.0,15.0,16.5,,7,24.94500064849854,39.51499938964844,1,0.2,1,0.0
2025-02-01T13:52:00+00:00,2025-02-01T16:52:00+03:00,1775.0,17.0,17.0,,7,24.94000053405762,40.1299991607666,1,0.2,1,0.0
2025-02-01T13:53:00+00:00,2025-02-01T16:53:00+03:00,1779.0,15.0,15.0,,7,24.88999938964844,40.51999855041504,1,0.2,1,0.0
2025-02-01T13:54:00+00:00,2025-02-01T16:54:00+03:00,1767.5,13.0,14.0,,7,24.90499973297119,39.79500007629395,1,0.2,1,0.0
2025-02-01T13:55:00+00:00,2025-02-01T16:55:00+03:00,1740.0,15.5,16.5,,7,24.88499927520752,39.72999954223633,1,0.2,1,0.0
2025-02-01T13:56:00+00:00,2025-02-01T16:56:00+03:00,1734.5,15.0,16.0,,7,24.9350004196167,38.69999885559082,1,0.2,1,0.0
2025-02-01T13:57:00+00:00,2025-02-01T16:57:00+03:00,1731.5,15.0,17.5,,7,24.93000030517578,39.89999961853027,1,0.2,1,0.0
2025-02-01T13:58:00+00:00,2025-02-01T16:58:00+03:00,1739.0,13.5,13.5,,7,24.92000007629395,39.94499969482422,1,0.2,1,0.0
2025-02-01T13:59:00+00:00,2025-02-01T16:59:00+03:00,1739.0,15.0,15.0,,7,24.93000030517578,40.02999877929688,1,0.2,1,0.0
2025-02-01T14:00:00+00:00,2025-02-01T17:00:00+03:00,1747.0,12.5,12.5,,7,24.94999980926514,39.88500022888184,1,0.2,1,0.0
2025-02-01T14:01:00+00:00,2025-02-01T17:01:00+03:00,1736.0,14.5,16.0,,7,24.96499919891357,40.32999992370605,1,0.2,1,0.0
2025-02-01T14:02:00+00:00,2025-02-01T17:02:00+03:00,1735.5,14.5,16.5,,7,24.92500019073486,40.14999961853027,1,0.2,1,0.0
2025-02-01T14:03:00+00:00,2025-02-01T17:03:00+03:00,1727.0,13.0,13.5,,7,24.875,40.42000007629395,1,0.2,1,0.0
2025-02-01T14:04:00+00:00,2025-02-01T17:04:00+03:00,1714.0,12.5,15.0,,7,24.86000061035156,40.05999946594238,1,0.2,1,0.0
2025-02-01T14:05:00+00:00,2025-02-01T17:05:00+03:00,1695.0,12.5,12.5,,7,24.8799991607666,39.95000076293945,1,0.2,1,0.0
2025-02-01T14:06:00+00:00,2025-02-01T17:06:00+03:00,1685.0,13.5,13.5,,7,24.86000061035156,39.86999893188477,1,0.2,1,0.0
2025-02-01T14:07:00+00:00,2025-02-01T17:07:00+03:00,1682.0,13.0,16.5,,7,24.89499950408936,39.85499954223633,1,0.2,1,0.0
2025-02-01T14:08:00+00:00,2025-02-01T17:08:00+03:00,1686.0,14.5,16.0,,7,24.86499977111816,40.1349983215332,1,0.2,1,0.0
2025-02-01T14:09:00+00:00,2025-02-01T17:09:00+03:00,1685.0,13.5,13.5,,7,24.83500003814697,40.28000068664551,1,0.2,1,0.0
2025-02-01T14:10:00+00:00,2025-02-01T17:10:00+03:00,1672.5,12.5,14.0,,7,24.82999992370605,40.42000007629395,1,0.2,1,0.0
2025-02-01T14:11:00+00:00,2025-02-01T17:11:00+03:00,1680.5,12.5,15.0,,7,24.80499935150146,40.51000022888184,1,0.2,1,0.0
2025-02-01T14:12:00+00:00,2025-02-01T17:12:00+03:00,1683.5,13.0,14.0,,7,24.80499935150146,40.42000007629395,1,0.2,1,0.0
2025-02-01T14:13:00+00:00,2025-02-01T17:13:00+03:00,1700.5,14.0,14.0,,7,24.76500034332275,40.51999855041504,1,0.2,1,0.0
2025-02-01T14:14:00+00:00,2025-02-01T17:14:00+03:00,1730.0,14.5,15.5,,7,24.70499992370605,40.6299991607666,1,0.2,1,0.0
2025-02-01T14:15:00+00:00,2025-02-01T17:15:00+03:00,1719.0,12.5,17.0,,7,24.75,40.51000022888184,1,0.2,1,0.0
2025-02-01T14:16:00+00:00,2025-02-01T17:16:00+03:00,1730.5,13.0,13.0,,7,24.71999931335449,40.60000038146973,1,0.2,1,0.0
2025-02-01T14:17:00+00:00,2025-02-01T17:17:00+03:00,1710.5,12.5,13.0,,7,24.73499965667725,40.5,1,0.2,1,0.0
2025-02-01T14:18:00+00:00,2025-02-01T17:18:00+03:00,1664.0,16.0,17.5,,7,24.76500034332275,40.42499923706055,1,0.2,1,0.0
2025-02-01T14:19:00+00:00,2025-02-01T17:19:00+03:00,1648.0,26.5,30.0,,7,24.76000022888184,40.43000030517578,1,0.2,1,0.0
2025-02-01T14:20:00+00:00,2025-02-01T17:20:00+03:00,1643.5,34.5,35.5,,7,24.72999954223633,40.36499977111816,1,0.2,1,0.0
2025-02-01T14:21:00+00:00,2025-02-01T17:21:00+03:00,1660.5,45.5,49.5,,7,24.70499992370605,40.53999900817871,1,0.2,1,0.0
2025-02-01T14:22:00+00:00,2025-02-01T17:22:00+03:00,1653.5,71.0,77.0,,8,24.75500011444092,40.35499954223633,1,0.2,1,0.0
2025-02-01T14:23:00+00:00,2025-02-01T17:23:00+03:00,1644.5,75.5,83.5,,9,24.73999977111816,40.36499977111816,1,0.2,1,0.0
2025-02-01T14:24:00+00:00,2025-02-01T17:24:00+03:00,1629.0,68.5,71.5,,8,24.75,40.35499954223633,1,0.2,1,0.0
2025-02-01T14:25:00+00:00,2025-02-01T17:25:00+03:00,1634.0,77.5,81.0,,9,24.75,40.22500038146973,1,0.2,1,0.0
2025-02-01T14:26:00+00:00,2025-02-01T17:26:00+03:00,1623.0,77.5,86.0,,9,24.75500011444092,40.29500007629395,1,0.2,1,0.0
2025-02-01T14:27:00+00:00,2025-02-01T17:27:00+03:00,1628.5,81.5,88.5,,9,24.76500034332275,40.28999900817871,1,0.2,1,0.0
2025-02-01T14:28:00+00:00,2025-02-01T17:28:00+03:00,1637.5,55.5,60.5,,7,24.72999954223633,40.30500030517578,1,0.2,1,0.0
2025-02-01T14:29:00+00:00,2025-02-01T17:29:00+03:00,1719.5,54.0,57.5,,7,24.70499992370605,40.38500022888184,1,0.0,1,0.0
2025-02-01T14:30:00+00:00,2025-02-01T17:30:00+03:00,1746.0,76.5,78.0,,9,24.70999908447266,40.43000030517578,2,1.0,1,0.0
2025-02-01T14:31:00+00:00,2025-02-01T17:31:00+03:00,1679.0,56.0,61.0,,7,24.69999980926514,40.3700008392334,1,0.0,1,0.0
2025-02-01T14:32:00+00:00,2025-02-01T17:32:00+03:00,1708.5,68.5,75.5,,8,24.66499996185303,40.56500053405762,1,0.0,1,0.0
2025-02-01T14:33:00+00:00,2025-02-01T17:33:00+03:00,1749.0,59.5,65.0,,7,24.6850004196167,40.66500091552734,1,0.0,1,0.0
2025-02-01T14:34:00+00:00,2025-02-01T17:34:00+03:00,1767.5,47.0,54.5,,7,24.67999935150146,40.78000068664551,1,0.0,1,0.0
2025-02-01T14:35:00+00:00,2025-02-01T17:35:00+03:00,1841.0,31.5,34.0,,7,24.6299991607666,40.8799991607666,1,0.0,1,0.0
2025-02-01T14:36:00+00:00,2025-02-01T17:36:00+03:00,1907.0,31.0,36.0,,7,24.59500026702881,40.90999984741211,1,0.0,1,0.0
2025-02-01T14:37:00+00:00,2025-02-01T17:37:00+03:00,1952.0,32.5,33.5,,7,24.56999969482422,41.125,1,0.0,1,0.0
2025-02-01T14:38:00+00:00,2025-02-01T17:38:00+03:00,1973.5,29.0,32.5,,7,24.55499935150146,41.17499923706055,1,0.0,1,0.0
2025-02-01T14:39:00+00:00,2025-02-01T17:39:00+03:00,1982.5,32.0,34.0,,7,24.52000045776367,41.17499923706055,1,0.0,1,0.0
2025-02-01T14:40:00+00:00,2025-02-01T17:40:00+03:00,1987.0,28.5,32.0,,7,24.52500057220459,41.2450008392334,1,0.0,1,0.0
2025-02-01T14:41:00+00:00,2025-02-01T17:41:00+03:00,1990.5,30.0,34.5,,7,24.51000022888184,41.32500076293945,1,0.0,1,0.0
2025-02-01T14:42:00+00:00,2025-02-01T17:42:00+03:00,1990.0,30.0,36.5,,7,24.52999973297119,41.36999893188477,1,0.0,1,0.0
2025-02-01T14:43:00+00:00,2025-02-01T17:43:00+03:00,1997.0,29.0,31.5,,7,24.48499965667725,41.34000015258789,1,0.0,1,0.0
2025-02-01T14:44:00+00:00,2025-02-01T17:44:00+03:00,1998.0,29.5,31.0,,7,24.47500038146973,41.3700008392334,1,0.0,1,0.0
2025-02-01T14:45:00+00:00,2025-02-01T17:45:00+03:00,2001.0,32.0,35.0,,8,24.5,41.58000183105469,1,0.0,1,0.0
2025-02-01T14:46:00+00:00,2025-02-01T17:46:00+03:00,2008.0,31.0,32.0,,8,24.48999977111816,41.63999938964844,1,0.0,1,0.0
2025-02-01T14:47:00+00:00,2025-02-01T17:47:00+03:00,2014.5,31.0,34.5,,8,24.5,41.59500122070312,1,0.0,1,0.0
2025-02-01T14:48:00+00:00,2025-02-01T17:48:00+03:00,2014.5,30.0,32.0,,8,24.50500011444092,41.47999954223633,1,0.0,1,0.0
2025-02-01T14:49:00+00:00,2025-02-01T17:49:00+03:00,2012.0,30.0,31.0,,8,24.51500034332275,41.44000053405762,1,0.0,1,0.0
2025-02-01T14:50:00+00:00,2025-02-01T17:50:00+03:00,2006.5,32.5,36.5,,8,24.50500011444092,41.61000061035156,1,0.0,1,0.0
2025-02-01T14:51:00+00:00,2025-02-01T17:51:00+03:00,2017.5,31.5,37.5,,8,24.50500011444092,41.68000030517578,1,0.0,1,0.0
2025-02-01T14:52:00+00:00,2025-02-01T17:52:00+03:00,2029.0,31.0,33.0,,8,24.47499942779541,41.73500061035156,2,1.0,1,0.0
2025-02-01T14:53:00+00:00,2025-02-01T17:53:00+03:00,2041.5,31.0,37.0,,8,24.49499988555908,41.7450008392334,2,1.0,1,0.0
2025-02-01T14:54:00+00:00,2025-02-01T17:54:00+03:00,2030.5,59.5,66.0,,8,24.44499969482422,40.45499992370605,2,1.0,1,0.0
2025-02-01T14:55:00+00:00,2025-02-01T17:55:00+03:00,1538.5,85.0,95.5,,9,24.09000015258789,36.71500015258789,1,1.0,1,0.0
2025-02-01T14:56:00+00:00,2025-02-01T17:56:00+03:00,953.0,83.0,90.5,,9,23.91499996185303,35.88000106811523,1,1.0,1,0.0
2025-02-01T14:57:00+00:00,2025-02-01T17:57:00+03:00,756.0,80.0,88.5,,9,23.76500034332275,35.43499946594238,1,1.0,1,0.0
2025-02-01T14:58:00+00:00,2025-02-01T17:58:00+03:00,690.5,76.5,83.5,,9,23.82500076293945,35.7450008392334,1,0.1,1,0.0
2025-02-01T14:59:00+00:00,2025-02-01T17:59:00+03:00,687.5,77.0,90.5,,9,23.97000026702881,35.85000038146973,1,0.1,1,0.0
2025-02-01T15:00:00+00:00,2025-02-01T18:00:00+03:00,697.0,72.5,85.0,,8,24.11999988555908,35.91499900817871,1,0.1,1,0.0
2025-02-01T15:01:00+00:00,2025-02-01T18:01:00+03:00,731.0,70.0,81.0,,8,24.22500038146973,35.97499847412109,1,0.1,1,0.0
2025-02-01T15:02:00+00:00,2025-02-01T18:02:00+03:00,786.0,69.5,77.5,,8,24.32999992370605,36.03499984741211,1,0.1,1,0.0
2025-02-01T15:03:00+00:00,2025-02-01T18:03:00+03:00,854.5,65.5,73.5,,8,24.39999961853027,36.08499908447266,2,1.0,1,0.0
2025-02-01T15:04:00+00:00,2025-02-01T18:04:00+03:00,917.5,58.5,64.5,,7,24.45499992370605,36.32499885559082,2,0.0,1,0.0
2025-02-01T15:05:00+00:00,2025-02-01T18:05:00+03:00,966.5,48.5,57.0,,6,24.41499996185303,35.24499893188477,2,0.0,1,0.0
2025-02-01T15:06:00+00:00,2025-02-01T18:06:00+03:00,889.0,45.5,51.0,,6,24.34500026702881,33.67000007629395,1,1.0,1,0.0
2025-02-01T15:07:00+00:00,2025-02-01T18:07:00+03:00,792.0,45.5,50.0,,6,24.36999988555908,34.27999877929688,1,0.1,1,0.0
2025-02-01T15:08:00+00:00,2025-02-01T18:08:00+03:00,833.5,44.5,53.5,,5,24.46000003814697,34.99499893188477,2,0.5,1,0.0
2025-02-01T15:09:00+00:00,2025-02-01T18:09:00+03:00,906.0,49.5,55.0,,6,24.52500057220459,35.63500022888184,2,0.0,1,0.0
2025-02-01T15:10:00+00:00,2025-02-01T18:10:00+03:00,982.0,49.0,55.0,,6,24.55500030517578,36.58500099182129,2,0.0,1,0.0
2025-02-01T15:11:00+00:00,2025-02-01T18:11:00+03:00,1041.5,49.5,59.0,,6,24.60000038146973,36.76000022888184,2,0.0,1,0.0
2025-02-01T15:12:00+00:00,2025-02-01T18:12:00+03:00,1060.5,42.5,48.0,,5,24.625,36.57999992370605,2,0.0,1,0.0
2025-02-01T15:13:00+00:00,2025-02-01T18:13:00+03:00,1042.5,44.0,50.5,,5,24.61999988555908,36.31499862670898,2,0.0,1,0.0
2025-02-01T15:14:00+00:00,2025-02-01T18:14:00+03:00,1035.5,43.5,46.5,,5,24.61000061035156,36.4950008392334,2,0.0,1,0.0
2025-02-01T15:15:00+00:00,2025-02-01T18:15:00+03:00,1033.0,46.5,52.5,,6,24.61500072479248,36.55999946594238,2,0.0,1,0.0
2025-02-01T15:16:00+00:00,2025-02-01T18:16:00+03:00,1043.0,39.5,48.0,,5,24.625,36.47000122070312,2,0.0,1,0.0
2025-02-01T15:17:00+00:00,2025-02-01T18:17:00+03:00,1045.5,43.0,48.5,,5,24.61500072479248,36.64999961853027,2,0.0,1,0.0
2025-02-01T15:18:00+00:00,2025-02-01T18:18:00+03:00,1052.5,42.5,46.5,,5,24.59500026702881,36.72500038146973,2,0.0,1,0.0
2025-02-01T15:19:00+00:00,2025-02-01T18:19:00+03:00,1057.5,40.5,46.5,,5,24.60000038146973,37.00500106811523,2,0.0,1,0.0
2025-02-01T15:20:00+00:00,2025-02-01T18:20:00+03:00,1057.5,38.5,43.5,,5,24.61500072479248,36.86499977111816,2,0.0,1,0.0
2025-02-01T15:21:00+00:00,2025-02-01T18:21:00+03:00,1065.0,45.0,51.5,,6,24.58500003814697,37.32500076293945,2,0.0,1,0.0
2025-02-01T15:22:00+00:00,2025-02-01T18:22:00+03:00,1086.0,40.5,45.5,,5,24.55000019073486,37.41499900817871,2,0.0,1,0.0
2025-02-01T15:23:00+00:00,2025-02-01T18:23:00+03:00,1095.5,37.0,43.5,,5,24.55000019073486,37.44000053405762,2,0.0,1,0.0
2025-02-01T15:24:00+00:00,2025-02-01T18:24:00+03:00,1097.5,35.5,39.0,,5,24.57999992370605,38.14000129699707,2,0.0,1,0.0
2025-02-01T15:25:00+00:00,2025-02-01T18:25:00+03:00,1108.0,35.5,40.0,,5,24.57499980926514,37.89999961853027,2,0.0,1,0.0
2025-02-01T15:26:00+00:00,2025-02-01T18:26:00+03:00,1128.0,38.0,43.5,,5,24.55999946594238,37.97500038146973,1,1.0,1,0.0
2025-02-01T15:27:00+00:00,2025-02-01T18:27:00+03:00,1130.5,37.0,42.5,,5,24.55999946594238,36.34499931335449,1,0.1,1,0.0
2025-02-01T15:28:00+00:00,2025-02-01T18:28:00+03:00,1020.0,35.5,40.0,,5,24.59500026702881,35.84999847412109,2,1.0,1,0.0
2025-02-01T15:29:00+00:00,2025-02-01T18:29:00+03:00,1019.0,33.5,45.0,,5,24.65499973297119,35.91500091552734,1,0.1,1,0.0
2025-02-01T15:30:00+00:00,2025-02-01T18:30:00+03:00,1041.5,37.0,42.5,,5,24.67000007629395,36.36999893188477,1,0.1,1,0.0
2025-02-01T15:31:00+00:00,2025-02-01T18:31:00+03:00,1067.0,30.0,34.5,,5,24.71000003814697,36.09499931335449,2,0.5,1,0.0
2025-02-01T15:32:00+00:00,2025-02-01T18:32:00+03:00,1050.5,32.5,35.5,,5,24.74499988555908,36.06500053405762,2,0.5,1,0.0
2025-02-01T15:33:00+00:00,2025-02-01T18:33:00+03:00,1047.5,33.0,39.0,,5,24.79000091552734,36.85499954223633,2,0.5,1,0.0
2025-02-01T15:34:00+00:00,2025-02-01T18:34:00+03:00,1092.5,33.5,37.5,,5,24.8149995803833,36.83500099182129,2,0.5,1,0.0
2025-02-01T15:35:00+00:00,2025-02-01T18:35:00+03:00,1101.0,36.0,41.5,,5,24.8100004196167,37.53000068664551,2,0.5,1,0.0
2025-02-01T15:36:00+00:00,2025-02-01T18:36:00+03:00,1108.0,31.0,32.0,,5,24.73499965667725,37.64999961853027,2,0.5,1,0.0
2025-02-01T15:37:00+00:00,2025-02-01T18:37:00+03:00,1107.0,31.0,37.5,,5,24.73999977111816,37.34000015258789,2,0.5,1,0.0
2025-02-01T15:38:00+00:00,2025-02-01T18:38:00+03:00,1089.5,30.0,34.5,,5,24.71999931335449,37.57999992370605,2,0.5,1,0.0
2025-02-01T15:39:00+00:00,2025-02-01T18:39:00+03:00,1085.5,29.5,35.0,,5,24.71000003814697,37.91500091552734,1,0.5,1,0.0
2025-02-01T15:40:00+00:00,2025-02-01T18:40:00+03:00,1111.5,33.5,35.5,,5,24.64999961853027,37.7450008392334,1,0.0,1,0.0
2025-02-01T15:41:00+00:00,2025-02-01T18:41:00+03:00,1110.5,30.5,33.0,,5,24.74499988555908,37.18000030517578,1,0.0,1,0.0
2025-02-01T15:42:00+00:00,2025-02-01T18:42:00+03:00,1126.0,33.0,41.0,,5,24.77000045776367,38.02000045776367,2,0.5,1,0.0
2025-02-01T15:43:00+00:00,2025-02-01T18:43:00+03:00,1134.5,46.5,54.5,,6,24.77000045776367,36.78499984741211,1,0.1,1,0.0
2025-02-01T15:44:00+00:00,2025-02-01T18:44:00+03:00,1102.5,47.5,52.5,,6,24.8149995803833,36.68499946594238,1,0.1,1,0.0
2025-02-01T15:45:00+00:00,2025-02-01T18:45:00+03:00,1090.0,64.5,73.0,,7,24.8149995803833,36.47000122070312,1,0.1,1,0.0
2025-02-01T15:46:00+00:00,2025-02-01T18:46:00+03:00,1080.0,69.5,76.5,,8,24.83500003814697,36.5,1,0.1,1,0.0
2025-02-01T15:47:00+00:00,2025-02-01T18:47:00+03:00,1071.0,73.5,80.5,,8,24.80999946594238,36.32499885559082,1,0.1,1,0.0
2025-02-01T15:48:00+00:00,2025-02-01T18:48:00+03:00,1064.0,72.33333333333333,80.66666666666667,,8,24.83666674296061,36.0533332824707,1,0.1,1,0.0
2025-02-01T15:49:00+00:00,2025-02-01T18:49:00+03:00,1054.0,65.0,67.0,,8,24.8700008392334,35.81000137329102,1,0.1,1,0.0
2025-02-01T15:50:00+00:00,2025-02-01T18:50:00+03:00,1052.0,63.5,71.0,,7,24.88000011444092,35.63999938964844,1,0.1,1,0.0
2025-02-01T15:51:00+00:00,2025-02-01T18:51:00+03:00,1039.5,60.5,66.0,,7,24.88999938964844,35.58500099182129,1,0.1,1,0.0
2025-02-01T15:52:00+00:00,2025-02-01T18:52:00+03:00,1030.5,61.0,69.0,,7,24.88000011444092,35.38500022888184,1,0.1,1,0.0
2025-02-01T15:53:00+00:00,2025-02-01T18:53:00+03:00,1024.0,58.5,65.0,,7,24.875,35.43499946594238,1,0.1,1,0.0
2025-02-01T15:54:00+00:00,2025-02-01T18:54:00+03:00,1022.0,56.0,63.66666666666666,,7,24.89333279927571,35.50333404541016,1,0.1,1,0.0
2025-02-01T15:55:00+00:00,2025-02-01T18:55:00+03:00,1023.0,56.5,61.5,,7,24.88999938964844,35.63500022888184,1,0.1,1,0.0
2025-02-01T15:56:00+00:00,2025-02-01T18:56:00+03:00,1025.0,53.0,56.5,,6,24.88999938964844,35.68000030517578,1,0.1,1,0.0
2025-02-01T15:57:00+00:00,2025-02-01T18:57:00+03:00,1024.0,50.0,59.0,,6,24.88999938964844,35.52000045776367,1,0.1,1,0.0
2025-02-01T15:58:00+00:00,2025-02-01T18:58:00+03:00,1021.5,50.5,55.0,,6,24.90499973297119,35.63999938964844,1,0.1,1,0.0
2025-02-01T15:59:00+00:00,2025-02-01T18:59:00+03:00,1023.5,48.0,51.5,,6,24.89499950408936,35.63999938964844,1,0.1,1,0.0
2025-02-01T16:00:00+00:00,2025-02-01T19:00:00+03:00,1022.0,47.0,57.0,,6,24.89499950408936,35.94999885559082,1,1.0,1,0.0
2025-02-01T16:01:00+00:00,2025-02-01T19:01:00+03:00,1020.0,49.0,53.5,,6,24.88499927520752,35.67500114440918,1,0.1,1,0.0
2025-02-01T16:02:00+00:00,2025-02-01T19:02:00+03:00,1014.5,49.0,55.5,,6,24.875,34.85499954223633,1,0.1,1,0.0
2025-02-01T16:03:00+00:00,2025-02-01T19:03:00+03:00,952.0,46.5,53.0,,6,24.82499980926514,34.51500129699707,1,0.1,1,0.0
2025-02-01T16:04:00+00:00,2025-02-01T19:04:00+03:00,921.5,47.5,52.5,,6,24.82499980926514,34.68500137329102,1,0.1,1,0.0
2025-02-01T16:05:00+00:00,2025-02-01T19:05:00+03:00,920.0,47.5,50.0,,6,24.84500026702881,34.7549991607666,1,0.1,1,0.0
2025-02-01T16:06:00+00:00,2025-02-01T19:06:00+03:00,928.5,44.5,50.5,,5,24.85500049591064,35.31500053405762,1,0.1,1,0.0
2025-02-01T16:07:00+00:00,2025-02-01T19:07:00+03:00,949.5,44.5,46.5,,5,24.82999992370605,36.06499862670898,1,0.1,1,0.0
2025-02-01T16:08:00+00:00,2025-02-01T19:08:00+03:00,963.5,45.5,48.5,,6,24.81999969482422,36.07500076293945,1,0.1,1,0.0
2025-02-01T16:09:00+00:00,2025-02-01T19:09:00+03:00,976.0,43.0,45.0,,5,24.82499980926514,36.09499931335449,1,0.1,1,0.0
2025-02-01T16:10:00+00:00,2025-02-01T19:10:00+03:00,995.5,42.5,46.5,,5,24.81999969482422,36.36999893188477,2,1.0,1,0.0
2025-02-01T16:11:00+00:00,2025-02-01T19:11:00+03:00,1013.0,42.0,43.5,,5,24.82499980926514,36.38500022888184,2,0.1,1,0.0
2025-02-01T16:12:00+00:00,2025-02-01T19:12:00+03:00,1029.5,40.5,48.5,,5,24.90999984741211,36.60999870300293,1,0.5,1,0.0
2025-02-01T16:13:00+00:00,2025-02-01T19:13:00+03:00,1064.5,42.5,45.0,,5,24.84999942779541,37.21500015258789,2,0.2,1,0.0
2025-02-01T16:14:00+00:00,2025-02-01T19:14:00+03:00,1072.0,42.5,43.0,,5,24.78499984741211,37.15500068664551,2,0.2,1,0.0
2025-02-01T16:15:00+00:00,2025-02-01T19:15:00+03:00,1045.0,38.5,46.5,,5,24.84000015258789,36.35999870300293,2,0.2,1,0.0
2025-02-01T16:16:00+00:00,2025-02-01T19:16:00+03:00,1030.5,40.0,43.5,,5,24.89000034332275,37.05500030517578,2,0.2,1,0.0
2025-02-01T16:17:00+00:00,2025-02-01T19:17:00+03:00,1067.0,42.0,44.5,,5,24.86999988555908,37.7549991607666,2,0.2,1,0.0
2025-02-01T16:18:00+00:00,2025-02-01T19:18:00+03:00,1075.0,40.0,41.0,,5,24.88499927520752,37.11000061035156,2,0.2,1,0.0
2025-02-01T16:19:00+00:00,2025-02-01T19:19:00+03:00,1045.0,38.5,41.0,,5,24.88500022888184,36.48500061035156,2,0.2,1,0.0
2025-02-01T16:20:00+00:00,2025-02-01T19:20:00+03:00,1025.5,34.5,37.5,,5,24.88999938964844,36.19499969482422,2,0.2,1,0.0
2025-02-01T16:21:00+00:00,2025-02-01T19:21:00+03:00,1010.0,33.5,39.0,,5,24.88999938964844,36.45000076293945,2,0.2,1,0.0
2025-02-01T16:22:00+00:00,2025-02-01T19:22:00+03:00,997.0,36.5,40.5,,5,24.90499973297119,36.29999923706055,2,0.2,1,0.0
2025-02-01T16:23:00+00:00,2025-02-01T19:23:00+03:00,994.0,37.0,42.5,,5,24.89499950408936,36.19499969482422,2,0.2,1,0.0
2025-02-01T16:24:00+00:00,2025-02-01T19:24:00+03:00,988.0,35.0,40.5,,5,24.90499973297119,36.39500045776367,2,0.2,1,0.0
2025-02-01T16:25:00+00:00,2025-02-01T19:25:00+03:00,981.0,35.0,37.5,,5,24.92500019073486,36.35000038146973,2,0.2,1,0.0
2025-02-01T16:26:00+00:00,2025-02-01T19:26:00+03:00,972.0,32.0,39.5,,4,24.90999984741211,36.41499900817871,2,0.2,1,0.0
2025-02-01T16:27:00+00:00,2025-02-01T19:27:00+03:00,974.0,32.5,35.0,,4,24.89499950408936,36.60499954223633,2,0.2,1,0.0
2025-02-01T16:28:00+00:00,2025-02-01T19:28:00+03:00,975.0,30.0,34.5,,4,24.88499927520752,36.53499984741211,2,0.2,1,0.0
2025-02-01T16:29:00+00:00,2025-02-01T19:29:00+03:00,973.5,31.0,33.5,,4,24.93000030517578,36.26499938964844,2,0.2,1,0.0
2025-02-01T16:30:00+00:00,2025-02-01T19:30:00+03:00,978.5,33.5,36.5,,4,24.90999984741211,36.27499961853027,2,0.2,1,0.0
2025-02-01T16:31:00+00:00,2025-02-01T19:31:00+03:00,984.0,30.0,34.0,,4,24.94500064849854,36.19999885559082,2,0.2,1,0.0
2025-02-01T16:32:00+00:00,2025-02-01T19:32:00+03:00,993.0,29.0,33.5,,4,24.92500019073486,36.42999839782715,2,0.2,1,0.0
2025-02-01T16:33:00+00:00,2025-02-01T19:33:00+03:00,998.5,30.0,31.5,,4,24.92500019073486,36.38500022888184,2,0.2,1,0.0
2025-02-01T16:34:00+00:00,2025-02-01T19:34:00+03:00,997.0,33.5,35.5,,4,24.92000007629395,36.56999969482422,2,0.2,1,0.0
2025-02-01T16:35:00+00:00,2025-02-01T19:35:00+03:00,996.0,35.0,38.0,,5,24.91499996185303,36.6200008392334,2,0.2,1,0.0
2025-02-01T16:36:00+00:00,2025-02-01T19:36:00+03:00,997.3333333333334,30.66666666666667,35.33333333333334,,4,24.9266668955485,36.43999989827474,2,0.2,1,0.0
2025-02-01T16:37:00+00:00,2025-02-01T19:37:00+03:00,1000.0,32.0,37.0,,5,24.93000030517578,36.43000030517578,1,0.5,1,0.0
2025-02-01T16:38:00+00:00,2025-02-01T19:38:00+03:00,1008.0,29.0,33.0,,5,24.94500064849854,36.55500030517578,1,0.0,1,0.0
2025-02-01T16:39:00+00:00,2025-02-01T19:39:00+03:00,1007.5,32.0,35.5,,5,24.92000007629395,36.69999885559082,1,0.0,1,0.0
2025-02-01T16:40:00+00:00,2025-02-01T19:40:00+03:00,1006.5,27.0,27.5,,5,24.91499996185303,36.65500068664551,1,0.0,1,0.0
2025-02-01T16:41:00+00:00,2025-02-01T19:41:00+03:00,1004.5,28.0,29.0,,5,24.94500064849854,36.35000038146973,1,0.0,1,0.0
2025-02-01T16:42:00+00:00,2025-02-01T19:42:00+03:00,1041.5,29.0,32.5,,5,24.95499992370605,36.73500061035156,1,0.0,1,0.0
2025-02-01T16:43:00+00:00,2025-02-01T19:43:00+03:00,1101.0,26.5,30.0,,5,24.98999977111816,36.93999862670898,1,0.0,1,0.0
2025-02-01T16:44:00+00:00,2025-02-01T19:44:00+03:00,1131.0,28.5,30.0,,5,25.04000091552734,37.14999961853027,1,0.0,1,0.0
2025-02-01T16:45:00+00:00,2025-02-01T19:45:00+03:00,1148.0,27.5,31.0,,5,25.02000045776367,37.44999885559082,1,0.0,1,0.0
2025-02-01T16:46:00+00:00,2025-02-01T19:46:00+03:00,1145.0,28.0,28.5,,5,25.01000022888184,36.97999954223633,1,0.0,1,0.0
2025-02-01T16:47:00+00:00,2025-02-01T19:47:00+03:00,1108.5,26.0,28.5,,5,25.01000022888184,36.72500038146973,1,0.0,1,0.0
2025-02-01T16:48:00+00:00,2025-02-01T19:48:00+03:00,1072.5,25.5,29.0,,5,25.0,35.80999946594238,1,0.0,1,0.0
2025-02-01T16:49:00+00:00,2025-02-01T19:49:00+03:00,1052.5,25.0,29.5,,5,25.00500011444092,35.55000114440918,1,0.0,1,0.0
2025-02-01T16:50:00+00:00,2025-02-01T19:50:00+03:00,1030.0,24.0,26.0,,5,24.97999954223633,35.28000068664551,1,0.0,1,0.0
2025-02-01T16:51:00+00:00,2025-02-01T19:51:00+03:00,1019.0,25.5,28.0,,5,25.0,35.0099983215332,1,0.0,1,0.0
2025-02-01T16:52:00+00:00,2025-02-01T19:52:00+03:00,1011.0,21.0,23.0,,5,24.95999908447266,34.93499946594238,1,0.0,1,0.0
2025-02-01T16:53:00+00:00,2025-02-01T19:53:00+03:00,1003.0,23.0,26.0,,5,24.94999980926514,34.80999946594238,0,0.5,1,0.0
2025-02-01T16:54:00+00:00,2025-02-01T19:54:00+03:00,999.0,22.0,25.0,,4,24.95999908447266,34.77999877929688,0,0.5,1,0.0
2025-02-01T16:55:00+00:00,2025-02-01T19:55:00+03:00,956.0,15.0,16.0,,4,24.90500068664551,31.54000091552734,0,0.5,1,0.0
2025-02-01T16:56:00+00:00,2025-02-01T19:56:00+03:00,699.5,11.5,13.5,,3,24.73999977111816,28.47000026702881,0,0.5,1,0.0
2025-02-01T16:57:00+00:00,2025-02-01T19:57:00+03:00,588.5,12.5,13.0,,2,24.63500022888184,27.8149995803833,0,0.5,1,0.0
2025-02-01T16:58:00+00:00,2025-02-01T19:58:00+03:00,549.5,10.5,10.5,,2,24.54500007629395,27.60500049591064,0,0.5,1,0.0
2025-02-01T16:59:00+00:00,2025-02-01T19:59:00+03:00,541.0,11.5,13.0,,2,24.41499996185303,28.22999954223633,1,0.1,1,0.0
2025-02-01T17:00:00+00:00,2025-02-01T20:00:00+03:00,549.0,11.0,11.5,,2,24.32499980926514,28.82499980926514,1,0.1,1,0.0
2025-02-01T17:01:00+00:00,2025-02-01T20:01:00+03:00,558.5,11.0,12.0,,2,24.30499935150146,30.19500064849854,1,0.1,1,0.0
2025-02-01T17:02:00+00:00,2025-02-01T20:02:00+03:00,564.5,12.0,12.0,,2,24.27000045776367,30.76000022888184,1,0.1,1,0.0
2025-02-01T17:03:00+00:00,2025-02-01T20:03:00+03:00,581.0,12.0,13.5,,2,24.25500011444092,30.89999961853027,1,0.1,1,0.0
2025-02-01T17:04:00+00:00,2025-02-01T20:04:00+03:00,591.5,16.0,18.0,,3,24.1850004196167,31.05000019073486,1,0.1,1,0.0
2025-02-01T17:05:00+00:00,2025-02-01T20:05:00+03:00,598.0,15.0,16.5,,3,24.17500019073486,31.06500053405762,1,0.1,1,0.0
2025-02-01T17:06:00+00:00,2025-02-01T20:06:00+03:00,599.5,19.0,20.5,,3,24.1850004196167,31.01500034332275,1,0.1,1,0.0
2025-02-01T17:07:00+00:00,2025-02-01T20:07:00+03:00,593.5,15.5,17.5,,3,24.18000030517578,30.88500022888184,1,0.1,1,0.0
2025-02-01T17:08:00+00:00,2025-02-01T20:08:00+03:00,597.5,19.5,21.0,,3,24.1850004196167,30.93499946594238,1,0.1,1,0.0
2025-02-01T17:09:00+00:00,2025-02-01T20:09:00+03:00,600.5,23.0,27.5,,3,24.18000030517578,31.15999984741211,1,0.1,1,0.0
2025-02-01T17:10:00+00:00,2025-02-01T20:10:00+03:00,603.5,20.5,22.0,,3,24.13999938964844,31.34000015258789,1,0.1,1,0.0
2025-02-01T17:11:00+00:00,2025-02-01T20:11:00+03:00,607.5,20.0,22.0,,3,24.125,31.47499942779541,1,0.1,1,0.0
2025-02-01T17:12:00+00:00,2025-02-01T20:12:00+03:00,609.0,20.5,23.0,,3,24.11500072479248,31.44499969482422,1,0.1,1,0.0
2025-02-01T17:13:00+00:00,2025-02-01T20:13:00+03:00,613.0,21.5,22.5,,3,24.09500026702881,31.52500057220459,1,0.1,1,0.0
2025-02-01T17:14:00+00:00,2025-02-01T20:14:00+03:00,612.5,18.5,20.5,,3,24.09500026702881,31.53499984741211,1,0.1,1,0.0
2025-02-01T17:15:00+00:00,2025-02-01T20:15:00+03:00,611.5,19.0,22.0,,3,24.10999965667725,31.55499935150146,2,1.0,1,0.0
2025-02-01T17:16:00+00:00,2025-02-01T20:16:00+03:00,610.0,17.0,18.5,,3,24.08500003814697,31.49499988555908,1,0.0,1,0.0
2025-02-01T17:17:00+00:00,2025-02-01T20:17:00+03:00,606.5,17.0,18.0,,3,24.13500022888184,31.90999984741211,1,0.0,1,0.0
2025-02-01T17:18:00+00:00,2025-02-01T20:18:00+03:00,625.0,18.0,19.5,,3,24.20499992370605,32.31999969482422,1,0.0,1,0.0
2025-02-01T17:19:00+00:00,2025-02-01T20:19:00+03:00,642.5,17.5,18.0,,3,24.25999927520752,32.68499946594238,1,0.0,1,0.0
2025-02-01T17:20:00+00:00,2025-02-01T20:20:00+03:00,655.5,16.0,19.0,,3,24.31999969482422,33.13000106811523,1,0.0,1,0.0
2025-02-01T17:21:00+00:00,2025-02-01T20:21:00+03:00,672.0,18.0,18.5,,3,24.35999965667725,33.59499931335449,1,0.0,1,0.0
2025-02-01T17:22:00+00:00,2025-02-01T20:22:00+03:00,678.5,16.0,18.5,,3,24.38999938964844,33.77000045776367,1,0.0,1,0.0
2025-02-01T17:23:00+00:00,2025-02-01T20:23:00+03:00,679.5,18.0,20.5,,3,24.44999980926514,34.27500152587891,1,0.0,1,0.0
2025-02-01T17:24:00+00:00,2025-02-01T20:24:00+03:00,680.5,16.5,17.5,,3,24.44999980926514,34.45000076293945,1,0.0,1,0.0
2025-02-01T17:25:00+00:00,2025-02-01T20:25:00+03:00,680.0,13.5,13.5,,3,24.45999908447266,34.67000007629395,1,0.0,1,0.0
2025-02-01T17:26:00+00:00,2025-02-01T20:26:00+03:00,681.0,14.5,16.5,,3,24.5,34.88000106811523,1,0.0,1,0.0
2025-02-01T17:27:00+00:00,2025-02-01T20:27:00+03:00,684.0,15.0,16.5,,3,24.48999977111816,34.94000053405762,1,0.0,1,0.0
2025-02-01T17:28:00+00:00,2025-02-01T20:28:00+03:00,684.0,15.0,18.0,,3,24.50500011444092,35.22499847412109,1,0.0,1,0.0
2025-02-01T17:29:00+00:00,2025-02-01T20:29:00+03:00,685.5,15.0,18.0,,3,24.51000022888184,35.31500053405762,1,0.0,1,0.0
2025-02-01T17:30:00+00:00,2025-02-01T20:30:00+03:00,689.0,17.5,19.5,,3,24.51500034332275,35.39999961853027,1,0.0,1,0.0
2025-02-01T17:31:00+00:00,2025-02-01T20:31:00+03:00,692.0,19.0,20.5,,3,24.55999946594238,35.27000045776367,1,0.0,1,0.0
2025-02-01T17:32:00+00:00,2025-02-01T20:32:00+03:00,696.5,21.5,22.5,,3,24.55499935150146,35.28499984741211,1,0.0,1,0.0
2025-02-01T17:33:00+00:00,2025-02-01T20:33:00+03:00,698.0,50.5,56.5,,6,24.53999996185303,34.93000030517578,2,0.5,1,0.0
2025-02-01T17:34:00+00:00,2025-02-01T20:34:00+03:00,697.0,42.5,47.0,,5,24.55999946594238,34.56999969482422,2,0.0,1,0.0
2025-02-01T17:35:00+00:00,2025-02-01T20:35:00+03:00,700.0,39.0,45.0,,5,24.54999923706055,35.0,2,0.0,1,0.0
2025-02-01T17:36:00+00:00,2025-02-01T20:36:00+03:00,712.0,39.5,42.5,,5,24.56999969482422,35.17999839782715,2,0.0,1,0.0
2025-02-01T17:37:00+00:00,2025-02-01T20:37:00+03:00,716.0,35.0,38.0,,5,24.60000038146973,35.20999908447266,2,0.0,1,0.0
2025-02-01T17:38:00+00:00,2025-02-01T20:38:00+03:00,721.5,33.0,37.5,,4,24.61999988555908,35.52000045776367,2,0.0,1,0.0
2025-02-01T17:39:00+00:00,2025-02-01T20:39:00+03:00,728.5,33.5,37.5,,4,24.61500072479248,35.4950008392334,2,0.0,1,0.0
2025-02-01T17:40:00+00:00,2025-02-01T20:40:00+03:00,732.0,30.0,33.0,,4,24.63999938964844,35.44499969482422,2,0.0,1,0.0
2025-02-01T17:41:00+00:00,2025-02-01T20:41:00+03:00,736.0,31.0,36.5,,4,24.64999961853027,35.65499877929688,2,0.0,1,0.0
2025-02-01T17:42:00+00:00,2025-02-01T20:42:00+03:00,742.5,33.0,36.0,,4,24.63999938964844,35.84000015258789,2,0.0,1,0.0
2025-02-01T17:43:00+00:00,2025-02-01T20:43:00+03:00,747.0,29.5,32.0,,4,24.67000007629395,35.92000007629395,2,0.0,1,0.0
2025-02-01T17:44:00+00:00,2025-02-01T20:44:00+03:00,756.5,31.0,34.5,,4,24.65499973297119,35.70499992370605,2,0.0,1,0.0
2025-02-01T17:45:00+00:00,2025-02-01T20:45:00+03:00,762.5,33.0,35.0,,4,24.69499969482422,35.76499938964844,2,0.0,1,0.0
2025-02-01T17:46:00+00:00,2025-02-01T20:46:00+03:00,771.5,29.5,32.5,,4,24.66499996185303,35.81500053405762,2,0.0,1,0.0
2025-02-01T17:47:00+00:00,2025-02-01T20:47:00+03:00,782.5,28.0,31.5,,4,24.6850004196167,35.88000106811523,2,0.0,1,0.0
2025-02-01T17:48:00+00:00,2025-02-01T20:48:00+03:00,794.5,31.0,32.5,,4,24.69000053405762,35.89999961853027,2,0.0,1,0.0
2025-02-01T17:49:00+00:00,2025-02-01T20:49:00+03:00,804.0,34.5,35.5,,4,24.69499969482422,36.22999954223633,2,0.0,1,0.0
2025-02-01T17:50:00+00:00,2025-02-01T20:50:00+03:00,829.5,30.0,34.0,,4,24.69999980926514,36.10000038146973,2,0.0,1,0.0
2025-02-01T17:51:00+00:00,2025-02-01T20:51:00+03:00,834.5,33.5,38.5,,4,24.70499992370605,36.26500129699707,2,0.0,1,0.0
2025-02-01T17:52:00+00:00,2025-02-01T20:52:00+03:00,837.5,32.5,35.5,,4,24.74499988555908,36.34000015258789,2,0.0,1,0.0
2025-02-01T17:53:00+00:00,2025-02-01T20:53:00+03:00,846.0,30.5,35.5,,4,24.73499965667725,36.44499969482422,2,0.0,1,0.0
2025-02-01T17:54:00+00:00,2025-02-01T20:54:00+03:00,850.5,29.0,31.0,,4,24.74499988555908,36.40999984741211,2,0.0,1,0.0
2025-02-01T17:55:00+00:00,2025-02-01T20:55:00+03:00,855.0,31.5,35.5,,4,24.73499965667725,36.19999885559082,2,0.0,1,0.0
2025-02-01T17:56:00+00:00,2025-02-01T20:56:00+03:00,858.0,32.5,34.5,,4,24.75,36.44999885559082,2,0.0,1,0.0
2025-02-01T17:57:00+00:00,2025-02-01T20:57:00+03:00,865.0,35.0,40.5,,5,24.75500011444092,36.65499877929688,2,0.0,1,0.0
2025-02-01T17:58:00+00:00,2025-02-01T20:58:00+03:00,871.5,41.5,45.0,,5,24.75500011444092,36.45499992370605,1,1.0,1,0.0
2025-02-01T17:59:00+00:00,2025-02-01T20:59:00+03:00,878.0,45.0,50.0,,6,24.76000022888184,36.66499900817871,2,1.0,1,0.0
2025-02-01T18:00:00+00:00,2025-02-01T21:00:00+03:00,881.0,108.0,120.0,,9,24.72500038146973,35.2549991607666,2,0.0,1,0.0
2025-02-01T18:01:00+00:00,2025-02-01T21:01:00+03:00,817.0,135.5,144.5,,9,24.63999938964844,33.31000137329102,2,0.0,1,0.0
2025-02-01T18:02:00+00:00,2025-02-01T21:02:00+03:00,776.0,126.5,138.5,,9,24.69000053405762,33.93500137329102,2,0.0,1,0.0
2025-02-01T18:03:00+00:00,2025-02-01T21:03:00+03:00,762.5,117.5,125.0,,9,24.69500064849854,34.5049991607666,2,0.0,1,0.0
2025-02-01T18:04:00+00:00,2025-02-01T21:04:00+03:00,772.0,109.0,122.0,,9,24.72999954223633,35.1200008392334,2,0.0,1,0.0
2025-02-01T18:05:00+00:00,2025-02-01T21:05:00+03:00,785.0,103.0,109.0,,9,24.73499965667725,35.68000030517578,2,0.0,1,0.0
2025-02-01T18:06:00+00:00,2025-02-01T21:06:00+03:00,795.5,96.5,105.0,,9,24.76500034332275,36.03499984741211,2,0.0,1,0.0
2025-02-01T18:07:00+00:00,2025-02-01T21:07:00+03:00,806.0,89.5,97.5,,9,24.74499988555908,36.3799991607666,2,0.0,1,0.0
2025-02-01T18:08:00+00:00,2025-02-01T21:08:00+03:00,812.5,90.5,97.5,,9,24.77000045776367,36.53499984741211,2,0.0,1,0.0
2025-02-01T18:09:00+00:00,2025-02-01T21:09:00+03:00,825.0,89.5,96.0,,9,24.77500057220459,36.52999877929688,2,0.0,1,0.0
2025-02-01T18:10:00+00:00,2025-02-01T21:10:00+03:00,830.5,84.0,92.5,,9,24.76000022888184,36.77499961853027,2,0.0,1,0.0
2025-02-01T18:11:00+00:00,2025-02-01T21:11:00+03:00,836.5,78.0,90.0,,9,24.79999923706055,36.92499923706055,2,0.0,1,0.0
2025-02-01T18:12:00+00:00,2025-02-01T21:12:00+03:00,842.5,79.0,87.0,,9,24.78999996185303,36.8700008392334,2,0.0,1,0.0
2025-02-01T18:13:00+00:00,2025-02-01T21:13:00+03:00,847.0,80.5,82.0,,9,24.77000045776367,36.95000076293945,2,0.0,1,0.0
2025-02-01T18:14:00+00:00,2025-02-01T21:14:00+03:00,854.0,79.0,85.5,,9,24.78000068664551,36.90999984741211,2,0.0,1,0.0
2025-02-01T18:15:00+00:00,2025-02-01T21:15:00+03:00,862.0,76.0,82.0,,9,24.79999923706055,36.95499992370605,2,0.0,1,0.0
2025-02-01T18:16:00+00:00,2025-02-01T21:16:00+03:00,867.5,73.0,80.0,,8,24.78999996185303,36.93499946594238,2,0.0,1,0.0
2025-02-01T18:17:00+00:00,2025-02-01T21:17:00+03:00,870.5,72.5,79.0,,8,24.80000019073486,37.00500106811523,2,0.0,1,0.0
2025-02-01T18:18:00+00:00,2025-02-01T21:18:00+03:00,876.5,72.5,80.5,,8,24.80999946594238,37.04500007629395,2,0.0,1,0.0
2025-02-01T18:19:00+00:00,2025-02-01T21:19:00+03:00,884.5,72.0,75.0,,8,24.82499980926514,37.07500076293945,2,0.0,1,0.0
2025-02-01T18:20:00+00:00,2025-02-01T21:20:00+03:00,891.5,67.0,75.0,,8,24.81999969482422,37.17499923706055,2,0.0,1,0.0
2025-02-01T18:21:00+00:00,2025-02-01T21:21:00+03:00,894.0,70.5,77.0,,8,24.82499980926514,37.19499969482422,2,0.0,1,0.0
2025-02-01T18:22:00+00:00,2025-02-01T21:22:00+03:00,902.5,71.5,80.0,,8,24.81999969482422,37.16499900817871,3,1.0,1,0.0
2025-02-01T18:23:00+00:00,2025-02-01T21:23:00+03:00,906.0,68.5,74.0,,8,24.82499980926514,37.28000068664551,3,1.0,1,0.0
2025-02-01T18:24:00+00:00,2025-02-01T21:24:00+03:00,909.0,71.0,76.0,,8,24.76500034332275,36.08499908447266,2,0.0,1,0.0
2025-02-01T18:25:00+00:00,2025-02-01T21:25:00+03:00,860.0,77.5,82.5,,9,24.53499984741211,31.27499961853027,2,0.0,1,0.0
2025-02-01T18:26:00+00:00,2025-02-01T21:26:00+03:00,689.0,75.0,80.0,,9,24.49499988555908,31.03500080108643,2,0.0,1,0.0
2025-02-01T18:27:00+00:00,2025-02-01T21:27:00+03:00,662.5,83.0,88.0,,9,24.53999996185303,31.06500053405762,2,0.0,1,0.0
2025-02-01T18:28:00+00:00,2025-02-01T21:28:00+03:00,653.0,76.0,80.5,,9,24.57499980926514,31.33500003814697,2,0.0,1,0.0
2025-02-01T18:29:00+00:00,2025-02-01T21:29:00+03:00,661.0,79.5,85.5,,9,24.625,31.71500015258789,2,0.0,1,0.0
2025-02-01T18:30:00+00:00,2025-02-01T21:30:00+03:00,679.5,78.0,85.5,,9,24.66499996185303,32.82499885559082,2,0.0,1,0.0
2025-02-01T18:31:00+00:00,2025-02-01T21:31:00+03:00,710.0,75.5,80.5,,9,24.67500019073486,33.90999984741211,2,0.0,1,0.0
2025-02-01T18:32:00+00:00,2025-02-01T21:32:00+03:00,747.0,75.0,78.5,,9,24.72999954223633,34.56999969482422,2,0.0,1,0.0
2025-02-01T18:33:00+00:00,2025-02-01T21:33:00+03:00,777.5,73.5,80.0,,8,24.73499965667725,34.89000129699707,2,0.0,1,0.0
2025-02-01T18:34:00+00:00,2025-02-01T21:34:00+03:00,806.5,76.0,84.0,,9,24.75500011444092,34.875,2,0.0,1,0.0
2025-02-01T18:35:00+00:00,2025-02-01T21:35:00+03:00,835.0,76.0,83.0,,9,24.76000022888184,35.32500076293945,2,0.0,1,0.0
2025-02-01T18:36:00+00:00,2025-02-01T21:36:00+03:00,851.5,73.5,76.0,,8,24.76000022888184,35.47500038146973,2,0.0,1,0.0
2025-02-01T18:37:00+00:00,2025-02-01T21:37:00+03:00,864.5,77.5,82.5,,9,24.77500057220459,35.51000022888184,2,0.0,1,0.0
2025-02-01T18:38:00+00:00,2025-02-01T21:38:00+03:00,881.5,78.5,86.5,,9,24.74499988555908,35.71500015258789,2,0.0,1,0.0
2025-02-01T18:39:00+00:00,2025-02-01T21:39:00+03:00,900.0,83.5,89.0,,9,24.75,35.85000038146973,2,0.0,1,0.0
2025-02-01T18:40:00+00:00,2025-02-01T21:40:00+03:00,908.5,78.0,88.0,,9,24.72999954223633,35.97999954223633,2,0.0,1,0.0
2025-02-01T18:41:00+00:00,2025-02-01T21:41:00+03:00,920.0,87.0,95.0,,9,24.73499965667725,35.88500022888184,2,0.0,1,0.0
2025-02-01T18:42:00+00:00,2025-02-01T21:42:00+03:00,933.5,82.0,90.0,,9,24.72999954223633,36.02000045776367,2,0.0,1,0.0
2025-02-01T18:43:00+00:00,2025-02-01T21:43:00+03:00,951.5,82.5,86.5,,9,24.76500034332275,36.125,2,0.0,1,0.0
2025-02-01T18:44:00+00:00,2025-02-01T21:44:00+03:00,962.0,84.5,90.0,,9,24.73499965667725,36.02000045776367,1,1.0,1,0.0
2025-02-01T18:45:00+00:00,2025-02-01T21:45:00+03:00,964.0,79.0,86.5,,9,24.72999954223633,36.42499923706055,2,1.0,1,0.0
2025-02-01T18:46:00+00:00,2025-02-01T21:46:00+03:00,960.5,118.0,126.0,,9,24.72999954223633,34.15500068664551,2,0.2,1,0.0
2025-02-01T18:47:00+00:00,2025-02-01T21:47:00+03:00,814.5,132.0,147.0,,9,24.71000003814697,31.70499992370605,2,0.2,1,0.0
2025-02-01T18:48:00+00:00,2025-02-01T21:48:00+03:00,687.0,144.5,157.0,,9,24.65999984741211,30.66499996185303,2,0.2,1,0.0
2025-02-01T18:49:00+00:00,2025-02-01T21:49:00+03:00,650.5,139.5,150.0,,9,24.6200008392334,30.27500057220459,2,0.2,1,0.0
2025-02-01T18:50:00+00:00,2025-02-01T21:50:00+03:00,617.0,139.5,150.0,,9,24.60500049591064,30.1299991607666,2,0.2,1,0.0
2025-02-01T18:51:00+00:00,2025-02-01T21:51:00+03:00,610.5,132.0,146.5,,9,24.57999992370605,30.13999938964844,2,0.2,1,0.0
2025-02-01T18:52:00+00:00,2025-02-01T21:52:00+03:00,614.0,126.5,132.5,,9,24.53500080108643,30.39999961853027,2,0.2,1,0.0
2025-02-01T18:53:00+00:00,2025-02-01T21:53:00+03:00,618.5,122.5,131.5,,9,24.52000045776367,30.60500049591064,2,0.2,1,0.0
2025-02-01T18:54:00+00:00,2025-02-01T21:54:00+03:00,622.0,114.5,124.5,,9,24.54000091552734,30.71500015258789,2,0.2,1,0.0
2025-02-01T18:55:00+00:00,2025-02-01T21:55:00+03:00,625.5,123.0,128.5,,9,24.49499988555908,30.64500045776367,2,0.2,1,0.0
2025-02-01T18:56:00+00:00,2025-02-01T21:56:00+03:00,628.5,114.0,119.5,,9,24.51000022888184,30.76500034332275,2,0.2,1,0.0
2025-02-01T18:57:00+00:00,2025-02-01T21:57:00+03:00,630.0,111.0,122.5,,9,24.48499965667725,30.70499992370605,2,0.2,1,0.0
2025-02-01T18:58:00+00:00,2025-02-01T21:58:00+03:00,631.0,102.0,112.0,,9,24.48499965667725,30.64999961853027,2,0.2,1,0.0
2025-02-01T18:59:00+00:00,2025-02-01T21:59:00+03:00,633.0,105.0,114.5,,9,24.46999931335449,30.58500003814697,2,0.2,1,0.0
2025-02-01T19:00:00+00:00,2025-02-01T22:00:00+03:00,629.5,103.5,112.0,,9,24.45999908447266,30.5649995803833,2,0.2,1,0.0
2025-02-01T19:01:00+00:00,2025-02-01T22:01:00+03:00,629.0,106.5,116.0,,9,24.42500019073486,30.60000038146973,2,0.2,1,0.0
2025-02-01T19:02:00+00:00,2025-02-01T22:02:00+03:00,631.0,119.0,135.0,,9,24.39499950408936,30.65499973297119,2,0.2,1,0.0
2025-02-01T19:03:00+00:00,2025-02-01T22:03:00+03:00,632.5,146.0,163.0,,9,24.38499927520752,30.63500022888184,2,0.2,1,0.0
2025-02-01T19:04:00+00:00,2025-02-01T22:04:00+03:00,633.5,175.0,194.0,,9,24.39499950408936,30.52999973297119,2,0.2,1,0.0
2025-02-01T19:05:00+00:00,2025-02-01T22:05:00+03:00,630.0,205.5,227.5,,9,24.36000061035156,30.54500007629395,1,0.5,1,0.0
2025-02-01T19:06:00+00:00,2025-02-01T22:06:00+03:00,630.0,224.0,242.5,,9,24.36499977111816,30.60499954223633,2,0.5,1,0.0
2025-02-01T19:07:00+00:00,2025-02-01T22:07:00+03:00,630.0,211.5,235.0,,9,24.35999965667725,30.63500022888184,1,0.1,1,0.0
2025-02-01T19:08:00+00:00,2025-02-01T22:08:00+03:00,637.5,183.0,196.5,,9,24.42999935150146,30.76499938964844,1,0.1,1,0.0
2025-02-01T19:09:00+00:00,2025-02-01T22:09:00+03:00,666.5,168.0,182.5,,9,24.47000026702881,31.59499931335449,1,0.1,1,0.0
2025-02-01T19:10:00+00:00,2025-02-01T22:10:00+03:00,697.0,164.0,181.0,,9,24.51000022888184,31.99499988555908,1,0.1,1,0.0
2025-02-01T19:11:00+00:00,2025-02-01T22:11:00+03:00,715.5,165.0,180.0,,9,24.54500007629395,32.35000038146973,1,0.1,1,0.0
2025-02-01T19:12:00+00:00,2025-02-01T22:12:00+03:00,724.5,157.5,172.0,,9,24.55999946594238,32.76499938964844,1,0.1,1,0.0
2025-02-01T19:13:00+00:00,2025-02-01T22:13:00+03:00,718.5,160.5,174.0,,9,24.59500026702881,33.05999946594238,1,0.1,1,0.0
2025-02-01T19:14:00+00:00,2025-02-01T22:14:00+03:00,735.0,151.0,166.0,,9,24.61000061035156,33.375,1,0.1,1,0.0
2025-02-01T19:15:00+00:00,2025-02-01T22:15:00+03:00,745.5,152.0,163.0,,9,24.63999938964844,33.63500022888184,0,0.5,1,0.0
2025-02-01T19:16:00+00:00,2025-02-01T22:16:00+03:00,756.5,149.0,165.0,,9,24.63499927520752,33.82500076293945,0,0.5,1,0.0
2025-02-01T19:17:00+00:00,2025-02-01T22:17:00+03:00,753.5,141.5,152.0,,9,24.60999965667725,31.89499950408936,1,0.2,1,0.0
2025-02-01T19:18:00+00:00,2025-02-01T22:18:00+03:00,697.5,135.5,148.5,,9,24.55000019073486,30.33500003814697,1,0.2,1,0.0
2025-02-01T19:19:00+00:00,2025-02-01T22:19:00+03:00,654.0,132.0,143.5,,9,24.51500034332275,30.13999938964844,1,0.2,1,0.0
2025-02-01T19:20:00+00:00,2025-02-01T22:20:00+03:00,631.5,133.5,146.5,,9,24.46000003814697,29.875,1,0.2,1,0.0
2025-02-01T19:21:00+00:00,2025-02-01T22:21:00+03:00,620.5,132.5,147.0,,9,24.4350004196167,29.74499988555908,1,0.2,1,0.0
2025-02-01T19:22:00+00:00,2025-02-01T22:22:00+03:00,614.0,134.0,140.0,,9,24.375,29.65500068664551,1,0.5,1,0.0
2025-02-01T19:23:00+00:00,2025-02-01T22:23:00+03:00,613.5,121.5,125.0,,9,24.28499984741211,28.84999942779541,1,0.5,1,0.0
2025-02-01T19:24:00+00:00,2025-02-01T22:24:00+03:00,611.5,115.0,130.5,,9,24.23499965667725,28.41499996185303,1,0.5,1,0.0
2025-02-01T19:25:00+00:00,2025-02-01T22:25:00+03:00,606.0,121.0,127.0,,9,24.21499919891357,28.35999965667725,1,0.5,1,0.0
2025-02-01T19:26:00+00:00,2025-02-01T22:26:00+03:00,603.5,133.5,147.0,,9,24.14000034332275,28.46000003814697,2,0.0,1,0.0
2025-02-01T19:27:00+00:00,2025-02-01T22:27:00+03:00,602.5,131.0,145.0,,9,24.1200008392334,28.625,2,0.0,1,0.0
2025-02-01T19:28:00+00:00,2025-02-01T22:28:00+03:00,605.0,132.5,145.5,,9,24.11999988555908,29.02999973297119,2,0.0,1,0.0
2025-02-01T19:29:00+00:00,2025-02-01T22:29:00+03:00,609.0,130.0,147.0,,9,24.1850004196167,29.56999969482422,2,0.0,1,0.0
2025-02-01T19:30:00+00:00,2025-02-01T22:30:00+03:00,620.5,130.0,141.0,,9,24.24499988555908,29.79500007629395,2,0.0,1,0.0
2025-02-01T19:31:00+00:00,2025-02-01T22:31:00+03:00,632.5,135.0,149.5,,9,24.28000068664551,30.05499935150146,2,0.0,1,0.0
2025-02-01T19:32:00+00:00,2025-02-01T22:32:00+03:00,651.0,132.0,147.0,,9,24.32999992370605,30.48000049591064,2,0.0,1,0.0
2025-02-01T19:33:00+00:00,2025-02-01T22:33:00+03:00,669.0,131.0,139.0,,9,24.375,30.875,2,0.0,1,0.0
2025-02-01T19:34:00+00:00,2025-02-01T22:34:00+03:00,682.5,123.5,136.0,,9,24.40999984741211,31.14000034332275,2,0.0,1,0.0
2025-02-01T19:35:00+00:00,2025-02-01T22:35:00+03:00,693.5,126.0,143.5,,9,24.44999980926514,31.42000007629395,2,0.0,1,0.0
2025-02-01T19:36:00+00:00,2025-02-01T22:36:00+03:00,702.0,126.5,134.0,,9,24.47999954223633,31.71500015258789,2,0.0,1,0.0
2025-02-01T19:37:00+00:00,2025-02-01T22:37:00+03:00,714.0,126.0,138.5,,9,24.51000022888184,31.86999988555908,2,0.0,1,0.0
2025-02-01T19:38:00+00:00,2025-02-01T22:38:00+03:00,730.5,126.5,134.5,,9,24.52500057220459,31.94499969482422,2,0.0,1,0.0
2025-02-01T19:39:00+00:00,2025-02-01T22:39:00+03:00,741.0,124.0,135.5,,9,24.55000019073486,32.21999931335449,2,0.0,1,0.0
2025-02-01T19:40:00+00:00,2025-02-01T22:40:00+03:00,753.0,126.5,132.5,,9,24.54999923706055,32.53999900817871,2,0.0,1,0.0
2025-02-01T19:41:00+00:00,2025-02-01T22:41:00+03:00,765.5,117.5,131.5,,9,24.57999992370605,32.70499992370605,2,0.0,1,0.0
2025-02-01T19:42:00+00:00,2025-02-01T22:42:00+03:00,777.0,127.0,136.0,,9,24.59000015258789,32.89000129699707,2,0.0,1,0.0
2025-02-01T19:43:00+00:00,2025-02-01T22:43:00+03:00,784.0,119.5,134.0,,9,24.59000015258789,32.92499923706055,2,0.0,1,0.0
2025-02-01T19:44:00+00:00,2025-02-01T22:44:00+03:00,797.0,124.5,134.5,,9,24.6200008392334,33.18499946594238,2,0.0,1,0.0
2025-02-01T19:45:00+00:00,2025-02-01T22:45:00+03:00,815.0,126.5,138.5,,9,24.61000061035156,33.38999938964844,2,0.0,1,0.0
2025-02-01T19:46:00+00:00,2025-02-01T22:46:00+03:00,826.0,125.0,132.0,,9,24.61000061035156,33.55999946594238,2,0.0,1,0.0
2025-02-01T19:47:00+00:00,2025-02-01T22:47:00+03:00,838.0,125.0,130.0,,9,24.60000038146973,33.64000129699707,2,0.0,1,0.0
2025-02-01T19:48:00+00:00,2025-02-01T22:48:00+03:00,844.5,118.5,129.0,,9,24.60500049591064,33.7549991607666,2,0.0,1,0.0
2025-02-01T19:49:00+00:00,2025-02-01T22:49:00+03:00,853.0,120.0,131.0,,9,24.61999988555908,33.89999961853027,2,0.0,1,0.0
2025-02-01T19:50:00+00:00,2025-02-01T22:50:00+03:00,863.0,121.0,129.0,,9,24.61999988555908,33.93500137329102,2,0.0,1,0.0
2025-02-01T19:51:00+00:00,2025-02-01T22:51:00+03:00,873.5,117.0,126.0,,9,24.625,34.11000061035156,2,0.0,1,0.0
2025-02-01T19:52:00+00:00,2025-02-01T22:52:00+03:00,886.5,115.5,127.5,,9,24.625,34.26500129699707,2,0.0,1,0.0
2025-02-01T19:53:00+00:00,2025-02-01T22:53:00+03:00,896.0,118.0,127.5,,9,24.67000007629395,34.32000160217285,2,0.0,1,0.0
2025-02-01T19:54:00+00:00,2025-02-01T22:54:00+03:00,904.5,120.5,130.5,,9,24.68000030517578,34.375,2,0.0,1,0.0
2025-02-01T19:55:00+00:00,2025-02-01T22:55:00+03:00,914.0,119.5,130.0,,9,24.69499969482422,34.45000076293945,2,0.0,1,0.0
2025-02-01T19:56:00+00:00,2025-02-01T22:56:00+03:00,920.0,118.5,132.0,,9,24.73000049591064,34.56000137329102,2,0.0,1,0.0
2025-02-01T19:57:00+00:00,2025-02-01T22:57:00+03:00,932.0,117.0,126.5,,9,24.73499965667725,34.75500106811523,2,0.0,1,0.0
2025-02-01T19:58:00+00:00,2025-02-01T22:58:00+03:00,946.0,115.0,127.0,,9,24.71000003814697,35.04500007629395,2,0.0,1,0.0
2025-02-01T19:59:00+00:00,2025-02-01T22:59:00+03:00,954.5,114.0,128.5,,9,24.65499973297119,35.02499961853027,2,0.0,1,0.0
2025-02-01T20:00:00+00:00,2025-02-01T23:00:00+03:00,964.5,116.0,127.5,,9,24.69999980926514,35.07500076293945,2,0.0,1,0.0
2025-02-01T20:01:00+00:00,2025-02-01T23:01:00+03:00,977.0,114.5,120.5,,9,24.69999980926514,35.13500022888184,2,0.0,1,0.0
2025-02-01T20:02:00+00:00,2025-02-01T23:02:00+03:00,985.0,111.5,116.0,,9,24.70999908447266,35.14999961853027,2,0.0,1,0.0
2025-02-01T20:03:00+00:00,2025-02-01T23:03:00+03:00,995.0,113.0,120.0,,9,24.73499965667725,35.16499900817871,2,0.0,1,0.0
2025-02-01T20:04:00+00:00,2025-02-01T23:04:00+03:00,1000.0,106.5,117.0,,9,24.75500011444092,35.01000022888184,2,0.0,1,0.0
2025-02-01T20:05:00+00:00,2025-02-01T23:05:00+03:00,1008.0,115.0,129.0,,9,24.75,35.23999977111816,2,0.0,1,0.0
2025-02-01T20:06:00+00:00,2025-02-01T23:06:00+03:00,1013.5,115.0,123.0,,9,24.74499988555908,35.38000106811523,2,0.0,1,0.0
2025-02-01T20:07:00+00:00,2025-02-01T23:07:00+03:00,1025.5,109.5,118.5,,9,24.75500011444092,35.44499969482422,2,0.0,1,0.0
2025-02-01T20:08:00+00:00,2025-02-01T23:08:00+03:00,1036.5,112.0,120.5,,9,24.78500080108643,35.625,2,0.0,1,0.0
2025-02-01T20:09:00+00:00,2025-02-01T23:09:00+03:00,1043.5,114.5,123.0,,9,24.79500007629395,35.67499923706055,2,0.0,1,0.0
2025-02-01T20:10:00+00:00,2025-02-01T23:10:00+03:00,1056.5,114.5,123.5,,9,24.76000022888184,35.93000030517578,2,0.0,1,0.0
2025-02-01T20:11:00+00:00,2025-02-01T23:11:00+03:00,1071.0,113.5,122.0,,9,24.73499965667725,36.1299991607666,2,0.0,1,0.0
2025-02-01T20:12:00+00:00,2025-02-01T23:12:00+03:00,1084.0,106.5,115.5,,9,24.75,35.95499992370605,2,0.0,1,0.0
2025-02-01T20:13:00+00:00,2025-02-01T23:13:00+03:00,1089.0,106.0,114.5,,9,24.75,36.03999900817871,2,0.0,1,0.0
2025-02-01T20:14:00+00:00,2025-02-01T23:14:00+03:00,1098.0,108.0,116.5,,9,24.76000022888184,36.15999984741211,2,0.0,1,0.0
2025-02-01T20:15:00+00:00,2025-02-01T23:15:00+03:00,1110.5,108.0,116.5,,9,24.75,36.39500045776367,2,0.0,1,0.0
2025-02-01T20:16:00+00:00,2025-02-01T23:16:00+03:00,1119.0,106.0,114.5,,9,24.75,36.45499992370605,2,0.0,1,0.0
2025-02-01T20:17:00+00:00,2025-02-01T23:17:00+03:00,1132.0,104.5,111.5,,9,24.76000022888184,36.64499855041504,2,0.0,1,0.0
2025-02-01T20:18:00+00:00,2025-02-01T23:18:00+03:00,1146.0,103.5,111.5,,9,24.73999977111816,36.80999946594238,2,0.0,1,0.0
2025-02-01T20:19:00+00:00,2025-02-01T23:19:00+03:00,1156.0,104.0,114.0,,9,24.75,36.76000022888184,2,0.0,1,0.0
2025-02-01T20:20:00+00:00,2025-02-01T23:20:00+03:00,1164.5,107.5,117.0,,9,24.76500034332275,36.72999954223633,2,0.0,1,0.0
2025-02-01T20:21:00+00:00,2025-02-01T23:21:00+03:00,1170.5,102.0,110.0,,9,24.80999946594238,36.27000045776367,1,1.0,1,0.0
2025-02-01T20:22:00+00:00,2025-02-01T23:22:00+03:00,1164.5,110.5,122.5,,9,24.86000061035156,35.21500015258789,1,0.0,1,0.0
2025-02-01T20:23:00+00:00,2025-02-01T23:23:00+03:00,1076.5,116.0,119.0,,9,24.86000061035156,34.52499961853027,1,0.0,1,0.0
2025-02-01T20:24:00+00:00,2025-02-01T23:24:00+03:00,1080.5,116.5,129.0,,9,24.8799991607666,35.04000091552734,1,0.0,1,0.0
2025-02-01T20:25:00+00:00,2025-02-01T23:25:00+03:00,1101.0,108.5,118.0,,9,24.89000034332275,35.70999908447266,1,0.0,1,0.0
2025-02-01T20:26:00+00:00,2025-02-01T23:26:00+03:00,1124.5,105.0,111.5,,9,24.85000038146973,35.88000106811523,1,0.0,1,0.0
2025-02-01T20:27:00+00:00,2025-02-01T23:27:00+03:00,1140.5,106.0,111.0,,9,24.85500049591064,35.83499908447266,1,0.0,1,0.0
2025-02-01T20:28:00+00:00,2025-02-01T23:28:00+03:00,1142.5,110.5,119.0,,9,24.8149995803833,36.03499984741211,1,0.0,1,0.0
2025-02-01T20:29:00+00:00,2025-02-01T23:29:00+03:00,1138.5,101.0,109.5,,9,24.79000091552734,35.8700008392334,1,0.0,1,0.0
2025-02-01T20:30:00+00:00,2025-02-01T23:30:00+03:00,1137.0,111.0,113.0,,9,24.75500011444092,36.03499984741211,1,0.0,1,0.0
2025-02-01T20:31:00+00:00,2025-02-01T23:31:00+03:00,1140.0,105.5,116.5,,9,24.77000045776367,36.02499961853027,1,0.0,1,0.0
2025-02-01T20:32:00+00:00,2025-02-01T23:32:00+03:00,1146.0,107.5,115.5,,9,24.74499988555908,36.03000068664551,1,0.0,1,0.0
2025-02-01T20:33:00+00:00,2025-02-01T23:33:00+03:00,1151.5,98.5,106.0,,9,24.77999973297119,36.0,1,0.0,1,0.0
2025-02-01T20:34:00+00:00,2025-02-01T23:34:00+03:00,1146.5,103.5,112.5,,9,24.76500034332275,36.04500007629395,1,0.0,1,0.0
2025-02-01T20:35:00+00:00,2025-02-01T23:35:00+03:00,1148.5,105.0,115.5,,9,24.77500057220459,36.54999923706055,1,0.0,1,0.0
2025-02-01T20:36:00+00:00,2025-02-01T23:36:00+03:00,1155.0,102.5,109.0,,9,24.78000068664551,36.54999923706055,1,0.0,1,0.0
2025-02-01T20:37:00+00:00,2025-02-01T23:37:00+03:00,1161.0,100.0,107.5,,9,24.76500034332275,36.58000183105469,1,0.0,1,0.0
2025-02-01T20:38:00+00:00,2025-02-01T23:38:00+03:00,1161.5,101.0,110.5,,9,24.76500034332275,36.51499938964844,1,0.0,1,0.0
2025-02-01T20:39:00+00:00,2025-02-01T23:39:00+03:00,1168.0,105.5,113.5,,9,24.77000045776367,36.43499946594238,1,0.0,1,0.0
2025-02-01T20:40:00+00:00,2025-02-01T23:40:00+03:00,1163.0,101.5,108.5,,9,24.73999977111816,36.47999954223633,1,0.0,1,0.0
2025-02-01T20:41:00+00:00,2025-02-01T23:41:00+03:00,1163.0,99.0,107.0,,9,24.76000022888184,36.61000061035156,1,0.0,1,0.0
2025-02-01T20:42:00+00:00,2025-02-01T23:42:00+03:00,1164.0,95.5,101.0,,9,24.75,36.81500053405762,1,0.0,1,0.0
2025-02-01T20:43:00+00:00,2025-02-01T23:43:00+03:00,1168.5,96.0,102.5,,9,24.75,36.79500007629395,1,0.0,1,0.0
2025-02-01T20:44:00+00:00,2025-02-01T23:44:00+03:00,1168.5,96.0,108.5,,9,24.74499988555908,36.72500038146973,1,0.0,1,0.0
2025-02-01T20:45:00+00:00,2025-02-01T23:45:00+03:00,1177.5,93.5,97.5,,9,24.72499942779541,36.98999977111816,1,0.0,1,0.0
2025-02-01T20:46:00+00:00,2025-02-01T23:46:00+03:00,1182.0,96.0,102.0,,9,24.6850004196167,37.07000160217285,1,0.0,1,0.0
2025-02-01T20:47:00+00:00,2025-02-01T23:47:00+03:00,1182.5,93.0,99.5,,9,24.65999984741211,36.6299991607666,1,0.0,1,0.0
2025-02-01T20:48:00+00:00,2025-02-01T23:48:00+03:00,1179.0,90.0,96.0,,9,24.6850004196167,36.31500053405762,1,0.0,1,0.0
2025-02-01T20:49:00+00:00,2025-02-01T23:49:00+03:00,1173.5,87.5,96.5,,9,24.67000007629395,36.22000122070312,2,0.5,1,0.0
2025-02-01T20:50:00+00:00,2025-02-01T23:50:00+03:00,1151.0,84.0,89.0,,9,24.6850004196167,36.125,1,0.0,1,0.0
2025-02-01T20:51:00+00:00,2025-02-01T23:51:00+03:00,1116.0,74.0,79.5,,8,24.6850004196167,35.80999946594238,2,0.5,1,0.0
2025-02-01T20:52:00+00:00,2025-02-01T23:52:00+03:00,1104.0,73.5,75.5,,8,24.67500019073486,35.10000038146973,1,0.0,1,0.0
2025-02-01T20:53:00+00:00,2025-02-01T23:53:00+03:00,1052.0,77.0,82.0,,9,24.70999908447266,34.77499961853027,1,0.0,1,0.0
2025-02-01T20:54:00+00:00,2025-02-01T23:54:00+03:00,1046.0,79.0,83.0,,9,24.71500015258789,35.10499954223633,1,0.0,1,0.0
2025-02-01T20:55:00+00:00,2025-02-01T23:55:00+03:00,1069.5,75.5,81.0,,9,24.79500007629395,35.08499908447266,1,0.0,1,0.0
2025-02-01T20:56:00+00:00,2025-02-01T23:56:00+03:00,1100.5,81.5,89.5,,9,24.8100004196167,35.96000099182129,1,0.0,1,0.0
2025-02-01T20:57:00+00:00,2025-02-01T23:57:00+03:00,1133.5,83.0,88.5,,9,24.78500080108643,36.26000022888184,1,0.0,1,0.0
2025-02-01T20:58:00+00:00,2025-02-01T23:58:00+03:00,1152.0,82.0,86.0,,9,24.71000003814697,36.31999969482422,1,0.0,1,0.0
2025-02-01T20:59:00+00:00,2025-02-01T23:59:00+03:00,1152.0,76.0,81.0,,9,24.68000030517578,36.18000030517578,1,0.0,1,0.0
