utc dates,local dates,CO2 (PARTS_PER_MILLION),PM25 (MICROGRAMS_PER_CUBIC_METER),PM10 (MICROGRAMS_PER_CUBIC_METER),TVOC (PARTS_PER_BILLION),IAQI (IAQI),TEMPERATURE (CELSIUS),HUMIDITY (PERCENT),people,door,ventilation,window
2025-02-01T21:00:00+00:00,2025-02-02T00:00:00+03:00,1149.5,73.5,80.5,,8.0,24.67500019073486,36.40999984741211,1.0,0.1,1,0.0
2025-02-01T21:01:00+00:00,2025-02-02T00:01:00+03:00,1155.5,74.0,78.5,,8.0,24.68000030517578,36.55499839782715,1.0,0.1,1,0.0
2025-02-01T21:02:00+00:00,2025-02-02T00:02:00+03:00,1158.0,76.0,81.5,,9.0,24.64999961853027,36.57000160217285,1.0,0.1,1,0.0
2025-02-01T21:03:00+00:00,2025-02-02T00:03:00+03:00,1151.5,75.0,78.0,,9.0,24.625,36.66500091552734,1.0,0.1,1,0.0
2025-02-01T21:04:00+00:00,2025-02-02T00:04:00+03:00,1157.5,74.0,78.5,,8.0,24.63499927520752,36.71000099182129,1.0,0.1,1,0.0
2025-02-01T21:05:00+00:00,2025-02-02T00:05:00+03:00,1165.0,74.0,81.5,,8.0,24.63499927520752,36.79500007629395,1.0,0.1,1,0.0
2025-02-01T21:06:00+00:00,2025-02-02T00:06:00+03:00,1177.0,73.5,81.0,,8.0,24.625,36.83499908447266,1.0,0.1,1,0.0
2025-02-01T21:07:00+00:00,2025-02-02T00:07:00+03:00,1172.0,67.5,70.0,,8.0,24.625,36.80999946594238,1.0,0.1,1,0.0
2025-02-01T21:08:00+00:00,2025-02-02T00:08:00+03:00,1163.0,71.5,76.0,,8.0,24.60500049591064,37.1299991607666,1.0,0.1,1,0.0
2025-02-01T21:09:00+00:00,2025-02-02T00:09:00+03:00,1163.0,72.0,80.5,,8.0,24.60499954223633,36.96999931335449,1.0,0.1,1,0.0
2025-02-01T21:10:00+00:00,2025-02-02T00:10:00+03:00,1159.5,71.0,80.5,,8.0,24.60000038146973,37.07000160217285,1.0,0.1,1,0.0
2025-02-01T21:11:00+00:00,2025-02-02T00:11:00+03:00,1164.5,70.0,71.0,,8.0,24.57999992370605,37.18000030517578,1.0,0.1,1,0.0
2025-02-01T21:12:00+00:00,2025-02-02T00:12:00+03:00,1170.5,71.5,78.5,,8.0,24.60000038146973,37.13999938964844,1.0,0.1,1,0.0
2025-02-01T21:13:00+00:00,2025-02-02T00:13:00+03:00,1168.5,70.0,75.5,,8.0,24.60000038146973,37.21999931335449,1.0,0.1,1,0.0
2025-02-01T21:14:00+00:00,2025-02-02T00:14:00+03:00,1157.5,70.5,78.0,,8.0,24.61999988555908,37.34499931335449,1.0,0.1,1,0.0
2025-02-01T21:15:00+00:00,2025-02-02T00:15:00+03:00,1158.0,70.0,76.5,,8.0,24.59000015258789,37.2450008392334,1.0,0.1,1,0.0
2025-02-01T21:16:00+00:00,2025-02-02T00:16:00+03:00,1168.0,72.5,76.5,,8.0,24.60000038146973,37.25,1.0,0.1,1,0.0
2025-02-01T21:17:00+00:00,2025-02-02T00:17:00+03:00,1180.0,70.0,74.0,,8.0,24.59500026702881,37.26499938964844,1.0,0.1,1,0.0
2025-02-01T21:18:00+00:00,2025-02-02T00:18:00+03:00,1188.5,68.0,75.0,,8.0,24.58500003814697,37.04999923706055,1.0,0.1,1,0.0
2025-02-01T21:19:00+00:00,2025-02-02T00:19:00+03:00,1186.0,63.5,69.0,,7.0,24.57999992370605,37.11999893188477,1.0,0.1,1,0.0
2025-02-01T21:20:00+00:00,2025-02-02T00:20:00+03:00,1181.0,71.0,74.0,,8.0,24.5649995803833,37.20499992370605,1.0,0.1,1,0.0
2025-02-01T21:21:00+00:00,2025-02-02T00:21:00+03:00,1181.0,64.0,68.0,,7.0,24.57999992370605,37.00500106811523,1.0,0.1,1,0.0
2025-02-01T21:22:00+00:00,2025-02-02T00:22:00+03:00,1171.5,64.0,72.0,,7.0,24.56999969482422,37.05999946594238,1.0,0.1,1,0.0
2025-02-01T21:23:00+00:00,2025-02-02T00:23:00+03:00,1165.0,60.5,66.0,,7.0,24.60000038146973,36.32500076293945,1.0,0.1,1,0.0
2025-02-01T21:24:00+00:00,2025-02-02T00:24:00+03:00,1150.5,63.5,70.0,,7.0,24.65499973297119,36.71500015258789,1.0,0.1,1,0.0
2025-02-01T21:25:00+00:00,2025-02-02T00:25:00+03:00,1173.0,66.0,73.0,,8.0,24.65999984741211,36.98999977111816,1.0,0.1,1,0.0
2025-02-01T21:26:00+00:00,2025-02-02T00:26:00+03:00,1205.0,64.0,65.5,,7.0,24.64999961853027,36.93999862670898,1.0,0.1,1,0.0
2025-02-01T21:27:00+00:00,2025-02-02T00:27:00+03:00,1201.5,60.5,64.0,,7.0,24.60500049591064,37.0049991607666,1.0,0.1,1,0.0
2025-02-01T21:28:00+00:00,2025-02-02T00:28:00+03:00,1183.5,60.5,64.0,,7.0,24.60000038146973,37.00500106811523,1.0,0.1,1,0.0
2025-02-01T21:29:00+00:00,2025-02-02T00:29:00+03:00,1181.0,60.0,67.5,,7.0,24.56999969482422,37.01499938964844,1.0,0.1,1,0.0
2025-02-01T21:30:00+00:00,2025-02-02T00:30:00+03:00,1187.0,58.0,59.5,,7.0,24.55499935150146,36.99499893188477,1.0,0.1,1,0.0
2025-02-01T21:31:00+00:00,2025-02-02T00:31:00+03:00,1171.0,56.5,61.5,,7.0,24.54000091552734,36.94999885559082,1.0,0.1,1,0.0
2025-02-01T21:32:00+00:00,2025-02-02T00:32:00+03:00,1178.0,56.5,58.0,,7.0,24.55000019073486,36.97000122070312,1.0,0.1,1,0.0
2025-02-01T21:33:00+00:00,2025-02-02T00:33:00+03:00,1172.0,57.0,61.0,,7.0,24.53999996185303,37.00500106811523,1.0,0.1,1,0.0
2025-02-01T21:34:00+00:00,2025-02-02T00:34:00+03:00,1160.5,57.0,61.5,,7.0,24.52500057220459,36.92000007629395,1.0,0.1,1,0.0
2025-02-01T21:35:00+00:00,2025-02-02T00:35:00+03:00,1174.5,56.5,61.0,,7.0,24.53500080108643,36.96999931335449,1.0,0.1,1,0.0
2025-02-01T21:36:00+00:00,2025-02-02T00:36:00+03:00,1181.0,56.0,62.5,,7.0,24.53999996185303,37.03499984741211,1.0,0.1,1,0.0
2025-02-01T21:37:00+00:00,2025-02-02T00:37:00+03:00,1180.0,56.5,60.5,,7.0,24.53999996185303,37.09500122070312,1.0,0.1,1,0.0
2025-02-01T21:38:00+00:00,2025-02-02T00:38:00+03:00,1176.5,55.5,61.0,,7.0,24.52000045776367,37.28000068664551,1.0,0.1,1,0.0
2025-02-01T21:39:00+00:00,2025-02-02T00:39:00+03:00,1172.0,51.0,54.0,,6.0,24.50500011444092,36.94999885559082,1.0,0.1,1,0.0
2025-02-01T21:40:00+00:00,2025-02-02T00:40:00+03:00,1162.5,52.5,56.0,,6.0,24.50500011444092,37.21000099182129,1.0,0.1,1,0.0
2025-02-01T21:41:00+00:00,2025-02-02T00:41:00+03:00,1155.5,50.5,58.5,,6.0,24.55000019073486,37.29999923706055,2.0,0.5,1,0.0
2025-02-01T21:42:00+00:00,2025-02-02T00:42:00+03:00,1155.5,43.0,44.5,,5.0,24.54000091552734,36.48999977111816,1.0,0.5,1,0.0
2025-02-01T21:43:00+00:00,2025-02-02T00:43:00+03:00,1037.5,22.0,26.5,,5.0,24.55999946594238,31.81999969482422,1.0,0.2,1,0.0
2025-02-01T21:44:00+00:00,2025-02-02T00:44:00+03:00,796.0,18.5,20.0,,3.0,24.59000015258789,30.14500045776367,1.0,0.2,1,0.0
2025-02-01T21:45:00+00:00,2025-02-02T00:45:00+03:00,668.0,15.5,18.0,,3.0,24.58500003814697,29.14500045776367,1.0,0.2,1,0.0
2025-02-01T21:46:00+00:00,2025-02-02T00:46:00+03:00,662.5,12.0,15.0,,3.0,24.60500049591064,28.57999992370605,1.0,0.2,1,0.0
2025-02-01T21:47:00+00:00,2025-02-02T00:47:00+03:00,640.0,15.0,16.0,,3.0,24.60000038146973,28.34000015258789,1.0,0.2,1,0.0
2025-02-01T21:48:00+00:00,2025-02-02T00:48:00+03:00,630.5,15.5,17.5,,3.0,24.59500026702881,28.08999919891357,1.0,0.2,1,0.0
2025-02-01T21:49:00+00:00,2025-02-02T00:49:00+03:00,626.0,13.5,14.5,,3.0,24.57999992370605,27.85999965667725,1.0,0.2,1,0.0
2025-02-01T21:50:00+00:00,2025-02-02T00:50:00+03:00,625.5,16.0,16.5,,3.0,24.58500003814697,27.71500015258789,1.0,0.2,1,0.0
2025-02-01T21:51:00+00:00,2025-02-02T00:51:00+03:00,629.0,34.0,38.0,,4.0,24.57499980926514,27.90500068664551,1.0,0.2,1,0.0
2025-02-01T21:52:00+00:00,2025-02-02T00:52:00+03:00,643.5,80.5,85.0,,9.0,24.55499935150146,28.05000019073486,1.0,0.2,1,0.0
2025-02-01T21:53:00+00:00,2025-02-02T00:53:00+03:00,656.0,109.5,116.0,,9.0,24.56999969482422,28.14000034332275,1.0,0.2,1,0.0
2025-02-01T21:54:00+00:00,2025-02-02T00:54:00+03:00,666.5,107.5,115.0,,9.0,24.54500007629395,28.20499992370605,1.0,0.2,1,0.0
2025-02-01T21:55:00+00:00,2025-02-02T00:55:00+03:00,672.0,106.0,114.5,,9.0,24.54500007629395,28.14000034332275,1.0,0.2,1,0.0
2025-02-01T21:56:00+00:00,2025-02-02T00:56:00+03:00,679.0,112.0,119.0,,9.0,24.53999996185303,28.1850004196167,1.0,0.2,1,0.0
2025-02-01T21:57:00+00:00,2025-02-02T00:57:00+03:00,677.0,117.5,128.0,,9.0,24.56999969482422,28.17000007629395,1.0,0.2,1,0.0
2025-02-01T21:58:00+00:00,2025-02-02T00:58:00+03:00,677.0,119.0,128.0,,9.0,24.55999946594238,28.10999965667725,1.0,0.2,1,0.0
2025-02-01T21:59:00+00:00,2025-02-02T00:59:00+03:00,674.5,118.5,129.5,,9.0,24.57499980926514,28.04500007629395,1.0,0.2,1,0.0
2025-02-01T22:00:00+00:00,2025-02-02T01:00:00+03:00,673.5,110.5,120.0,,9.0,24.57499980926514,27.98999977111816,1.0,0.2,1,0.0
2025-02-01T22:01:00+00:00,2025-02-02T01:01:00+03:00,672.5,108.0,116.5,,9.0,24.5649995803833,27.90999984741211,1.0,0.2,1,0.0
2025-02-01T22:02:00+00:00,2025-02-02T01:02:00+03:00,669.5,107.0,117.5,,9.0,24.5649995803833,27.82500076293945,1.0,0.2,1,0.0
2025-02-01T22:03:00+00:00,2025-02-02T01:03:00+03:00,666.0,103.0,109.0,,9.0,24.57499980926514,27.66499996185303,1.0,0.2,1,0.0
2025-02-01T22:04:00+00:00,2025-02-02T01:04:00+03:00,665.0,92.5,98.5,,9.0,24.54999923706055,27.60999965667725,1.0,0.2,1,0.0
2025-02-01T22:05:00+00:00,2025-02-02T01:05:00+03:00,663.0,91.5,101.0,,9.0,24.54999923706055,27.52000045776367,1.0,0.2,1,0.0
2025-02-01T22:06:00+00:00,2025-02-02T01:06:00+03:00,658.5,83.5,87.5,,9.0,24.55999946594238,27.5,1.0,0.2,1,0.0
2025-02-01T22:07:00+00:00,2025-02-02T01:07:00+03:00,656.0,83.5,89.0,,9.0,24.54999923706055,27.42999935150146,1.0,0.2,1,0.0
2025-02-01T22:08:00+00:00,2025-02-02T01:08:00+03:00,652.0,78.5,84.5,,9.0,24.55500030517578,27.28500080108643,1.0,0.2,1,0.0
2025-02-01T22:09:00+00:00,2025-02-02T01:09:00+03:00,645.5,73.0,81.0,,8.0,24.53999996185303,27.01000022888184,1.0,0.2,1,0.0
2025-02-01T22:10:00+00:00,2025-02-02T01:10:00+03:00,635.5,70.5,73.0,,8.0,24.51500034332275,26.78499984741211,1.0,0.2,1,0.0
2025-02-01T22:11:00+00:00,2025-02-02T01:11:00+03:00,627.5,67.5,75.0,,8.0,24.51000022888184,26.63499927520752,1.0,0.2,1,0.0
2025-02-01T22:12:00+00:00,2025-02-02T01:12:00+03:00,621.5,63.0,64.5,,7.0,24.47999954223633,26.46000003814697,1.0,0.2,1,0.0
2025-02-01T22:13:00+00:00,2025-02-02T01:13:00+03:00,616.0,63.5,65.5,,7.0,24.45499992370605,26.29500007629395,1.0,0.2,1,0.0
2025-02-01T22:14:00+00:00,2025-02-02T01:14:00+03:00,609.0,60.5,65.5,,7.0,24.48499965667725,26.19499969482422,1.0,0.2,1,0.0
2025-02-01T22:15:00+00:00,2025-02-02T01:15:00+03:00,599.5,57.5,59.0,,7.0,24.47499942779541,26.11999988555908,1.0,0.2,1,0.0
2025-02-01T22:16:00+00:00,2025-02-02T01:16:00+03:00,598.0,56.5,63.5,,7.0,24.44500064849854,26.09500026702881,1.0,0.2,1,0.0
2025-02-01T22:17:00+00:00,2025-02-02T01:17:00+03:00,596.5,53.0,56.0,,6.0,24.4399995803833,26.09000015258789,1.0,0.2,1,0.0
2025-02-01T22:18:00+00:00,2025-02-02T01:18:00+03:00,598.0,56.0,61.5,,7.0,24.39499950408936,26.3149995803833,1.0,0.2,1,0.0
2025-02-01T22:19:00+00:00,2025-02-02T01:19:00+03:00,606.5,58.0,63.5,,7.0,24.4399995803833,27.26999950408936,1.0,0.2,1,0.0
2025-02-01T22:20:00+00:00,2025-02-02T01:20:00+03:00,636.5,58.5,63.0,,7.0,24.47499942779541,27.94499969482422,1.0,0.2,1,0.0
2025-02-01T22:21:00+00:00,2025-02-02T01:21:00+03:00,659.5,62.0,65.0,,7.0,24.50500011444092,28.70499992370605,1.0,0.2,1,0.0
2025-02-01T22:22:00+00:00,2025-02-02T01:22:00+03:00,677.0,60.0,65.0,,7.0,24.52000045776367,29.29500007629395,1.0,0.2,1,0.0
2025-02-01T22:23:00+00:00,2025-02-02T01:23:00+03:00,690.0,66.5,70.5,,8.0,24.55000019073486,30.0,1.0,0.2,1,0.0
2025-02-01T22:24:00+00:00,2025-02-02T01:24:00+03:00,697.0,64.0,66.0,,7.0,24.53000068664551,30.77000045776367,2.0,0.5,1,0.0
2025-02-01T22:25:00+00:00,2025-02-02T01:25:00+03:00,704.0,59.5,69.5,,7.0,24.52000045776367,30.30000019073486,2.0,0.1,1,0.0
2025-02-01T22:26:00+00:00,2025-02-02T01:26:00+03:00,711.5,58.0,62.5,,7.0,24.53999996185303,30.23500061035156,2.0,0.1,1,0.0
2025-02-01T22:27:00+00:00,2025-02-02T01:27:00+03:00,714.5,59.5,62.0,,7.0,24.55500030517578,30.90999984741211,2.0,0.1,1,0.0
2025-02-01T22:28:00+00:00,2025-02-02T01:28:00+03:00,723.5,60.0,64.5,,7.0,24.52000045776367,31.29500007629395,2.0,0.1,1,0.0
2025-02-01T22:29:00+00:00,2025-02-02T01:29:00+03:00,734.5,56.0,61.0,,7.0,24.55500030517578,31.44000053405762,2.0,0.1,1,0.0
2025-02-01T22:30:00+00:00,2025-02-02T01:30:00+03:00,740.5,58.5,62.5,,7.0,24.52500057220459,31.51999950408936,2.0,0.1,1,0.0
2025-02-01T22:31:00+00:00,2025-02-02T01:31:00+03:00,747.5,53.5,55.0,,6.0,24.52000045776367,31.64000034332275,2.0,0.1,1,0.0
2025-02-01T22:32:00+00:00,2025-02-02T01:32:00+03:00,743.0,56.0,59.0,,7.0,24.46999931335449,31.76000022888184,2.0,0.1,1,0.0
2025-02-01T22:33:00+00:00,2025-02-02T01:33:00+03:00,747.5,55.0,60.0,,7.0,24.45499992370605,31.84000015258789,2.0,0.1,1,0.0
2025-02-01T22:34:00+00:00,2025-02-02T01:34:00+03:00,755.0,55.0,60.5,,7.0,24.44000053405762,31.89999961853027,2.0,0.1,1,0.0
2025-02-01T22:35:00+00:00,2025-02-02T01:35:00+03:00,761.0,53.0,55.5,,6.0,24.42000007629395,31.90499973297119,2.0,0.1,1,0.0
2025-02-01T22:36:00+00:00,2025-02-02T01:36:00+03:00,764.5,55.0,58.5,,7.0,24.42500019073486,31.90499973297119,2.0,0.1,1,0.0
2025-02-01T22:37:00+00:00,2025-02-02T01:37:00+03:00,763.5,54.0,56.5,,6.0,24.43000030517578,32.06500053405762,2.0,0.1,1,0.0
2025-02-01T22:38:00+00:00,2025-02-02T01:38:00+03:00,764.5,62.0,64.5,,7.0,24.45000076293945,32.11000061035156,2.0,0.1,1,0.0
2025-02-01T22:39:00+00:00,2025-02-02T01:39:00+03:00,765.5,61.0,63.5,,7.0,24.42000007629395,32.26000022888184,2.0,0.1,1,0.0
2025-02-01T22:40:00+00:00,2025-02-02T01:40:00+03:00,777.0,63.0,67.5,,7.0,24.43000030517578,32.23500061035156,2.0,0.1,1,0.0
2025-02-01T22:41:00+00:00,2025-02-02T01:41:00+03:00,776.0,63.0,65.0,,7.0,24.41499996185303,32.3799991607666,2.0,0.1,1,0.0
2025-02-01T22:42:00+00:00,2025-02-02T01:42:00+03:00,775.5,68.5,74.0,,8.0,24.42000007629395,32.46500015258789,2.0,0.1,1,0.0
2025-02-01T22:43:00+00:00,2025-02-02T01:43:00+03:00,776.0,67.5,72.5,,8.0,24.39999961853027,32.5,2.0,0.1,1,0.0
2025-02-01T22:44:00+00:00,2025-02-02T01:44:00+03:00,777.5,76.5,81.0,,9.0,24.39999961853027,32.58499908447266,2.0,0.1,1,0.0
2025-02-01T22:45:00+00:00,2025-02-02T01:45:00+03:00,779.0,76.5,80.0,,9.0,24.40999984741211,32.63999938964844,2.0,0.1,1,0.0
2025-02-01T22:46:00+00:00,2025-02-02T01:46:00+03:00,775.5,76.0,83.5,,9.0,24.42500019073486,32.53999900817871,2.0,0.1,1,0.0
2025-02-01T22:47:00+00:00,2025-02-02T01:47:00+03:00,775.5,75.0,80.0,,9.0,24.44500064849854,32.53500175476074,2.0,0.1,1,0.0
2025-02-01T22:48:00+00:00,2025-02-02T01:48:00+03:00,779.5,66.5,71.0,,8.0,24.43000030517578,32.84000015258789,2.0,0.1,1,0.0
2025-02-01T22:49:00+00:00,2025-02-02T01:49:00+03:00,791.0,74.0,79.0,,8.0,24.41499996185303,32.88500022888184,2.0,0.1,1,0.0
2025-02-01T22:50:00+00:00,2025-02-02T01:50:00+03:00,791.5,72.5,77.5,,8.0,24.40499973297119,32.91500091552734,2.0,0.1,1,0.0
2025-02-01T22:51:00+00:00,2025-02-02T01:51:00+03:00,791.0,78.5,82.5,,9.0,24.36999988555908,33.07499885559082,2.0,0.1,1,0.0
2025-02-01T22:52:00+00:00,2025-02-02T01:52:00+03:00,794.0,77.5,85.0,,9.0,24.38500022888184,33.04500007629395,2.0,0.1,1,0.0
2025-02-01T22:53:00+00:00,2025-02-02T01:53:00+03:00,790.0,70.5,77.0,,8.0,24.39500045776367,33.03499984741211,2.0,0.1,1,0.0
2025-02-01T22:54:00+00:00,2025-02-02T01:54:00+03:00,795.5,74.5,76.5,,8.0,24.36500072479248,33.15999984741211,2.0,0.1,1,0.0
2025-02-01T22:55:00+00:00,2025-02-02T01:55:00+03:00,798.5,77.0,79.5,,9.0,24.36500072479248,33.36499977111816,2.0,0.1,1,0.0
2025-02-01T22:56:00+00:00,2025-02-02T01:56:00+03:00,798.0,71.0,73.0,,8.0,24.3799991607666,33.44499969482422,2.0,0.1,1,0.0
2025-02-01T22:57:00+00:00,2025-02-02T01:57:00+03:00,803.0,70.0,74.0,,8.0,24.375,33.55500030517578,2.0,0.1,1,0.0
2025-02-01T22:58:00+00:00,2025-02-02T01:58:00+03:00,810.5,70.5,75.5,,8.0,24.36000061035156,33.61499977111816,2.0,0.1,1,0.0
2025-02-01T22:59:00+00:00,2025-02-02T01:59:00+03:00,805.0,69.5,74.0,,8.0,24.375,33.68000030517578,2.0,0.1,1,0.0
2025-02-01T23:00:00+00:00,2025-02-02T02:00:00+03:00,806.5,69.5,74.0,,8.0,24.3799991607666,33.65500068664551,2.0,0.1,1,0.0
2025-02-01T23:01:00+00:00,2025-02-02T02:01:00+03:00,815.0,69.0,75.0,,8.0,24.38999938964844,33.65500068664551,2.0,0.1,1,0.0
2025-02-01T23:02:00+00:00,2025-02-02T02:02:00+03:00,818.5,66.5,71.5,,8.0,24.375,33.65499877929688,2.0,0.1,1,0.0
2025-02-01T23:03:00+00:00,2025-02-02T02:03:00+03:00,824.0,68.5,73.0,,8.0,24.38000011444092,33.77499961853027,2.0,0.1,1,0.0
2025-02-01T23:04:00+00:00,2025-02-02T02:04:00+03:00,821.0,64.5,69.0,,7.0,24.39000034332275,33.86499977111816,2.0,0.1,1,0.0
2025-02-01T23:05:00+00:00,2025-02-02T02:05:00+03:00,817.0,65.0,71.0,,8.0,24.41499996185303,33.68999862670898,2.0,0.1,1,0.0
2025-02-01T23:06:00+00:00,2025-02-02T02:06:00+03:00,818.5,62.0,66.0,,7.0,24.42000007629395,33.8799991607666,2.0,0.1,1,0.0
2025-02-01T23:07:00+00:00,2025-02-02T02:07:00+03:00,820.5,62.5,67.5,,7.0,24.42500019073486,33.84499931335449,2.0,0.1,1,0.0
2025-02-01T23:08:00+00:00,2025-02-02T02:08:00+03:00,823.5,59.0,63.5,,7.0,24.43000030517578,33.92499923706055,2.0,0.1,1,0.0
2025-02-01T23:09:00+00:00,2025-02-02T02:09:00+03:00,822.0,66.0,68.5,,8.0,24.41499996185303,33.84000015258789,2.0,0.1,1,0.0
2025-02-01T23:10:00+00:00,2025-02-02T02:10:00+03:00,820.5,64.0,66.0,,7.0,24.40999984741211,33.92499923706055,2.0,0.1,1,0.0
2025-02-01T23:11:00+00:00,2025-02-02T02:11:00+03:00,820.5,61.0,65.0,,7.0,24.38000011444092,34.04000091552734,2.0,0.1,1,0.0
2025-02-01T23:12:00+00:00,2025-02-02T02:12:00+03:00,825.0,59.5,64.0,,7.0,24.39999961853027,34.18000030517578,2.0,0.1,1,0.0
2025-02-01T23:13:00+00:00,2025-02-02T02:13:00+03:00,831.5,61.5,64.5,,7.0,24.40499973297119,34.15500068664551,2.0,0.1,1,0.0
2025-02-01T23:14:00+00:00,2025-02-02T02:14:00+03:00,834.5,56.5,60.5,,7.0,24.40999984741211,34.21000099182129,2.0,0.1,1,0.0
2025-02-01T23:15:00+00:00,2025-02-02T02:15:00+03:00,836.0,62.5,68.5,,7.0,24.3799991607666,34.17500114440918,2.0,0.1,1,0.0
2025-02-01T23:16:00+00:00,2025-02-02T02:16:00+03:00,831.0,60.0,62.0,,7.0,24.38999938964844,34.22999954223633,2.0,0.5,1,0.0
2025-02-01T23:17:00+00:00,2025-02-02T02:17:00+03:00,824.5,56.0,62.0,,7.0,24.38999938964844,34.30999946594238,1.0,0.1,1,0.0
2025-02-01T23:18:00+00:00,2025-02-02T02:18:00+03:00,809.5,58.0,62.0,,7.0,24.4399995803833,31.73500061035156,2.0,0.5,1,0.0
2025-02-01T23:19:00+00:00,2025-02-02T02:19:00+03:00,775.5,59.5,61.0,,7.0,24.50500011444092,32.88000106811523,2.0,0.1,1,0.0
2025-02-01T23:20:00+00:00,2025-02-02T02:20:00+03:00,781.0,54.0,57.5,,6.0,24.58500003814697,32.53000068664551,2.0,0.1,1,0.0
2025-02-01T23:21:00+00:00,2025-02-02T02:21:00+03:00,796.5,58.5,64.0,,7.0,24.6299991607666,32.76500129699707,2.0,0.1,1,0.0
2025-02-01T23:22:00+00:00,2025-02-02T02:22:00+03:00,810.0,50.0,53.0,,6.0,24.61499977111816,33.96500015258789,2.0,0.1,1,0.0
2025-02-01T23:23:00+00:00,2025-02-02T02:23:00+03:00,833.5,50.5,54.0,,6.0,24.5649995803833,34.19999885559082,2.0,0.1,1,0.0
2025-02-01T23:24:00+00:00,2025-02-02T02:24:00+03:00,841.5,53.5,58.0,,6.0,24.53499984741211,34.18499946594238,2.0,0.1,1,0.0
2025-02-01T23:25:00+00:00,2025-02-02T02:25:00+03:00,845.5,54.0,57.0,,6.0,24.49499988555908,34.38999938964844,2.0,0.1,1,0.0
2025-02-01T23:26:00+00:00,2025-02-02T02:26:00+03:00,846.5,52.0,55.0,,6.0,24.49499988555908,34.35499954223633,2.0,0.1,1,0.0
2025-02-01T23:27:00+00:00,2025-02-02T02:27:00+03:00,846.0,49.0,55.5,,6.0,24.47499942779541,34.45999908447266,2.0,0.1,1,0.0
2025-02-01T23:28:00+00:00,2025-02-02T02:28:00+03:00,852.0,52.0,54.5,,6.0,24.44999980926514,34.56500053405762,2.0,0.1,1,0.0
2025-02-01T23:29:00+00:00,2025-02-02T02:29:00+03:00,854.0,53.5,57.5,,6.0,24.45999908447266,34.67000007629395,2.0,0.1,1,0.0
2025-02-01T23:30:00+00:00,2025-02-02T02:30:00+03:00,869.5,53.5,57.5,,6.0,24.44999980926514,34.65499877929688,2.0,0.1,1,0.0
2025-02-01T23:31:00+00:00,2025-02-02T02:31:00+03:00,878.0,51.0,52.5,,6.0,24.4399995803833,34.68999862670898,2.0,0.1,1,0.0
2025-02-01T23:32:00+00:00,2025-02-02T02:32:00+03:00,879.0,50.5,56.5,,6.0,24.45499992370605,34.75,2.0,0.1,1,0.0
2025-02-01T23:33:00+00:00,2025-02-02T02:33:00+03:00,883.0,50.0,52.0,,6.0,24.47499942779541,34.72500038146973,2.0,0.1,1,0.0
2025-02-01T23:34:00+00:00,2025-02-02T02:34:00+03:00,884.5,51.0,53.0,,6.0,24.5,34.83499908447266,2.0,0.1,1,0.0
2025-02-01T23:35:00+00:00,2025-02-02T02:35:00+03:00,894.5,50.5,51.0,,6.0,24.49499988555908,34.79500007629395,2.0,0.1,1,0.0
2025-02-01T23:36:00+00:00,2025-02-02T02:36:00+03:00,914.0,49.0,51.5,,6.0,24.46499919891357,34.875,2.0,0.1,1,0.0
2025-02-01T23:37:00+00:00,2025-02-02T02:37:00+03:00,913.0,47.0,49.5,,6.0,24.48999977111816,34.61999893188477,2.0,0.1,1,0.0
2025-02-01T23:38:00+00:00,2025-02-02T02:38:00+03:00,901.0,48.0,49.0,,6.0,24.55999946594238,34.67499923706055,2.0,0.1,1,0.0
2025-02-01T23:39:00+00:00,2025-02-02T02:39:00+03:00,903.0,47.5,51.0,,6.0,24.54999923706055,34.82999992370605,2.0,0.1,1,0.0
2025-02-01T23:40:00+00:00,2025-02-02T02:40:00+03:00,918.0,42.5,45.0,,5.0,24.53500080108643,34.98500061035156,2.0,0.1,1,0.0
2025-02-01T23:41:00+00:00,2025-02-02T02:41:00+03:00,933.0,49.0,54.5,,6.0,24.53000068664551,34.97500038146973,2.0,0.1,1,0.0
2025-02-01T23:42:00+00:00,2025-02-02T02:42:00+03:00,930.0,46.0,49.5,,6.0,24.54999923706055,34.90999984741211,2.0,0.1,1,0.0
2025-02-01T23:43:00+00:00,2025-02-02T02:43:00+03:00,927.0,47.5,50.0,,6.0,24.60000038146973,34.81999969482422,2.0,0.1,1,0.0
2025-02-01T23:44:00+00:00,2025-02-02T02:44:00+03:00,926.5,40.5,42.5,,5.0,24.58500003814697,34.92000007629395,2.0,0.1,1,0.0
2025-02-01T23:45:00+00:00,2025-02-02T02:45:00+03:00,927.0,46.5,50.0,,6.0,24.57999992370605,34.95999908447266,2.0,0.1,1,0.0
2025-02-01T23:46:00+00:00,2025-02-02T02:46:00+03:00,927.0,40.0,42.0,,5.0,24.55000019073486,35.04000091552734,2.0,0.1,1,0.0
2025-02-01T23:47:00+00:00,2025-02-02T02:47:00+03:00,931.0,43.5,45.5,,5.0,24.57999992370605,35.06999969482422,2.0,0.1,1,0.0
2025-02-01T23:48:00+00:00,2025-02-02T02:48:00+03:00,935.0,44.5,47.5,,5.0,24.57499980926514,34.88999938964844,2.0,0.1,1,0.0
2025-02-01T23:49:00+00:00,2025-02-02T02:49:00+03:00,939.0,42.5,46.0,,5.0,24.56999969482422,34.92500114440918,2.0,0.1,1,0.0
2025-02-01T23:50:00+00:00,2025-02-02T02:50:00+03:00,950.5,41.5,42.5,,5.0,24.57499980926514,34.97500038146973,2.0,0.1,1,0.0
2025-02-01T23:51:00+00:00,2025-02-02T02:51:00+03:00,959.0,40.0,42.0,,5.0,24.57999992370605,35.06500053405762,2.0,0.1,1,0.0
2025-02-01T23:52:00+00:00,2025-02-02T02:52:00+03:00,973.0,42.5,45.0,,5.0,24.58500003814697,35.11999893188477,1.0,0.5,1,0.0
2025-02-01T23:53:00+00:00,2025-02-02T02:53:00+03:00,980.5,40.0,41.0,,5.0,24.57499980926514,34.98999977111816,1.0,0.0,1,0.0
2025-02-01T23:54:00+00:00,2025-02-02T02:54:00+03:00,966.5,40.0,41.5,,5.0,24.61999988555908,33.89999961853027,2.0,0.5,1,0.0
2025-02-01T23:55:00+00:00,2025-02-02T02:55:00+03:00,953.0,40.5,42.0,,5.0,24.68499946594238,34.25500106811523,2.0,0.1,1,0.0
2025-02-01T23:56:00+00:00,2025-02-02T02:56:00+03:00,962.0,41.0,44.5,,5.0,24.6850004196167,34.97499847412109,2.0,0.1,1,0.0
2025-02-01T23:57:00+00:00,2025-02-02T02:57:00+03:00,989.0,42.0,43.5,,5.0,24.63000011444092,35.22999954223633,2.0,0.1,1,0.0
2025-02-01T23:58:00+00:00,2025-02-02T02:58:00+03:00,1027.0,36.5,40.5,,5.0,24.60000038146973,35.32999992370605,2.0,0.1,1,0.0
2025-02-01T23:59:00+00:00,2025-02-02T02:59:00+03:00,1068.0,39.0,41.5,,5.0,24.59500026702881,35.47999954223633,2.0,0.1,1,0.0
2025-02-02T00:00:00+00:00,2025-02-02T03:00:00+03:00,1076.5,38.5,39.5,,5.0,24.56999969482422,35.375,2.0,0.1,1,0.0
2025-02-02T00:01:00+00:00,2025-02-02T03:01:00+03:00,1083.0,37.5,40.5,,5.0,24.54999923706055,35.46500015258789,2.0,0.1,1,0.0
2025-02-02T00:02:00+00:00,2025-02-02T03:02:00+03:00,1086.0,40.5,43.0,,5.0,24.54500007629395,35.47999954223633,2.0,0.1,1,0.0
2025-02-02T00:03:00+00:00,2025-02-02T03:03:00+03:00,1090.0,42.0,44.0,,5.0,24.54000091552734,35.47499847412109,2.0,0.1,1,0.0
2025-02-02T00:04:00+00:00,2025-02-02T03:04:00+03:00,1088.5,40.5,45.5,,5.0,24.53999996185303,35.56500053405762,2.0,0.1,1,0.0
2025-02-02T00:05:00+00:00,2025-02-02T03:05:00+03:00,1086.5,39.5,41.5,,5.0,24.51000022888184,35.65500068664551,2.0,0.1,1,0.0
2025-02-02T00:06:00+00:00,2025-02-02T03:06:00+03:00,1084.0,43.0,46.0,,5.0,24.51000022888184,35.57000160217285,2.0,0.1,1,0.0
2025-02-02T00:07:00+00:00,2025-02-02T03:07:00+03:00,1085.5,42.0,46.5,,5.0,24.50500011444092,35.6299991607666,2.0,0.1,1,0.0
2025-02-02T00:08:00+00:00,2025-02-02T03:08:00+03:00,1101.0,44.5,48.0,,5.0,24.53000068664551,35.77500152587891,2.0,0.1,1,0.0
2025-02-02T00:09:00+00:00,2025-02-02T03:09:00+03:00,1113.0,49.5,53.5,,6.0,24.51500034332275,35.86499977111816,2.0,0.1,1,0.0
2025-02-02T00:10:00+00:00,2025-02-02T03:10:00+03:00,1109.0,51.5,55.0,,6.0,24.53000068664551,35.78000068664551,2.0,0.1,1,0.0
2025-02-02T00:11:00+00:00,2025-02-02T03:11:00+03:00,1120.5,48.5,50.5,,6.0,24.53999996185303,35.89500045776367,2.0,0.1,1,0.0
2025-02-02T00:12:00+00:00,2025-02-02T03:12:00+03:00,1135.0,58.0,64.0,,7.0,24.52500057220459,35.84000015258789,2.0,0.1,1,0.0
2025-02-02T00:13:00+00:00,2025-02-02T03:13:00+03:00,1141.5,47.5,50.5,,6.0,24.53000068664551,35.88500022888184,2.0,0.1,1,0.0
2025-02-02T00:14:00+00:00,2025-02-02T03:14:00+03:00,1145.0,49.0,53.0,,6.0,24.53999996185303,35.8700008392334,2.0,0.1,1,0.0
2025-02-02T00:15:00+00:00,2025-02-02T03:15:00+03:00,1131.0,51.5,53.5,,6.0,24.52500057220459,35.86999893188477,2.0,0.1,1,0.0
2025-02-02T00:16:00+00:00,2025-02-02T03:16:00+03:00,1116.5,51.5,55.0,,6.0,24.54500007629395,35.82500076293945,2.0,0.1,1,0.0
2025-02-02T00:17:00+00:00,2025-02-02T03:17:00+03:00,1131.5,49.0,53.0,,6.0,24.52500057220459,35.98500061035156,2.0,0.1,1,0.0
2025-02-02T00:18:00+00:00,2025-02-02T03:18:00+03:00,1150.5,44.0,46.5,,5.0,24.53499984741211,36.05500030517578,2.0,0.1,1,0.0
2025-02-02T00:19:00+00:00,2025-02-02T03:19:00+03:00,1161.5,48.5,51.0,,6.0,24.52000045776367,36.05999946594238,2.0,0.1,1,0.0
2025-02-02T00:20:00+00:00,2025-02-02T03:20:00+03:00,1167.0,48.5,50.0,,6.0,24.51000022888184,36.04000091552734,2.0,0.1,1,0.0
2025-02-02T00:21:00+00:00,2025-02-02T03:21:00+03:00,1175.0,46.0,49.5,,6.0,24.52500057220459,36.21000099182129,2.0,0.1,1,0.0
2025-02-02T00:22:00+00:00,2025-02-02T03:22:00+03:00,1183.5,46.0,50.5,,6.0,24.52500057220459,36.23500061035156,2.0,0.1,1,0.0
2025-02-02T00:23:00+00:00,2025-02-02T03:23:00+03:00,1179.5,45.5,47.0,,6.0,24.51500034332275,36.11499977111816,2.0,0.1,1,0.0
2025-02-02T00:24:00+00:00,2025-02-02T03:24:00+03:00,1120.5,55.5,57.5,,7.0,24.57000064849854,33.53999900817871,2.0,0.1,1,0.0
2025-02-02T00:25:00+00:00,2025-02-02T03:25:00+03:00,1031.5,54.0,59.0,,6.0,24.64499950408936,33.875,2.0,0.1,1,0.0
2025-02-02T00:26:00+00:00,2025-02-02T03:26:00+03:00,1026.5,56.5,62.5,,7.0,24.70499992370605,35.24499893188477,2.0,0.1,1,0.0
2025-02-02T00:27:00+00:00,2025-02-02T03:27:00+03:00,1045.5,54.5,59.0,,6.0,24.70499992370605,35.67499923706055,2.0,0.1,1,0.0
2025-02-02T00:28:00+00:00,2025-02-02T03:28:00+03:00,1096.5,49.0,53.5,,6.0,24.67500019073486,35.94000053405762,2.0,0.1,1,0.0
2025-02-02T00:29:00+00:00,2025-02-02T03:29:00+03:00,1157.5,47.5,50.0,,6.0,24.63999938964844,36.03499984741211,2.0,0.1,1,0.0
2025-02-02T00:30:00+00:00,2025-02-02T03:30:00+03:00,1201.0,49.5,52.5,,6.0,24.61000061035156,36.14999961853027,2.0,0.1,1,0.0
2025-02-02T00:31:00+00:00,2025-02-02T03:31:00+03:00,1212.5,49.0,52.5,,6.0,24.60500049591064,36.2549991607666,2.0,0.1,1,0.0
2025-02-02T00:32:00+00:00,2025-02-02T03:32:00+03:00,1215.0,49.0,52.5,,6.0,24.59500026702881,36.33499908447266,2.0,0.1,1,0.0
2025-02-02T00:33:00+00:00,2025-02-02T03:33:00+03:00,1223.0,44.5,47.5,,5.0,24.60000038146973,36.41500091552734,2.0,0.1,1,0.0
2025-02-02T00:34:00+00:00,2025-02-02T03:34:00+03:00,1239.0,47.0,55.0,,6.0,24.60000038146973,36.58000183105469,2.0,0.1,1,0.0
2025-02-02T00:35:00+00:00,2025-02-02T03:35:00+03:00,1245.5,48.5,53.0,,6.0,24.61000061035156,36.57999992370605,3.0,0.5,1,0.0
2025-02-02T00:36:00+00:00,2025-02-02T03:36:00+03:00,1245.0,46.5,50.0,,6.0,24.60000038146973,36.73000144958496,3.0,0.1,1,0.0
2025-02-02T00:37:00+00:00,2025-02-02T03:37:00+03:00,1260.0,55.5,59.5,,7.0,24.63000011444092,36.25,3.0,0.1,1,0.0
2025-02-02T00:38:00+00:00,2025-02-02T03:38:00+03:00,1255.5,44.5,47.5,,6.0,24.68000030517578,36.52500152587891,3.0,0.1,1,0.0
2025-02-02T00:39:00+00:00,2025-02-02T03:39:00+03:00,1277.5,52.0,53.0,,6.0,24.64499950408936,36.79999923706055,3.0,0.1,1,0.0
2025-02-02T00:40:00+00:00,2025-02-02T03:40:00+03:00,1289.0,47.5,50.0,,6.0,24.61000061035156,36.93000030517578,3.0,0.1,1,0.0
2025-02-02T00:41:00+00:00,2025-02-02T03:41:00+03:00,1301.5,47.5,49.5,,6.0,24.60500049591064,37.07500076293945,3.0,0.1,1,0.0
2025-02-02T00:42:00+00:00,2025-02-02T03:42:00+03:00,1314.0,48.5,51.0,,6.0,24.57499980926514,37.26000022888184,3.0,0.1,1,0.0
2025-02-02T00:43:00+00:00,2025-02-02T03:43:00+03:00,1329.0,47.5,52.0,,6.0,24.5649995803833,37.3700008392334,3.0,0.1,1,0.0
2025-02-02T00:44:00+00:00,2025-02-02T03:44:00+03:00,1336.0,47.5,50.0,,6.0,24.54999923706055,37.58499908447266,3.0,0.1,1,0.0
2025-02-02T00:45:00+00:00,2025-02-02T03:45:00+03:00,1342.5,52.0,54.0,,6.0,24.53499984741211,37.70499992370605,3.0,0.1,1,0.0
2025-02-02T00:46:00+00:00,2025-02-02T03:46:00+03:00,1354.5,53.5,58.0,,6.0,24.53000068664551,37.53499984741211,3.0,0.1,1,0.0
2025-02-02T00:47:00+00:00,2025-02-02T03:47:00+03:00,1358.5,48.0,51.5,,6.0,24.55499935150146,37.67000007629395,3.0,0.1,1,0.0
2025-02-02T00:48:00+00:00,2025-02-02T03:48:00+03:00,1361.0,48.5,55.0,,6.0,24.55500030517578,37.47499847412109,3.0,0.1,1,0.0
2025-02-02T00:49:00+00:00,2025-02-02T03:49:00+03:00,1361.0,49.0,52.5,,6.0,24.55999946594238,37.61999893188477,3.0,0.1,1,0.0
2025-02-02T00:50:00+00:00,2025-02-02T03:50:00+03:00,1367.0,52.0,56.0,,6.0,24.59500026702881,37.75,3.0,0.1,1,0.0
2025-02-02T00:51:00+00:00,2025-02-02T03:51:00+03:00,1350.5,49.0,57.0,,6.0,24.60500049591064,37.84000015258789,3.0,0.1,1,0.0
2025-02-02T00:52:00+00:00,2025-02-02T03:52:00+03:00,1348.5,50.5,52.0,,6.0,24.625,37.64000129699707,3.0,0.1,1,0.0
2025-02-02T00:53:00+00:00,2025-02-02T03:53:00+03:00,1329.5,52.0,57.0,,6.0,24.65999984741211,37.53499984741211,3.0,0.1,1,0.0
2025-02-02T00:54:00+00:00,2025-02-02T03:54:00+03:00,1308.0,48.0,53.5,,6.0,24.65499973297119,37.52499961853027,3.0,0.1,1,0.0
2025-02-02T00:55:00+00:00,2025-02-02T03:55:00+03:00,1313.5,50.0,55.0,,6.0,24.70499992370605,37.47999954223633,3.0,0.1,1,0.0
2025-02-02T00:56:00+00:00,2025-02-02T03:56:00+03:00,1341.0,48.5,53.5,,6.0,24.69499969482422,37.30500030517578,3.0,0.1,1,0.0
2025-02-02T00:57:00+00:00,2025-02-02T03:57:00+03:00,1361.5,53.0,57.0,,6.0,24.66499996185303,37.19499969482422,3.0,0.1,1,0.0
2025-02-02T00:58:00+00:00,2025-02-02T03:58:00+03:00,1331.0,49.0,57.0,,6.0,24.67500019073486,37.36000061035156,3.0,0.1,1,0.0
2025-02-02T00:59:00+00:00,2025-02-02T03:59:00+03:00,1350.0,45.0,47.0,,6.0,24.65999984741211,37.8799991607666,3.0,0.1,1,0.0
2025-02-02T01:00:00+00:00,2025-02-02T04:00:00+03:00,1383.0,46.5,51.5,,6.0,24.64999961853027,37.69499969482422,3.0,0.1,1,0.0
2025-02-02T01:01:00+00:00,2025-02-02T04:01:00+03:00,1397.5,42.5,46.0,,6.0,24.65999984741211,37.72500038146973,3.0,0.1,1,0.0
2025-02-02T01:02:00+00:00,2025-02-02T04:02:00+03:00,1411.0,48.0,53.0,,6.0,24.68000030517578,37.77499961853027,3.0,0.1,1,0.0
2025-02-02T01:03:00+00:00,2025-02-02T04:03:00+03:00,1404.5,46.0,47.5,,6.0,24.68499946594238,37.71000099182129,3.0,0.1,1,0.0
2025-02-02T01:04:00+00:00,2025-02-02T04:04:00+03:00,1383.5,44.0,49.5,,6.0,24.71499919891357,37.70999908447266,3.0,0.1,1,0.0
2025-02-02T01:05:00+00:00,2025-02-02T04:05:00+03:00,1379.5,44.5,47.5,,6.0,24.71999931335449,37.72500038146973,3.0,0.1,1,0.0
2025-02-02T01:06:00+00:00,2025-02-02T04:06:00+03:00,1379.0,44.0,46.5,,6.0,24.71999931335449,37.51499938964844,3.0,0.1,1,0.0
2025-02-02T01:07:00+00:00,2025-02-02T04:07:00+03:00,1375.0,42.0,44.0,,6.0,24.73999977111816,37.46000099182129,3.0,0.1,1,0.0
2025-02-02T01:08:00+00:00,2025-02-02T04:08:00+03:00,1377.0,41.0,41.0,,6.0,24.75,37.60000038146973,3.0,0.1,1,0.0
2025-02-02T01:09:00+00:00,2025-02-02T04:09:00+03:00,1375.5,43.0,45.5,,6.0,24.76500034332275,37.61499977111816,3.0,0.1,1,0.0
2025-02-02T01:10:00+00:00,2025-02-02T04:10:00+03:00,1384.5,43.0,45.0,,6.0,24.75,37.54000091552734,3.0,0.1,1,0.0
2025-02-02T01:11:00+00:00,2025-02-02T04:11:00+03:00,1364.5,42.0,46.5,,6.0,24.76000022888184,37.45500183105469,3.0,0.1,1,0.0
2025-02-02T01:12:00+00:00,2025-02-02T04:12:00+03:00,1359.5,38.0,40.0,,6.0,24.78000068664551,37.33499908447266,3.0,0.1,1,0.0
2025-02-02T01:13:00+00:00,2025-02-02T04:13:00+03:00,1365.5,38.5,40.0,,6.0,24.79500007629395,37.39999961853027,3.0,0.1,1,0.0
2025-02-02T01:14:00+00:00,2025-02-02T04:14:00+03:00,1380.0,39.5,40.0,,6.0,24.82499980926514,37.19499969482422,3.0,0.1,1,0.0
2025-02-02T01:15:00+00:00,2025-02-02T04:15:00+03:00,1371.5,41.0,44.0,,6.0,24.83500003814697,36.92499923706055,3.0,0.1,1,0.0
2025-02-02T01:16:00+00:00,2025-02-02T04:16:00+03:00,1365.5,37.0,39.0,,6.0,24.79500007629395,37.16499900817871,3.0,0.1,1,0.0
2025-02-02T01:17:00+00:00,2025-02-02T04:17:00+03:00,1377.5,39.0,40.5,,6.0,24.82499980926514,37.16000175476074,3.0,0.1,1,0.0
2025-02-02T01:18:00+00:00,2025-02-02T04:18:00+03:00,1392.0,37.5,40.0,,6.0,24.83500003814697,37.01500129699707,3.0,0.1,1,0.0
2025-02-02T01:19:00+00:00,2025-02-02T04:19:00+03:00,1390.0,37.0,38.5,,6.0,24.85000038146973,36.94499969482422,3.0,0.1,1,0.0
2025-02-02T01:20:00+00:00,2025-02-02T04:20:00+03:00,1374.5,35.0,37.0,,6.0,24.84000015258789,36.79500007629395,3.0,0.1,1,0.0
2025-02-02T01:21:00+00:00,2025-02-02T04:21:00+03:00,1381.0,38.0,40.0,,6.0,24.875,37.0099983215332,3.0,0.1,1,0.0
2025-02-02T01:22:00+00:00,2025-02-02T04:22:00+03:00,1398.0,35.0,40.0,,6.0,24.84500026702881,37.09499931335449,3.0,0.1,1,0.0
2025-02-02T01:23:00+00:00,2025-02-02T04:23:00+03:00,1418.5,36.0,36.5,,6.0,24.84500026702881,37.20499992370605,3.0,0.1,1,0.0
2025-02-02T01:24:00+00:00,2025-02-02T04:24:00+03:00,1430.0,33.5,35.5,,6.0,24.81999969482422,37.05500030517578,3.0,0.1,1,0.0
2025-02-02T01:25:00+00:00,2025-02-02T04:25:00+03:00,1430.0,36.5,38.0,,6.0,24.82999992370605,37.38999938964844,3.0,0.1,1,0.0
2025-02-02T01:26:00+00:00,2025-02-02T04:26:00+03:00,1441.0,33.0,36.0,,6.0,24.79500007629395,37.47500038146973,3.0,0.1,1,0.0
2025-02-02T01:27:00+00:00,2025-02-02T04:27:00+03:00,1448.0,33.0,36.0,,6.0,24.82999992370605,37.30999946594238,3.0,0.1,1,0.0
2025-02-02T01:28:00+00:00,2025-02-02T04:28:00+03:00,1462.5,33.5,35.0,,6.0,24.86000061035156,37.34499931335449,3.0,0.1,1,0.0
2025-02-02T01:29:00+00:00,2025-02-02T04:29:00+03:00,1461.5,34.0,34.0,,6.0,24.8799991607666,37.21999931335449,3.0,0.1,1,0.0
2025-02-02T01:30:00+00:00,2025-02-02T04:30:00+03:00,1451.5,34.0,37.0,,6.0,24.8799991607666,37.38500022888184,3.0,0.1,1,0.0
2025-02-02T01:31:00+00:00,2025-02-02T04:31:00+03:00,1447.0,30.5,33.5,,6.0,24.88499927520752,37.33499908447266,3.0,0.1,1,0.0
2025-02-02T01:32:00+00:00,2025-02-02T04:32:00+03:00,1458.0,32.5,34.5,,6.0,24.88000011444092,37.5049991607666,3.0,0.1,1,0.0
2025-02-02T01:33:00+00:00,2025-02-02T04:33:00+03:00,1486.0,34.0,35.5,,6.0,24.88000011444092,37.59500122070312,3.0,0.1,1,0.0
2025-02-02T01:34:00+00:00,2025-02-02T04:34:00+03:00,1493.5,31.5,35.0,,6.0,24.875,37.68499946594238,3.0,0.1,1,0.0
2025-02-02T01:35:00+00:00,2025-02-02T04:35:00+03:00,1486.0,29.0,32.5,,6.0,24.93000030517578,37.6150016784668,3.0,0.1,1,0.0
2025-02-02T01:36:00+00:00,2025-02-02T04:36:00+03:00,1501.0,30.0,31.5,,7.0,24.89499950408936,37.96000099182129,3.0,0.1,1,0.0
2025-02-02T01:37:00+00:00,2025-02-02T04:37:00+03:00,1527.5,29.0,30.5,,7.0,24.94000053405762,37.48999977111816,3.0,0.1,1,0.0
2025-02-02T01:38:00+00:00,2025-02-02T04:38:00+03:00,1517.0,29.0,30.0,,7.0,24.94000053405762,37.80999946594238,3.0,0.1,1,0.0
2025-02-02T01:39:00+00:00,2025-02-02T04:39:00+03:00,1515.0,30.0,31.5,,7.0,24.92500019073486,37.90500068664551,3.0,0.1,1,0.0
2025-02-02T01:40:00+00:00,2025-02-02T04:40:00+03:00,1506.5,27.5,29.5,,7.0,24.9350004196167,37.78000068664551,3.0,0.1,1,0.0
2025-02-02T01:41:00+00:00,2025-02-02T04:41:00+03:00,1501.0,30.0,33.0,,7.0,24.96499919891357,37.4950008392334,3.0,0.1,1,0.0
2025-02-02T01:42:00+00:00,2025-02-02T04:42:00+03:00,1537.0,27.0,30.0,,7.0,24.98499965667725,37.64000129699707,3.0,0.1,1,0.0
2025-02-02T01:43:00+00:00,2025-02-02T04:43:00+03:00,1546.5,27.0,29.0,,7.0,24.98499965667725,37.88999938964844,3.0,0.1,1,0.0
2025-02-02T01:44:00+00:00,2025-02-02T04:44:00+03:00,1547.0,27.0,29.0,,7.0,24.96000003814697,37.83500099182129,3.0,0.1,1,0.0
2025-02-02T01:45:00+00:00,2025-02-02T04:45:00+03:00,1547.0,27.0,29.5,,7.0,24.96999931335449,37.97000122070312,3.0,0.1,1,0.0
2025-02-02T01:46:00+00:00,2025-02-02T04:46:00+03:00,1543.0,27.5,28.0,,7.0,24.95000076293945,37.95999908447266,4.0,0.5,1,0.0
2025-02-02T01:47:00+00:00,2025-02-02T04:47:00+03:00,1547.5,28.5,29.0,,7.0,24.93000030517578,38.21999931335449,4.0,0.1,1,0.0
2025-02-02T01:48:00+00:00,2025-02-02T04:48:00+03:00,1573.0,24.5,29.5,,7.0,24.92500019073486,36.125,4.0,0.5,1,0.0
2025-02-02T01:49:00+00:00,2025-02-02T04:49:00+03:00,1345.0,16.5,18.0,,6.0,24.95000076293945,31.3149995803833,3.0,0.1,1,0.0
2025-02-02T01:50:00+00:00,2025-02-02T04:50:00+03:00,1024.5,17.0,19.0,,5.0,24.98999977111816,30.03999996185303,3.0,0.1,1,0.0
2025-02-02T01:51:00+00:00,2025-02-02T04:51:00+03:00,1027.5,21.5,24.0,,5.0,25.03500080108643,31.78499984741211,3.0,0.1,1,0.0
2025-02-02T01:52:00+00:00,2025-02-02T04:52:00+03:00,1152.0,27.5,29.0,,5.0,25.07999992370605,33.30500030517578,3.0,0.1,1,0.0
2025-02-02T01:53:00+00:00,2025-02-02T04:53:00+03:00,1254.0,28.5,30.0,,6.0,25.10000038146973,34.85000038146973,3.0,0.1,1,0.0
2025-02-02T01:54:00+00:00,2025-02-02T04:54:00+03:00,1306.0,25.5,27.0,,6.0,25.05499935150146,36.69000053405762,3.0,0.1,1,0.0
2025-02-02T01:55:00+00:00,2025-02-02T04:55:00+03:00,1437.5,23.0,26.0,,6.0,25.0,36.92000007629395,3.0,0.1,1,0.0
2025-02-02T01:56:00+00:00,2025-02-02T04:56:00+03:00,1511.0,23.5,24.0,,7.0,24.96500015258789,37.36999893188477,3.0,0.1,1,0.0
2025-02-02T01:57:00+00:00,2025-02-02T04:57:00+03:00,1558.5,24.5,27.0,,7.0,24.94999980926514,37.41500091552734,3.0,0.1,1,0.0
2025-02-02T01:58:00+00:00,2025-02-02T04:58:00+03:00,1561.0,24.5,27.0,,7.0,24.94000053405762,37.54000091552734,3.0,0.1,1,0.0
2025-02-02T01:59:00+00:00,2025-02-02T04:59:00+03:00,1544.0,23.0,26.0,,7.0,24.96500015258789,37.66500091552734,3.0,0.1,1,0.0
2025-02-02T02:00:00+00:00,2025-02-02T05:00:00+03:00,1543.0,26.0,27.0,,7.0,24.96999931335449,37.56999969482422,3.0,0.1,1,0.0
2025-02-02T02:01:00+00:00,2025-02-02T05:01:00+03:00,1559.0,21.0,23.5,,7.0,24.97000026702881,37.32999992370605,3.0,0.1,1,0.0
2025-02-02T02:02:00+00:00,2025-02-02T05:02:00+03:00,1546.0,21.5,22.5,,7.0,24.97000026702881,37.55500030517578,3.0,0.1,1,0.0
2025-02-02T02:03:00+00:00,2025-02-02T05:03:00+03:00,1573.5,22.5,24.5,,7.0,24.94500064849854,37.56999969482422,3.0,0.1,1,0.0
2025-02-02T02:04:00+00:00,2025-02-02T05:04:00+03:00,1592.5,24.5,26.5,,7.0,24.97499942779541,37.73500061035156,3.0,0.1,1,0.0
2025-02-02T02:05:00+00:00,2025-02-02T05:05:00+03:00,1614.5,21.0,23.0,,7.0,25.0,37.70499992370605,3.0,0.1,1,0.0
2025-02-02T02:06:00+00:00,2025-02-02T05:06:00+03:00,1611.5,21.5,24.5,,7.0,24.97999954223633,37.84499931335449,3.0,0.1,1,0.0
2025-02-02T02:07:00+00:00,2025-02-02T05:07:00+03:00,1610.0,19.5,22.0,,7.0,24.97000026702881,37.79000091552734,3.0,0.1,1,0.0
2025-02-02T02:08:00+00:00,2025-02-02T05:08:00+03:00,1618.0,22.5,23.5,,7.0,24.94000053405762,37.80500030517578,3.0,0.1,1,0.0
2025-02-02T02:09:00+00:00,2025-02-02T05:09:00+03:00,1643.0,19.0,19.0,,7.0,24.94500064849854,37.95499992370605,3.0,0.1,1,0.0
2025-02-02T02:10:00+00:00,2025-02-02T05:10:00+03:00,1661.0,19.0,23.0,,7.0,24.94500064849854,37.89999961853027,3.0,0.1,1,0.0
2025-02-02T02:11:00+00:00,2025-02-02T05:11:00+03:00,1677.5,20.0,23.5,,7.0,24.97000026702881,37.98999977111816,3.0,0.1,1,0.0
2025-02-02T02:12:00+00:00,2025-02-02T05:12:00+03:00,1675.5,19.5,21.0,,7.0,24.95499992370605,37.92500114440918,3.0,0.1,1,0.0
2025-02-02T02:13:00+00:00,2025-02-02T05:13:00+03:00,1637.5,20.0,22.0,,7.0,24.96499919891357,37.90999984741211,3.0,0.1,1,0.0
2025-02-02T02:14:00+00:00,2025-02-02T05:14:00+03:00,1624.5,18.0,20.0,,7.0,24.97499942779541,37.5049991607666,3.0,0.1,1,0.0
2025-02-02T02:15:00+00:00,2025-02-02T05:15:00+03:00,1615.5,17.5,19.5,,7.0,24.97999954223633,37.82500076293945,3.0,0.1,1,0.0
2025-02-02T02:16:00+00:00,2025-02-02T05:16:00+03:00,1635.0,17.0,20.0,,7.0,24.99499988555908,37.77499961853027,3.0,0.1,1,0.0
2025-02-02T02:17:00+00:00,2025-02-02T05:17:00+03:00,1648.0,19.5,22.5,,7.0,24.97999954223633,38.20000076293945,3.0,0.1,1,0.0
2025-02-02T02:18:00+00:00,2025-02-02T05:18:00+03:00,1663.0,17.5,19.0,,7.0,24.98499965667725,38.3650016784668,3.0,0.1,1,0.0
2025-02-02T02:19:00+00:00,2025-02-02T05:19:00+03:00,1698.5,18.0,18.0,,7.0,24.99499988555908,38.44000053405762,3.0,0.1,1,0.0
2025-02-02T02:20:00+00:00,2025-02-02T05:20:00+03:00,1711.5,15.5,16.0,,7.0,24.99499988555908,38.09499931335449,3.0,0.1,1,0.0
2025-02-02T02:21:00+00:00,2025-02-02T05:21:00+03:00,1690.0,19.0,20.5,,7.0,25.02000045776367,38.01499938964844,3.0,0.1,1,0.0
2025-02-02T02:22:00+00:00,2025-02-02T05:22:00+03:00,1706.0,18.5,19.5,,7.0,24.98499965667725,38.22999954223633,3.0,0.1,1,0.0
2025-02-02T02:23:00+00:00,2025-02-02T05:23:00+03:00,1730.0,19.0,21.5,,7.0,24.96000003814697,38.09000015258789,3.0,0.1,1,0.0
2025-02-02T02:24:00+00:00,2025-02-02T05:24:00+03:00,1702.5,17.0,18.0,,7.0,25.00500011444092,38.21000099182129,3.0,0.1,1,0.0
2025-02-02T02:25:00+00:00,2025-02-02T05:25:00+03:00,1692.0,16.0,16.0,,7.0,25.01000022888184,38.19999885559082,3.0,0.1,1,0.0
2025-02-02T02:26:00+00:00,2025-02-02T05:26:00+03:00,1683.5,16.5,17.0,,7.0,25.0,38.39500045776367,3.0,0.1,1,0.0
2025-02-02T02:27:00+00:00,2025-02-02T05:27:00+03:00,1685.0,16.0,19.0,,7.0,25.00500011444092,38.33499908447266,3.0,0.1,1,0.0
2025-02-02T02:28:00+00:00,2025-02-02T05:28:00+03:00,1692.0,13.5,15.0,,7.0,25.03999996185303,38.05500030517578,3.0,0.1,1,0.0
2025-02-02T02:29:00+00:00,2025-02-02T05:29:00+03:00,1686.5,15.0,17.5,,7.0,25.02000045776367,38.29500007629395,3.0,0.1,1,0.0
2025-02-02T02:30:00+00:00,2025-02-02T05:30:00+03:00,1697.5,14.5,14.5,,7.0,25.00500011444092,38.55499839782715,3.0,0.1,1,0.0
2025-02-02T02:31:00+00:00,2025-02-02T05:31:00+03:00,1716.5,17.5,17.5,,7.0,24.99499988555908,38.67000007629395,3.0,0.1,1,0.0
2025-02-02T02:32:00+00:00,2025-02-02T05:32:00+03:00,1731.0,15.0,16.0,,7.0,25.00500011444092,38.79000091552734,3.0,0.1,1,0.0
2025-02-02T02:33:00+00:00,2025-02-02T05:33:00+03:00,1737.0,15.5,16.0,,7.0,25.01000022888184,38.57999992370605,3.0,0.1,1,0.0
2025-02-02T02:34:00+00:00,2025-02-02T05:34:00+03:00,1734.5,16.0,17.5,,7.0,25.01000022888184,38.56999969482422,3.0,0.1,1,0.0
2025-02-02T02:35:00+00:00,2025-02-02T05:35:00+03:00,1736.5,14.0,15.0,,7.0,25.01500034332275,38.71999931335449,3.0,0.1,1,0.0
2025-02-02T02:36:00+00:00,2025-02-02T05:36:00+03:00,1725.5,15.0,16.5,,7.0,25.03999996185303,38.67499923706055,3.0,0.1,1,0.0
2025-02-02T02:37:00+00:00,2025-02-02T05:37:00+03:00,1730.0,13.5,13.5,,7.0,25.03499984741211,38.65500068664551,3.0,0.1,1,0.0
2025-02-02T02:38:00+00:00,2025-02-02T05:38:00+03:00,1742.5,14.0,15.5,,7.0,25.02000045776367,38.70499992370605,3.0,0.1,1,0.0
2025-02-02T02:39:00+00:00,2025-02-02T05:39:00+03:00,1712.5,15.0,16.5,,7.0,25.01500034332275,38.8650016784668,3.0,0.1,1,0.0
2025-02-02T02:40:00+00:00,2025-02-02T05:40:00+03:00,1702.0,16.0,17.0,,7.0,24.99499988555908,38.83500099182129,3.0,0.1,1,0.0
2025-02-02T02:41:00+00:00,2025-02-02T05:41:00+03:00,1717.0,14.5,15.5,,7.0,24.98499965667725,38.69000053405762,3.0,0.1,1,0.0
2025-02-02T02:42:00+00:00,2025-02-02T05:42:00+03:00,1719.5,12.5,12.5,,7.0,25.01000022888184,38.71000099182129,3.0,0.1,1,0.0
2025-02-02T02:43:00+00:00,2025-02-02T05:43:00+03:00,1697.5,14.0,14.5,,7.0,25.0,38.72500038146973,3.0,0.1,1,0.0
2025-02-02T02:44:00+00:00,2025-02-02T05:44:00+03:00,1700.5,12.5,13.5,,7.0,24.96999931335449,38.53000068664551,3.0,0.1,1,0.0
2025-02-02T02:45:00+00:00,2025-02-02T05:45:00+03:00,1682.5,14.0,14.5,,7.0,24.97499942779541,38.48500061035156,3.0,0.1,1,0.0
2025-02-02T02:46:00+00:00,2025-02-02T05:46:00+03:00,1688.0,12.0,14.5,,7.0,24.96999931335449,38.46000099182129,3.0,0.1,1,0.0
2025-02-02T02:47:00+00:00,2025-02-02T05:47:00+03:00,1668.5,12.5,12.5,,7.0,24.98499965667725,38.41499900817871,3.0,0.1,1,0.0
2025-02-02T02:48:00+00:00,2025-02-02T05:48:00+03:00,1666.5,10.5,11.5,,7.0,24.97999954223633,37.6299991607666,3.0,0.1,1,0.0
2025-02-02T02:49:00+00:00,2025-02-02T05:49:00+03:00,1644.5,13.0,14.5,,7.0,25.01000022888184,38.34000015258789,3.0,0.1,1,0.0
2025-02-02T02:50:00+00:00,2025-02-02T05:50:00+03:00,1662.0,13.0,13.0,,7.0,24.98499965667725,38.81500053405762,3.0,0.1,1,0.0
2025-02-02T02:51:00+00:00,2025-02-02T05:51:00+03:00,1695.5,10.5,10.5,,7.0,25.01000022888184,39.14500045776367,3.0,0.1,1,0.0
2025-02-02T02:52:00+00:00,2025-02-02T05:52:00+03:00,1715.0,13.5,15.0,,7.0,24.98999977111816,38.78000068664551,3.0,0.1,1,0.0
2025-02-02T02:53:00+00:00,2025-02-02T05:53:00+03:00,1725.0,13.5,13.5,,7.0,25.02500057220459,39.04000091552734,3.0,0.1,1,0.0
2025-02-02T02:54:00+00:00,2025-02-02T05:54:00+03:00,1743.5,12.0,14.5,,7.0,25.02500057220459,39.11000061035156,3.0,0.1,1,0.0
2025-02-02T02:55:00+00:00,2025-02-02T05:55:00+03:00,1757.5,12.0,13.5,,7.0,25.01500034332275,39.26499938964844,3.0,0.1,1,0.0
2025-02-02T02:56:00+00:00,2025-02-02T05:56:00+03:00,1797.0,11.5,11.5,,7.0,24.98999977111816,39.52499961853027,3.0,0.1,1,0.0
2025-02-02T02:57:00+00:00,2025-02-02T05:57:00+03:00,1814.0,13.0,14.5,,7.0,24.96999931335449,39.60000038146973,3.0,0.1,1,0.0
2025-02-02T02:58:00+00:00,2025-02-02T05:58:00+03:00,1815.0,11.5,12.5,,7.0,24.96499919891357,39.40999984741211,3.0,0.1,1,0.0
2025-02-02T02:59:00+00:00,2025-02-02T05:59:00+03:00,1804.5,13.5,15.0,,7.0,24.97000026702881,39.64999961853027,3.0,0.1,1,0.0
2025-02-02T03:00:00+00:00,2025-02-02T06:00:00+03:00,1831.0,13.5,14.5,,7.0,24.97999954223633,39.83500099182129,3.0,0.1,1,0.0
2025-02-02T03:01:00+00:00,2025-02-02T06:01:00+03:00,1847.0,12.5,13.0,,7.0,24.95499992370605,39.80999946594238,3.0,0.1,1,0.0
2025-02-02T03:02:00+00:00,2025-02-02T06:02:00+03:00,1851.5,12.5,14.0,,7.0,24.94999980926514,39.83500099182129,3.0,0.1,1,0.0
2025-02-02T03:03:00+00:00,2025-02-02T06:03:00+03:00,1824.5,11.0,12.0,,7.0,24.93000030517578,39.60000038146973,3.0,0.1,1,0.0
2025-02-02T03:04:00+00:00,2025-02-02T06:04:00+03:00,1813.0,10.5,11.5,,7.0,24.95499992370605,39.53999900817871,3.0,0.1,1,0.0
2025-02-02T03:05:00+00:00,2025-02-02T06:05:00+03:00,1794.0,9.0,9.0,,7.0,24.96000003814697,39.35499954223633,3.0,0.1,1,0.0
2025-02-02T03:06:00+00:00,2025-02-02T06:06:00+03:00,1751.5,10.5,12.5,,7.0,24.97500038146973,39.38500022888184,3.0,0.1,1,0.0
2025-02-02T03:07:00+00:00,2025-02-02T06:07:00+03:00,1737.5,9.5,11.5,,7.0,25.00500011444092,38.6299991607666,3.0,0.1,1,0.0
2025-02-02T03:08:00+00:00,2025-02-02T06:08:00+03:00,1701.0,9.5,10.0,,7.0,24.99499988555908,38.8700008392334,3.0,0.1,1,0.0
2025-02-02T03:09:00+00:00,2025-02-02T06:09:00+03:00,1681.5,8.0,9.0,,7.0,25.02500057220459,38.9950008392334,3.0,0.1,1,0.0
2025-02-02T03:10:00+00:00,2025-02-02T06:10:00+03:00,1674.5,10.0,10.0,,7.0,25.02500057220459,38.71500015258789,3.0,0.1,1,0.0
2025-02-02T03:11:00+00:00,2025-02-02T06:11:00+03:00,1683.0,8.5,9.0,,7.0,25.03999996185303,38.69500160217285,3.0,0.1,1,0.0
2025-02-02T03:12:00+00:00,2025-02-02T06:12:00+03:00,1691.5,11.0,12.5,,7.0,25.03000068664551,38.8799991607666,3.0,0.1,1,0.0
2025-02-02T03:13:00+00:00,2025-02-02T06:13:00+03:00,1709.0,9.0,9.5,,7.0,25.05500030517578,39.00500106811523,3.0,0.1,1,0.0
2025-02-02T03:14:00+00:00,2025-02-02T06:14:00+03:00,1716.0,9.5,10.5,,7.0,25.07499980926514,38.84000015258789,3.0,0.1,1,0.0
2025-02-02T03:15:00+00:00,2025-02-02T06:15:00+03:00,1717.0,10.0,11.0,,7.0,25.07999992370605,38.91500091552734,3.0,0.1,1,0.0
2025-02-02T03:16:00+00:00,2025-02-02T06:16:00+03:00,1740.0,9.5,10.0,,7.0,25.05999946594238,39.07999992370605,3.0,0.1,1,0.0
2025-02-02T03:17:00+00:00,2025-02-02T06:17:00+03:00,1736.5,11.0,11.0,,7.0,25.06999969482422,39.23500061035156,3.0,0.1,1,0.0
2025-02-02T03:18:00+00:00,2025-02-02T06:18:00+03:00,1725.0,9.5,10.5,,7.0,25.05499935150146,39.17000007629395,3.0,0.1,1,0.0
2025-02-02T03:19:00+00:00,2025-02-02T06:19:00+03:00,1738.0,9.0,9.5,,7.0,25.04999923706055,39.27000045776367,3.0,0.1,1,0.0
2025-02-02T03:20:00+00:00,2025-02-02T06:20:00+03:00,1767.5,9.0,10.5,,7.0,25.00500011444092,39.40999984741211,3.0,0.1,1,0.0
2025-02-02T03:21:00+00:00,2025-02-02T06:21:00+03:00,1783.5,8.5,10.5,,7.0,25.02000045776367,39.51499938964844,3.0,0.1,1,0.0
2025-02-02T03:22:00+00:00,2025-02-02T06:22:00+03:00,1757.0,7.5,7.5,,7.0,25.00500011444092,39.15500068664551,3.0,0.1,1,0.0
2025-02-02T03:23:00+00:00,2025-02-02T06:23:00+03:00,1745.5,7.5,10.0,,7.0,25.0,39.72499847412109,3.0,0.1,1,0.0
2025-02-02T03:24:00+00:00,2025-02-02T06:24:00+03:00,1764.0,8.5,10.5,,7.0,24.98499965667725,39.58499908447266,3.0,0.1,1,0.0
2025-02-02T03:25:00+00:00,2025-02-02T06:25:00+03:00,1760.0,8.0,8.5,,7.0,24.98999977111816,39.40999984741211,3.0,0.1,1,0.0
2025-02-02T03:26:00+00:00,2025-02-02T06:26:00+03:00,1719.5,10.0,11.5,,7.0,25.02500057220459,38.92500114440918,3.0,0.1,1,0.0
2025-02-02T03:27:00+00:00,2025-02-02T06:27:00+03:00,1713.5,8.5,10.5,,7.0,25.01500034332275,39.43999862670898,3.0,0.1,1,0.0
2025-02-02T03:28:00+00:00,2025-02-02T06:28:00+03:00,1734.0,8.5,8.5,,7.0,25.01000022888184,39.7549991607666,3.0,0.1,1,0.0
2025-02-02T03:29:00+00:00,2025-02-02T06:29:00+03:00,1736.5,6.5,7.5,,7.0,25.0,39.48499870300293,3.0,0.1,1,0.0
2025-02-02T03:30:00+00:00,2025-02-02T06:30:00+03:00,1742.5,8.0,8.5,,7.0,25.02000045776367,39.35000038146973,3.0,0.1,1,0.0
2025-02-02T03:31:00+00:00,2025-02-02T06:31:00+03:00,1756.5,7.5,7.5,,7.0,25.04999923706055,39.1150016784668,3.0,0.1,1,0.0
2025-02-02T03:32:00+00:00,2025-02-02T06:32:00+03:00,1771.5,8.0,8.5,,7.0,25.05999946594238,39.55500030517578,3.0,0.1,1,0.0
2025-02-02T03:33:00+00:00,2025-02-02T06:33:00+03:00,1777.0,8.0,10.5,,7.0,25.0649995803833,39.4900016784668,3.0,0.1,1,0.0
2025-02-02T03:34:00+00:00,2025-02-02T06:34:00+03:00,1775.5,7.5,8.0,,7.0,25.00500011444092,39.84999847412109,3.0,0.1,1,0.0
2025-02-02T03:35:00+00:00,2025-02-02T06:35:00+03:00,1798.0,6.0,6.0,,7.0,25.0,39.63500022888184,3.0,0.1,1,0.0
2025-02-02T03:36:00+00:00,2025-02-02T06:36:00+03:00,1752.0,7.0,8.0,,7.0,25.04999923706055,39.58499908447266,3.0,0.1,1,0.0
2025-02-02T03:37:00+00:00,2025-02-02T06:37:00+03:00,1737.0,7.5,8.0,,7.0,25.04999923706055,39.52000045776367,3.0,0.1,1,0.0
2025-02-02T03:38:00+00:00,2025-02-02T06:38:00+03:00,1744.0,7.0,8.0,,7.0,25.06999969482422,39.48500061035156,3.0,0.1,1,0.0
2025-02-02T03:39:00+00:00,2025-02-02T06:39:00+03:00,1774.5,8.0,8.5,,7.0,25.04500007629395,39.82999992370605,3.0,0.1,1,0.0
2025-02-02T03:40:00+00:00,2025-02-02T06:40:00+03:00,1777.0,7.5,8.0,,7.0,25.04000091552734,39.96500015258789,3.0,0.1,1,0.0
2025-02-02T03:41:00+00:00,2025-02-02T06:41:00+03:00,1786.5,6.5,8.5,,7.0,25.01500034332275,40.125,3.0,0.1,1,0.0
2025-02-02T03:42:00+00:00,2025-02-02T06:42:00+03:00,1793.0,7.0,8.0,,7.0,24.98999977111816,39.96000099182129,3.0,0.1,1,0.0
2025-02-02T03:43:00+00:00,2025-02-02T06:43:00+03:00,1771.5,6.5,6.5,,7.0,25.03000068664551,39.55999946594238,3.0,0.1,1,0.0
2025-02-02T03:44:00+00:00,2025-02-02T06:44:00+03:00,1729.0,6.0,6.0,,7.0,25.03999996185303,39.23500061035156,3.0,0.1,1,0.0
2025-02-02T03:45:00+00:00,2025-02-02T06:45:00+03:00,1690.0,6.5,6.5,,7.0,25.0649995803833,39.29000091552734,3.0,0.1,1,0.0
2025-02-02T03:46:00+00:00,2025-02-02T06:46:00+03:00,1687.5,6.0,6.5,,7.0,25.10000038146973,38.55500030517578,3.0,0.1,1,0.0
2025-02-02T03:47:00+00:00,2025-02-02T06:47:00+03:00,1687.0,5.5,5.5,,7.0,25.10000038146973,39.25,3.0,0.1,1,0.0
2025-02-02T03:48:00+00:00,2025-02-02T06:48:00+03:00,1672.0,5.0,6.5,,7.0,25.10000038146973,39.5049991607666,3.0,0.1,1,0.0
2025-02-02T03:49:00+00:00,2025-02-02T06:49:00+03:00,1669.0,5.5,6.0,,7.0,25.10000038146973,39.54999923706055,3.0,0.1,1,0.0
2025-02-02T03:50:00+00:00,2025-02-02T06:50:00+03:00,1669.0,6.0,6.0,,7.0,25.05999946594238,39.64999961853027,3.0,0.1,1,0.0
2025-02-02T03:51:00+00:00,2025-02-02T06:51:00+03:00,1676.5,5.5,5.5,,7.0,25.05499935150146,39.06000137329102,3.0,0.1,1,0.0
2025-02-02T03:52:00+00:00,2025-02-02T06:52:00+03:00,1679.5,6.5,6.5,,7.0,25.04999923706055,39.13500022888184,3.0,0.1,1,0.0
2025-02-02T03:53:00+00:00,2025-02-02T06:53:00+03:00,1690.0,5.5,5.5,,7.0,25.04999923706055,39.18499946594238,3.0,0.1,1,0.0
2025-02-02T03:54:00+00:00,2025-02-02T06:54:00+03:00,1691.0,5.0,6.0,,7.0,25.05999946594238,39.55500030517578,3.0,0.1,1,0.0
2025-02-02T03:55:00+00:00,2025-02-02T06:55:00+03:00,1710.0,5.0,6.0,,7.0,25.04500007629395,39.88500022888184,3.0,0.1,1,0.0
2025-02-02T03:56:00+00:00,2025-02-02T06:56:00+03:00,1718.5,5.5,6.0,,7.0,25.03500080108643,39.79000091552734,3.0,0.1,1,0.0
2025-02-02T03:57:00+00:00,2025-02-02T06:57:00+03:00,1726.5,6.0,7.5,,7.0,25.02000045776367,39.7450008392334,3.0,0.1,1,0.0
2025-02-02T03:58:00+00:00,2025-02-02T06:58:00+03:00,1748.5,5.5,5.5,,7.0,25.05999946594238,39.47999954223633,3.0,0.1,1,0.0
2025-02-02T03:59:00+00:00,2025-02-02T06:59:00+03:00,1748.0,5.0,5.0,,7.0,25.02000045776367,39.89000129699707,3.0,0.1,1,0.0
2025-02-02T04:00:00+00:00,2025-02-02T07:00:00+03:00,1738.5,5.0,6.5,,7.0,25.03999996185303,40.0049991607666,3.0,0.1,1,0.0
2025-02-02T04:01:00+00:00,2025-02-02T07:01:00+03:00,1704.5,4.5,5.0,,7.0,25.04500007629395,39.98499870300293,3.0,0.1,1,0.0
2025-02-02T04:02:00+00:00,2025-02-02T07:02:00+03:00,1709.0,4.5,6.5,,7.0,25.01000022888184,40.03999900817871,3.0,0.1,1,0.0
2025-02-02T04:03:00+00:00,2025-02-02T07:03:00+03:00,1706.5,4.5,5.5,,7.0,25.05000019073486,39.81999969482422,3.0,0.1,1,0.0
2025-02-02T04:04:00+00:00,2025-02-02T07:04:00+03:00,1726.5,5.0,5.5,,7.0,25.05500030517578,40.08499908447266,3.0,0.1,1,0.0
2025-02-02T04:05:00+00:00,2025-02-02T07:05:00+03:00,1758.5,4.5,5.5,,7.0,25.04500007629395,40.28000068664551,3.0,0.1,1,0.0
2025-02-02T04:06:00+00:00,2025-02-02T07:06:00+03:00,1772.5,5.0,5.0,,7.0,25.03000068664551,40.10000038146973,3.0,0.1,1,0.0
2025-02-02T04:07:00+00:00,2025-02-02T07:07:00+03:00,1800.5,4.0,5.0,,7.0,25.05999946594238,40.38500022888184,3.0,0.1,1,0.0
2025-02-02T04:08:00+00:00,2025-02-02T07:08:00+03:00,1801.5,5.0,5.5,,7.0,25.03500080108643,40.20000076293945,3.0,0.1,1,0.0
2025-02-02T04:09:00+00:00,2025-02-02T07:09:00+03:00,1816.0,4.5,4.5,,7.0,25.03500080108643,40.20499992370605,3.0,0.1,1,0.0
2025-02-02T04:10:00+00:00,2025-02-02T07:10:00+03:00,1815.5,5.0,5.0,,7.0,25.01500034332275,40.06500053405762,3.0,0.1,1,0.0
2025-02-02T04:11:00+00:00,2025-02-02T07:11:00+03:00,1805.0,4.0,4.0,,7.0,25.03500080108643,40.03499984741211,3.0,0.1,1,0.0
2025-02-02T04:12:00+00:00,2025-02-02T07:12:00+03:00,1788.5,4.0,4.5,,7.0,25.03500080108643,39.72999954223633,2.0,0.5,1,0.0
2025-02-02T04:13:00+00:00,2025-02-02T07:13:00+03:00,1748.0,4.0,5.0,,7.0,25.02000045776367,39.77499961853027,2.0,0.5,1,0.0
2025-02-02T04:14:00+00:00,2025-02-02T07:14:00+03:00,1725.0,5.0,6.0,,7.0,25.04000091552734,39.60499954223633,2.0,0.1,1,0.0
2025-02-02T04:15:00+00:00,2025-02-02T07:15:00+03:00,1731.0,5.0,5.0,,7.0,25.01000022888184,39.91499900817871,2.0,0.1,1,0.0
2025-02-02T04:16:00+00:00,2025-02-02T07:16:00+03:00,1762.5,13.0,15.0,,7.0,25.02500057220459,38.13500022888184,2.0,0.1,1,0.0
2025-02-02T04:17:00+00:00,2025-02-02T07:17:00+03:00,1766.5,14.5,16.0,,7.0,25.07499980926514,39.02499961853027,2.0,0.1,1,0.0
2025-02-02T04:18:00+00:00,2025-02-02T07:18:00+03:00,1770.5,21.0,22.0,,7.0,25.0649995803833,39.34999847412109,2.0,0.1,1,0.0
2025-02-02T04:19:00+00:00,2025-02-02T07:19:00+03:00,1765.5,27.0,30.0,,7.0,25.03500080108643,39.45999908447266,2.0,0.1,1,0.0
2025-02-02T04:20:00+00:00,2025-02-02T07:20:00+03:00,1773.0,38.5,41.0,,7.0,25.00500011444092,39.79500007629395,2.0,0.1,1,0.0
2025-02-02T04:21:00+00:00,2025-02-02T07:21:00+03:00,1805.5,31.5,35.0,,7.0,24.96999931335449,40.01500129699707,2.0,0.1,1,0.0
2025-02-02T04:22:00+00:00,2025-02-02T07:22:00+03:00,1822.5,59.5,65.5,,7.0,24.97999954223633,39.79000091552734,2.0,0.1,1,0.0
2025-02-02T04:23:00+00:00,2025-02-02T07:23:00+03:00,1789.5,45.0,45.5,,7.0,24.97499942779541,39.82999992370605,2.0,0.1,1,0.0
2025-02-02T04:24:00+00:00,2025-02-02T07:24:00+03:00,1780.5,40.5,45.0,,7.0,24.94500064849854,39.72499847412109,2.0,0.1,1,0.0
2025-02-02T04:25:00+00:00,2025-02-02T07:25:00+03:00,1780.0,31.5,33.0,,7.0,24.9350004196167,39.83500099182129,2.0,0.1,1,0.0
2025-02-02T04:26:00+00:00,2025-02-02T07:26:00+03:00,1804.5,32.5,35.0,,7.0,24.92000007629395,39.82999992370605,2.0,0.1,1,0.0
2025-02-02T04:27:00+00:00,2025-02-02T07:27:00+03:00,1810.0,35.5,38.5,,7.0,24.94500064849854,39.86000061035156,2.0,0.2,1,0.0
2025-02-02T04:28:00+00:00,2025-02-02T07:28:00+03:00,1788.0,31.0,35.0,,7.0,24.93000030517578,39.75500106811523,2.0,0.2,1,0.0
2025-02-02T04:29:00+00:00,2025-02-02T07:29:00+03:00,1779.5,26.0,28.0,,7.0,24.96500015258789,39.66500091552734,2.0,0.2,1,0.0
2025-02-02T04:30:00+00:00,2025-02-02T07:30:00+03:00,1786.5,28.0,28.0,,7.0,24.94500064849854,39.64500045776367,2.0,0.2,1,0.0
2025-02-02T04:31:00+00:00,2025-02-02T07:31:00+03:00,1784.5,26.0,27.5,,7.0,24.9350004196167,39.3799991607666,2.0,0.2,1,0.0
2025-02-02T04:32:00+00:00,2025-02-02T07:32:00+03:00,1769.5,26.0,27.5,,7.0,24.90999984741211,39.51500129699707,2.0,0.2,1,0.0
2025-02-02T04:33:00+00:00,2025-02-02T07:33:00+03:00,1770.5,22.0,23.0,,7.0,24.90999984741211,39.33499908447266,2.0,0.2,1,0.0
2025-02-02T04:34:00+00:00,2025-02-02T07:34:00+03:00,1788.5,22.0,23.0,,7.0,24.88000011444092,39.51499938964844,2.0,0.2,1,0.0
2025-02-02T04:35:00+00:00,2025-02-02T07:35:00+03:00,1788.5,21.0,22.0,,7.0,24.85999965667725,39.45999908447266,2.0,0.2,1,0.0
2025-02-02T04:36:00+00:00,2025-02-02T07:36:00+03:00,1784.5,20.0,21.0,,7.0,24.85500049591064,39.42500114440918,2.0,0.2,1,0.0
2025-02-02T04:37:00+00:00,2025-02-02T07:37:00+03:00,1770.5,22.5,24.0,,7.0,24.86000061035156,39.41499900817871,2.0,0.2,1,0.0
2025-02-02T04:38:00+00:00,2025-02-02T07:38:00+03:00,1755.0,20.5,20.5,,7.0,24.85500049591064,39.27000045776367,2.0,0.2,1,0.0
2025-02-02T04:39:00+00:00,2025-02-02T07:39:00+03:00,1751.0,18.0,19.0,,7.0,24.84500026702881,39.16499900817871,2.0,0.2,1,0.0
2025-02-02T04:40:00+00:00,2025-02-02T07:40:00+03:00,1764.0,21.5,21.5,,7.0,24.875,38.97500038146973,2.0,0.2,1,0.0
2025-02-02T04:41:00+00:00,2025-02-02T07:41:00+03:00,1755.0,19.5,20.5,,7.0,24.8700008392334,39.05500030517578,2.0,0.2,1,0.0
2025-02-02T04:42:00+00:00,2025-02-02T07:42:00+03:00,1760.5,17.0,18.5,,7.0,24.85500049591064,38.89500045776367,2.0,0.2,1,0.0
2025-02-02T04:43:00+00:00,2025-02-02T07:43:00+03:00,1770.0,17.0,19.5,,7.0,24.8700008392334,39.21999931335449,2.0,0.2,1,0.0
2025-02-02T04:44:00+00:00,2025-02-02T07:44:00+03:00,1766.0,20.0,21.0,,7.0,24.85000038146973,39.03500175476074,2.0,0.2,1,0.0
2025-02-02T04:45:00+00:00,2025-02-02T07:45:00+03:00,1735.0,20.0,21.5,,7.0,24.88500022888184,38.96000099182129,2.0,0.2,1,0.0
2025-02-02T04:46:00+00:00,2025-02-02T07:46:00+03:00,1730.0,19.0,20.0,,7.0,24.875,38.79500007629395,2.0,0.2,1,0.0
2025-02-02T04:47:00+00:00,2025-02-02T07:47:00+03:00,1731.5,18.0,18.5,,7.0,24.88000011444092,38.67999839782715,2.0,0.2,1,0.0
2025-02-02T04:48:00+00:00,2025-02-02T07:48:00+03:00,1733.5,19.0,23.0,,7.0,24.89500045776367,38.60000038146973,2.0,0.2,1,0.0
2025-02-02T04:49:00+00:00,2025-02-02T07:49:00+03:00,1700.5,19.5,19.5,,7.0,24.89499950408936,38.34000015258789,2.0,0.2,1,0.0
2025-02-02T04:50:00+00:00,2025-02-02T07:50:00+03:00,1690.5,17.5,19.0,,7.0,24.89999961853027,38.54500007629395,2.0,0.2,1,0.0
2025-02-02T04:51:00+00:00,2025-02-02T07:51:00+03:00,1686.5,17.0,20.5,,7.0,24.88000011444092,38.53499984741211,2.0,0.2,1,0.0
2025-02-02T04:52:00+00:00,2025-02-02T07:52:00+03:00,1687.0,15.5,16.5,,7.0,24.875,38.60499954223633,2.0,0.2,1,0.0
2025-02-02T04:53:00+00:00,2025-02-02T07:53:00+03:00,1699.5,17.0,18.5,,7.0,24.88000011444092,38.67500114440918,2.0,0.2,1,0.0
2025-02-02T04:54:00+00:00,2025-02-02T07:54:00+03:00,1688.0,18.0,18.0,,7.0,24.86500072479248,38.53000068664551,2.0,0.2,1,0.0
2025-02-02T04:55:00+00:00,2025-02-02T07:55:00+03:00,1688.0,17.0,17.0,,7.0,24.85500049591064,38.45999908447266,2.0,0.2,1,0.0
2025-02-02T04:56:00+00:00,2025-02-02T07:56:00+03:00,1689.0,16.0,16.5,,7.0,24.875,38.64999961853027,2.0,0.2,1,0.0
2025-02-02T04:57:00+00:00,2025-02-02T07:57:00+03:00,1699.0,17.0,17.5,,7.0,24.86500072479248,38.55500030517578,2.0,0.2,1,0.0
2025-02-02T04:58:00+00:00,2025-02-02T07:58:00+03:00,1681.5,17.5,18.0,,7.0,24.88000011444092,38.02499961853027,2.0,0.2,1,0.0
2025-02-02T04:59:00+00:00,2025-02-02T07:59:00+03:00,1674.0,14.5,15.5,,7.0,24.89999961853027,38.21999931335449,2.0,0.2,1,0.0
2025-02-02T05:00:00+00:00,2025-02-02T08:00:00+03:00,1685.0,16.5,16.5,,7.0,24.92500019073486,38.13500022888184,2.0,0.2,1,0.0
2025-02-02T05:01:00+00:00,2025-02-02T08:01:00+03:00,1682.5,15.5,16.0,,7.0,24.875,38.20499992370605,2.0,0.2,1,0.0
2025-02-02T05:02:00+00:00,2025-02-02T08:02:00+03:00,1667.5,15.5,16.5,,7.0,24.85500049591064,38.17499923706055,2.0,0.2,1,0.0
2025-02-02T05:03:00+00:00,2025-02-02T08:03:00+03:00,1656.0,14.5,17.0,,7.0,24.86999988555908,38.03999900817871,2.0,0.2,1,0.0
2025-02-02T05:04:00+00:00,2025-02-02T08:04:00+03:00,1662.5,14.5,15.5,,7.0,24.86500072479248,38.36499977111816,2.0,0.2,1,0.0
2025-02-02T05:05:00+00:00,2025-02-02T08:05:00+03:00,1690.0,14.0,16.5,,7.0,24.84000015258789,38.25,2.0,0.2,1,0.0
2025-02-02T05:06:00+00:00,2025-02-02T08:06:00+03:00,1660.0,13.5,14.0,,7.0,24.82999992370605,38.32500076293945,2.0,0.2,1,0.0
2025-02-02T05:07:00+00:00,2025-02-02T08:07:00+03:00,1668.5,15.5,16.5,,7.0,24.81999969482422,38.15499877929688,2.0,0.2,1,0.0
2025-02-02T05:08:00+00:00,2025-02-02T08:08:00+03:00,1640.0,14.0,16.5,,7.0,24.86000061035156,38.23499870300293,2.0,0.2,1,0.0
2025-02-02T05:09:00+00:00,2025-02-02T08:09:00+03:00,1621.0,14.0,14.0,,7.0,24.86500072479248,38.08499908447266,2.0,0.2,1,0.0
2025-02-02T05:10:00+00:00,2025-02-02T08:10:00+03:00,1643.0,13.5,15.0,,7.0,24.85000038146973,38.05999946594238,2.0,0.2,1,0.0
2025-02-02T05:11:00+00:00,2025-02-02T08:11:00+03:00,1643.0,12.5,12.5,,7.0,24.85999965667725,38.02000045776367,2.0,0.2,1,0.0
2025-02-02T05:12:00+00:00,2025-02-02T08:12:00+03:00,1627.5,14.0,14.5,,7.0,24.86999988555908,37.51000022888184,2.0,0.2,1,0.0
2025-02-02T05:13:00+00:00,2025-02-02T08:13:00+03:00,1613.5,11.5,12.5,,7.0,24.84500026702881,37.89500045776367,2.0,0.2,1,0.0
2025-02-02T05:14:00+00:00,2025-02-02T08:14:00+03:00,1637.5,11.5,15.0,,7.0,24.85500049591064,37.57999992370605,2.0,0.2,1,0.0
2025-02-02T05:15:00+00:00,2025-02-02T08:15:00+03:00,1593.0,14.0,14.5,,7.0,24.86500072479248,37.47500038146973,2.0,0.2,1,0.0
2025-02-02T05:16:00+00:00,2025-02-02T08:16:00+03:00,1586.5,13.0,14.0,,7.0,24.86499977111816,37.50500106811523,2.0,0.2,1,0.0
2025-02-02T05:17:00+00:00,2025-02-02T08:17:00+03:00,1580.0,11.0,11.5,,7.0,24.88999938964844,37.20499992370605,2.0,0.2,1,0.0
2025-02-02T05:18:00+00:00,2025-02-02T08:18:00+03:00,1578.0,11.5,11.5,,7.0,24.90499973297119,36.83500099182129,2.0,0.2,1,0.0
2025-02-02T05:19:00+00:00,2025-02-02T08:19:00+03:00,1566.5,12.5,13.5,,7.0,24.90499973297119,36.92499923706055,2.0,0.2,1,0.0
2025-02-02T05:20:00+00:00,2025-02-02T08:20:00+03:00,1552.0,12.5,13.5,,7.0,24.92500019073486,36.75,2.0,0.2,1,0.0
2025-02-02T05:21:00+00:00,2025-02-02T08:21:00+03:00,1517.5,13.0,15.5,,7.0,24.93000030517578,36.8799991607666,2.0,0.2,1,0.0
2025-02-02T05:22:00+00:00,2025-02-02T08:22:00+03:00,1531.5,12.0,14.0,,7.0,24.90000057220459,37.22000122070312,2.0,0.2,1,0.0
2025-02-02T05:23:00+00:00,2025-02-02T08:23:00+03:00,1580.0,11.5,14.0,,7.0,24.92000007629395,37.30000114440918,2.0,0.2,1,0.0
2025-02-02T05:24:00+00:00,2025-02-02T08:24:00+03:00,1599.5,13.0,14.5,,7.0,24.86999988555908,37.30999946594238,2.0,0.2,1,0.0
2025-02-02T05:25:00+00:00,2025-02-02T08:25:00+03:00,1610.0,12.0,13.5,,7.0,24.8149995803833,37.46000099182129,2.0,0.2,1,0.0
2025-02-02T05:26:00+00:00,2025-02-02T08:26:00+03:00,1625.5,11.0,11.5,,7.0,24.79500007629395,37.52000045776367,2.0,0.2,1,0.0
2025-02-02T05:27:00+00:00,2025-02-02T08:27:00+03:00,1621.0,11.5,13.5,,7.0,24.78999996185303,37.49499893188477,2.0,0.2,1,0.0
2025-02-02T05:28:00+00:00,2025-02-02T08:28:00+03:00,1569.0,10.0,10.0,,7.0,24.77499961853027,37.27499961853027,2.0,0.2,1,0.0
2025-02-02T05:29:00+00:00,2025-02-02T08:29:00+03:00,1560.0,10.0,10.0,,7.0,24.79000091552734,37.20499992370605,2.0,0.2,1,0.0
2025-02-02T05:30:00+00:00,2025-02-02T08:30:00+03:00,1552.5,9.5,10.5,,7.0,24.79999923706055,37.28999900817871,2.0,0.2,1,0.0
2025-02-02T05:31:00+00:00,2025-02-02T08:31:00+03:00,1542.5,10.5,11.5,,7.0,24.79500007629395,37.21000099182129,2.0,0.2,1,0.0
2025-02-02T05:32:00+00:00,2025-02-02T08:32:00+03:00,1526.0,9.0,9.0,,7.0,24.78499984741211,36.95000076293945,2.0,0.2,1,0.0
2025-02-02T05:33:00+00:00,2025-02-02T08:33:00+03:00,1526.0,11.0,11.0,,7.0,24.81999969482422,36.7450008392334,2.0,0.2,1,0.0
2025-02-02T05:34:00+00:00,2025-02-02T08:34:00+03:00,1515.5,9.0,10.5,,7.0,24.82999992370605,36.95000076293945,2.0,0.2,1,0.0
2025-02-02T05:35:00+00:00,2025-02-02T08:35:00+03:00,1497.5,11.0,12.5,,6.0,24.80000019073486,36.98999977111816,2.0,0.2,1,0.0
2025-02-02T05:36:00+00:00,2025-02-02T08:36:00+03:00,1509.5,9.5,9.5,,7.0,24.77500057220459,36.91500091552734,2.0,0.2,1,0.0
2025-02-02T05:37:00+00:00,2025-02-02T08:37:00+03:00,1514.0,8.5,8.5,,7.0,24.77500057220459,36.79999923706055,2.0,0.2,1,0.0
2025-02-02T05:38:00+00:00,2025-02-02T08:38:00+03:00,1504.0,8.5,9.0,,7.0,24.76000022888184,37.04500007629395,2.0,0.2,1,0.0
2025-02-02T05:39:00+00:00,2025-02-02T08:39:00+03:00,1519.0,9.5,10.5,,7.0,24.75,36.85000038146973,2.0,0.2,1,0.0
2025-02-02T05:40:00+00:00,2025-02-02T08:40:00+03:00,1518.0,7.5,7.5,,7.0,24.73499965667725,36.97500038146973,2.0,0.2,1,0.0
2025-02-02T05:41:00+00:00,2025-02-02T08:41:00+03:00,1547.5,9.5,11.0,,7.0,24.72999954223633,37.03499984741211,2.0,0.2,1,0.0
2025-02-02T05:42:00+00:00,2025-02-02T08:42:00+03:00,1557.0,9.0,9.0,,7.0,24.71999931335449,36.92000007629395,2.0,0.2,1,0.0
2025-02-02T05:43:00+00:00,2025-02-02T08:43:00+03:00,1545.5,8.0,8.5,,7.0,24.70499992370605,36.875,2.0,0.2,1,0.0
2025-02-02T05:44:00+00:00,2025-02-02T08:44:00+03:00,1571.0,10.5,12.0,,7.0,24.71000003814697,36.95499992370605,2.0,0.2,1,0.0
2025-02-02T05:45:00+00:00,2025-02-02T08:45:00+03:00,1594.0,6.5,6.5,,7.0,24.71500015258789,36.90999984741211,2.0,0.2,1,0.0
2025-02-02T05:46:00+00:00,2025-02-02T08:46:00+03:00,1576.0,8.0,8.5,,7.0,24.69500064849854,36.81999969482422,2.0,0.2,1,0.0
2025-02-02T05:47:00+00:00,2025-02-02T08:47:00+03:00,1562.0,8.0,9.5,,7.0,24.69999980926514,36.72500038146973,2.0,0.2,1,0.0
2025-02-02T05:48:00+00:00,2025-02-02T08:48:00+03:00,1527.5,8.0,9.0,,7.0,24.67000007629395,36.81499862670898,2.0,0.2,1,0.0
2025-02-02T05:49:00+00:00,2025-02-02T08:49:00+03:00,1523.5,9.0,10.5,,7.0,24.69000053405762,36.82499885559082,2.0,0.2,1,0.0
2025-02-02T05:50:00+00:00,2025-02-02T08:50:00+03:00,1551.0,9.5,10.0,,7.0,24.70000076293945,36.78000068664551,2.0,0.2,1,0.0
2025-02-02T05:51:00+00:00,2025-02-02T08:51:00+03:00,1531.0,7.0,7.0,,7.0,24.6850004196167,36.59000015258789,2.0,0.2,1,0.0
2025-02-02T05:52:00+00:00,2025-02-02T08:52:00+03:00,1492.5,9.0,10.0,,6.0,24.71499919891357,36.75,2.0,0.2,1,0.0
2025-02-02T05:53:00+00:00,2025-02-02T08:53:00+03:00,1497.0,6.5,6.5,,6.0,24.71500015258789,36.61499977111816,2.0,0.2,1,0.0
2025-02-02T05:54:00+00:00,2025-02-02T08:54:00+03:00,1482.5,7.0,7.0,,6.0,24.69999980926514,36.63500022888184,2.0,0.2,1,0.0
2025-02-02T05:55:00+00:00,2025-02-02T08:55:00+03:00,1482.0,9.0,9.5,,6.0,24.72499942779541,36.48499870300293,2.0,0.2,1,0.0
2025-02-02T05:56:00+00:00,2025-02-02T08:56:00+03:00,1485.0,7.0,7.0,,6.0,24.69500064849854,36.26499938964844,2.0,0.2,1,0.0
2025-02-02T05:57:00+00:00,2025-02-02T08:57:00+03:00,1472.5,8.0,8.0,,6.0,24.71999931335449,36.34499931335449,2.0,0.2,1,0.0
2025-02-02T05:58:00+00:00,2025-02-02T08:58:00+03:00,1487.0,8.5,9.0,,6.0,24.67500019073486,36.51000022888184,2.0,0.2,1,0.0
2025-02-02T05:59:00+00:00,2025-02-02T08:59:00+03:00,1504.0,8.0,9.5,,7.0,24.67000007629395,36.59499931335449,2.0,0.2,1,0.0
2025-02-02T06:00:00+00:00,2025-02-02T09:00:00+03:00,1518.0,7.5,8.5,,7.0,24.67000007629395,36.30500030517578,2.0,0.2,1,0.0
2025-02-02T06:01:00+00:00,2025-02-02T09:01:00+03:00,1509.5,8.0,8.5,,7.0,24.63999938964844,36.38500022888184,2.0,0.2,1,0.0
2025-02-02T06:02:00+00:00,2025-02-02T09:02:00+03:00,1496.5,7.0,8.0,,6.0,24.64499950408936,36.20999908447266,2.0,0.2,1,0.0
2025-02-02T06:03:00+00:00,2025-02-02T09:03:00+03:00,1481.5,6.0,6.0,,6.0,24.65499973297119,36.39999961853027,2.0,0.2,1,0.0
2025-02-02T06:04:00+00:00,2025-02-02T09:04:00+03:00,1472.0,7.0,9.0,,6.0,24.65999984741211,36.28000068664551,2.0,0.2,1,0.0
2025-02-02T06:05:00+00:00,2025-02-02T09:05:00+03:00,1459.0,8.0,9.5,,6.0,24.6850004196167,36.16000175476074,2.0,0.2,1,0.0
2025-02-02T06:06:00+00:00,2025-02-02T09:06:00+03:00,1448.5,6.5,7.0,,6.0,24.67500019073486,36.30500030517578,2.0,0.2,1,0.0
2025-02-02T06:07:00+00:00,2025-02-02T09:07:00+03:00,1481.5,7.5,8.0,,6.0,24.67500019073486,36.48500061035156,2.0,0.2,1,0.0
2025-02-02T06:08:00+00:00,2025-02-02T09:08:00+03:00,1519.5,6.5,6.5,,7.0,24.65999984741211,36.39500045776367,2.0,0.2,1,0.0
2025-02-02T06:09:00+00:00,2025-02-02T09:09:00+03:00,1520.0,7.0,7.0,,7.0,24.67000007629395,36.34000015258789,2.0,0.2,1,0.0
2025-02-02T06:10:00+00:00,2025-02-02T09:10:00+03:00,1512.333333333333,6.666666666666667,6.666666666666667,,7.0,24.67000007629395,36.31000010172526,2.0,0.2,1,0.0
2025-02-02T06:11:00+00:00,2025-02-02T09:11:00+03:00,1474.5,5.5,7.5,,6.0,24.69500064849854,36.1200008392334,2.0,0.2,1,0.0
2025-02-02T06:12:00+00:00,2025-02-02T09:12:00+03:00,1462.0,6.5,7.5,,6.0,24.69500064849854,36.04000091552734,2.0,0.2,1,0.0
2025-02-02T06:13:00+00:00,2025-02-02T09:13:00+03:00,1462.0,6.5,7.5,,6.0,24.64999961853027,35.85999870300293,2.0,0.2,1,0.0
2025-02-02T06:14:00+00:00,2025-02-02T09:14:00+03:00,1466.0,5.5,7.0,,6.0,24.64999961853027,35.90000152587891,2.0,0.2,1,0.0
2025-02-02T06:15:00+00:00,2025-02-02T09:15:00+03:00,1460.5,6.5,6.5,,6.0,24.6850004196167,35.9950008392334,2.0,0.2,1,0.0
2025-02-02T06:16:00+00:00,2025-02-02T09:16:00+03:00,1448.5,7.5,7.5,,6.0,24.71000003814697,35.82999992370605,2.0,0.2,1,0.0
2025-02-02T06:17:00+00:00,2025-02-02T09:17:00+03:00,1415.0,5.0,5.0,,6.0,24.6850004196167,35.84000015258789,2.0,0.2,1,0.0
2025-02-02T06:18:00+00:00,2025-02-02T09:18:00+03:00,1397.5,5.5,6.5,,6.0,24.71000003814697,35.80500030517578,2.0,0.2,1,0.0
2025-02-02T06:19:00+00:00,2025-02-02T09:19:00+03:00,1387.0,6.0,6.5,,6.0,24.70000076293945,35.79500007629395,2.0,0.2,1,0.0
2025-02-02T06:20:00+00:00,2025-02-02T09:20:00+03:00,1397.5,6.5,6.5,,6.0,24.69999980926514,35.82999992370605,2.0,0.2,1,0.0
2025-02-02T06:21:00+00:00,2025-02-02T09:21:00+03:00,1411.5,6.0,7.0,,6.0,24.68000030517578,35.96500015258789,2.0,0.2,1,0.0
2025-02-02T06:22:00+00:00,2025-02-02T09:22:00+03:00,1455.5,6.5,6.5,,6.0,24.64999961853027,35.85000038146973,2.0,0.2,1,0.0
2025-02-02T06:23:00+00:00,2025-02-02T09:23:00+03:00,1462.0,6.0,7.0,,6.0,24.63999938964844,35.8799991607666,2.0,0.2,1,0.0
2025-02-02T06:24:00+00:00,2025-02-02T09:24:00+03:00,1476.0,5.5,5.5,,6.0,24.63999938964844,36.09000015258789,2.0,0.2,1,0.0
2025-02-02T06:25:00+00:00,2025-02-02T09:25:00+03:00,1484.0,5.5,7.5,,6.0,24.6299991607666,35.88000106811523,2.0,0.2,1,0.0
2025-02-02T06:26:00+00:00,2025-02-02T09:26:00+03:00,1475.0,6.0,7.0,,6.0,24.6299991607666,35.82999992370605,2.0,0.2,1,0.0
2025-02-02T06:27:00+00:00,2025-02-02T09:27:00+03:00,1473.0,4.5,5.0,,6.0,24.60999965667725,35.86499977111816,2.0,0.2,1,0.0
2025-02-02T06:28:00+00:00,2025-02-02T09:28:00+03:00,1468.0,5.5,7.0,,6.0,24.6299991607666,35.86999893188477,2.0,0.2,1,0.0
2025-02-02T06:29:00+00:00,2025-02-02T09:29:00+03:00,1479.0,5.5,5.5,,6.0,24.63499927520752,35.79500007629395,2.0,0.2,1,0.0
2025-02-02T06:30:00+00:00,2025-02-02T09:30:00+03:00,1459.0,5.5,5.5,,6.0,24.6299991607666,35.77499961853027,2.0,0.2,1,0.0
2025-02-02T06:31:00+00:00,2025-02-02T09:31:00+03:00,1425.0,4.5,6.5,,6.0,24.63999938964844,35.75500106811523,2.0,0.2,1,0.0
2025-02-02T06:32:00+00:00,2025-02-02T09:32:00+03:00,1406.5,4.5,4.5,,6.0,24.64499950408936,35.72500038146973,2.0,0.2,1,0.0
2025-02-02T06:33:00+00:00,2025-02-02T09:33:00+03:00,1397.0,5.5,5.5,,6.0,24.67500019073486,35.48999977111816,2.0,0.2,1,0.0
2025-02-02T06:34:00+00:00,2025-02-02T09:34:00+03:00,1403.0,4.0,4.5,,6.0,24.64999961853027,35.58500099182129,2.0,0.2,1,0.0
2025-02-02T06:35:00+00:00,2025-02-02T09:35:00+03:00,1418.0,5.0,6.0,,6.0,24.65499973297119,35.55500030517578,2.0,0.2,1,0.0
2025-02-02T06:36:00+00:00,2025-02-02T09:36:00+03:00,1407.5,4.5,5.0,,6.0,24.65999984741211,35.5049991607666,2.0,0.2,1,0.0
2025-02-02T06:37:00+00:00,2025-02-02T09:37:00+03:00,1390.0,4.0,4.5,,6.0,24.67000007629395,35.38500022888184,2.0,0.2,1,0.0
2025-02-02T06:38:00+00:00,2025-02-02T09:38:00+03:00,1374.0,4.0,5.0,,6.0,24.69000053405762,35.45499992370605,2.0,0.2,1,0.0
2025-02-02T06:39:00+00:00,2025-02-02T09:39:00+03:00,1362.5,4.5,4.5,,6.0,24.70499992370605,35.33499908447266,2.0,0.2,1,0.0
2025-02-02T06:40:00+00:00,2025-02-02T09:40:00+03:00,1382.5,5.0,5.0,,6.0,24.69000053405762,35.27499961853027,2.0,0.2,1,0.0
2025-02-02T06:41:00+00:00,2025-02-02T09:41:00+03:00,1422.0,5.5,6.5,,6.0,24.69000053405762,35.45999908447266,2.0,0.2,1,0.0
2025-02-02T06:42:00+00:00,2025-02-02T09:42:00+03:00,1434.5,4.0,4.0,,6.0,24.68000030517578,35.19500160217285,2.0,0.2,1,0.0
2025-02-02T06:43:00+00:00,2025-02-02T09:43:00+03:00,1409.5,5.0,5.0,,6.0,24.6850004196167,35.36499977111816,2.0,0.2,1,0.0
2025-02-02T06:44:00+00:00,2025-02-02T09:44:00+03:00,1402.0,4.5,4.5,,6.0,24.71000003814697,35.27999877929688,2.0,0.2,1,0.0
2025-02-02T06:45:00+00:00,2025-02-02T09:45:00+03:00,1381.0,3.5,4.0,,6.0,24.71500015258789,35.25500106811523,2.0,0.2,1,0.0
2025-02-02T06:46:00+00:00,2025-02-02T09:46:00+03:00,1390.0,4.0,4.0,,6.0,24.70000076293945,35.39500045776367,2.0,0.2,1,0.0
2025-02-02T06:47:00+00:00,2025-02-02T09:47:00+03:00,1392.5,4.0,4.5,,6.0,24.72499942779541,35.18499946594238,2.0,0.2,1,0.0
2025-02-02T06:48:00+00:00,2025-02-02T09:48:00+03:00,1361.5,4.0,4.0,,6.0,24.72999954223633,35.3650016784668,2.0,0.2,1,0.0
2025-02-02T06:49:00+00:00,2025-02-02T09:49:00+03:00,1360.5,3.0,4.0,,6.0,24.73999977111816,35.21500015258789,2.0,0.2,1,0.0
2025-02-02T06:50:00+00:00,2025-02-02T09:50:00+03:00,1365.5,2.0,3.0,,6.0,24.71500015258789,35.5049991607666,2.0,0.2,1,0.0
2025-02-02T06:51:00+00:00,2025-02-02T09:51:00+03:00,1398.5,3.5,3.5,,6.0,24.66499996185303,35.3700008392334,2.0,0.2,1,0.0
2025-02-02T06:52:00+00:00,2025-02-02T09:52:00+03:00,1423.0,3.0,5.5,,6.0,24.69500064849854,35.42000007629395,2.0,0.2,1,0.0
2025-02-02T06:53:00+00:00,2025-02-02T09:53:00+03:00,1398.5,3.5,3.5,,6.0,24.69000053405762,35.39999961853027,2.0,0.2,1,0.0
2025-02-02T06:54:00+00:00,2025-02-02T09:54:00+03:00,1394.0,3.5,4.5,,6.0,24.6850004196167,35.49499893188477,2.0,0.2,1,0.0
2025-02-02T06:55:00+00:00,2025-02-02T09:55:00+03:00,1381.5,4.0,4.0,,6.0,24.67500019073486,35.46500015258789,2.0,0.2,1,0.0
2025-02-02T06:56:00+00:00,2025-02-02T09:56:00+03:00,1364.0,3.0,3.5,,6.0,24.68499946594238,35.15999984741211,2.0,0.2,1,0.0
2025-02-02T06:57:00+00:00,2025-02-02T09:57:00+03:00,1338.5,3.5,4.0,,6.0,24.70000076293945,35.10499954223633,1.0,1.0,1,0.0
2025-02-02T06:58:00+00:00,2025-02-02T09:58:00+03:00,1334.5,3.5,3.5,,6.0,24.71500015258789,33.7450008392334,1.0,0.2,1,0.0
2025-02-02T06:59:00+00:00,2025-02-02T09:59:00+03:00,1228.5,1.5,1.5,,5.0,24.78500080108643,30.14500045776367,1.0,0.2,1,0.0
2025-02-02T07:00:00+00:00,2025-02-02T10:00:00+03:00,992.5,1.5,2.0,,4.0,24.80999946594238,28.07999992370605,1.0,0.2,1,0.0
2025-02-02T07:01:00+00:00,2025-02-02T10:01:00+03:00,870.0,0.5,2.0,,4.0,24.8149995803833,26.90000057220459,1.0,0.2,1,0.0
2025-02-02T07:02:00+00:00,2025-02-02T10:02:00+03:00,814.5,0.0,0.0,,4.0,24.82999992370605,26.27999973297119,1.0,0.2,1,0.0
2025-02-02T07:03:00+00:00,2025-02-02T10:03:00+03:00,775.0,1.0,1.0,,3.0,24.81999969482422,25.88000011444092,1.0,0.2,1,0.0
2025-02-02T07:04:00+00:00,2025-02-02T10:04:00+03:00,751.5,0.0,0.0,,3.0,24.84500026702881,25.68000030517578,1.0,0.2,1,0.0
2025-02-02T07:05:00+00:00,2025-02-02T10:05:00+03:00,734.5,0.0,0.0,,3.0,24.84500026702881,25.48500061035156,1.0,0.2,1,0.0
2025-02-02T07:06:00+00:00,2025-02-02T10:06:00+03:00,719.5,0.0,0.0,,3.0,24.85000038146973,25.26999950408936,1.0,0.2,1,0.0
2025-02-02T07:07:00+00:00,2025-02-02T10:07:00+03:00,709.5,0.0,0.0,,3.0,24.88499927520752,25.15999984741211,1.0,0.2,1,0.0
2025-02-02T07:08:00+00:00,2025-02-02T10:08:00+03:00,706.0,1.0,1.0,,3.0,24.84000015258789,25.10999965667725,1.0,0.2,1,0.0
2025-02-02T07:09:00+00:00,2025-02-02T10:09:00+03:00,703.5,1.5,1.5,,3.0,24.82999992370605,24.98500061035156,1.0,0.2,1,0.0
2025-02-02T07:10:00+00:00,2025-02-02T10:10:00+03:00,701.0,0.5,0.5,,3.0,24.84500026702881,24.92500019073486,1.0,0.2,1,0.0
2025-02-02T07:11:00+00:00,2025-02-02T10:11:00+03:00,698.0,10.5,11.5,,3.0,24.84000015258789,24.83500003814697,1.0,0.2,1,0.0
2025-02-02T07:12:00+00:00,2025-02-02T10:12:00+03:00,693.0,27.0,29.0,,4.0,24.86000061035156,24.65999984741211,1.0,0.2,1,0.0
2025-02-02T07:13:00+00:00,2025-02-02T10:13:00+03:00,690.5,24.5,25.5,,3.0,24.86500072479248,24.61499977111816,1.0,0.2,1,0.0
2025-02-02T07:14:00+00:00,2025-02-02T10:14:00+03:00,688.0,27.0,31.0,,4.0,24.85000038146973,24.54500007629395,1.0,0.2,1,0.0
2025-02-02T07:15:00+00:00,2025-02-02T10:15:00+03:00,685.0,59.0,61.5,,7.0,24.83500003814697,24.59000015258789,1.0,0.2,1,0.0
2025-02-02T07:16:00+00:00,2025-02-02T10:16:00+03:00,687.0,83.5,90.0,,9.0,24.80000019073486,24.64999961853027,1.0,0.2,1,0.0
2025-02-02T07:17:00+00:00,2025-02-02T10:17:00+03:00,687.0,108.5,121.5,,9.0,24.76000022888184,24.15999984741211,2.0,1.0,1,0.0
2025-02-02T07:18:00+00:00,2025-02-02T10:18:00+03:00,662.0,111.0,123.0,,9.0,24.67000007629395,23.83500003814697,2.0,0.3,1,0.0
2025-02-02T07:19:00+00:00,2025-02-02T10:19:00+03:00,649.0,97.0,102.5,,9.0,24.59000015258789,23.88500022888184,2.0,0.3,1,0.0
2025-02-02T07:20:00+00:00,2025-02-02T10:20:00+03:00,635.5,86.5,97.5,,9.0,24.52500057220459,24.0600004196167,2.0,0.3,1,0.0
2025-02-02T07:21:00+00:00,2025-02-02T10:21:00+03:00,635.0,83.0,87.0,,9.0,24.5,24.26000022888184,2.0,0.3,1,0.0
2025-02-02T07:22:00+00:00,2025-02-02T10:22:00+03:00,642.0,71.0,74.0,,8.0,24.43499946594238,24.39000034332275,2.0,0.3,1,0.0
2025-02-02T07:23:00+00:00,2025-02-02T10:23:00+03:00,649.5,66.0,72.5,,8.0,24.40999984741211,24.58500003814697,2.0,0.3,1,0.0
2025-02-02T07:24:00+00:00,2025-02-02T10:24:00+03:00,655.5,62.0,67.5,,7.0,24.39499950408936,24.625,2.0,0.3,1,0.0
2025-02-02T07:25:00+00:00,2025-02-02T10:25:00+03:00,660.5,61.0,68.5,,7.0,24.36500072479248,24.75,2.0,0.3,1,0.0
2025-02-02T07:26:00+00:00,2025-02-02T10:26:00+03:00,660.0,56.5,62.5,,7.0,24.31999969482422,24.77999973297119,2.0,0.3,1,0.0
2025-02-02T07:27:00+00:00,2025-02-02T10:27:00+03:00,663.0,52.5,56.0,,6.0,24.29500007629395,24.86999988555908,2.0,0.3,1,0.0
2025-02-02T07:28:00+00:00,2025-02-02T10:28:00+03:00,664.5,53.5,57.0,,6.0,24.26500034332275,24.92000007629395,2.0,0.3,1,0.0
2025-02-02T07:29:00+00:00,2025-02-02T10:29:00+03:00,666.5,46.0,49.0,,6.0,24.22999954223633,24.94499969482422,2.0,0.3,1,0.0
2025-02-02T07:30:00+00:00,2025-02-02T10:30:00+03:00,666.0,43.5,48.0,,5.0,24.22499942779541,24.98000049591064,2.0,0.3,1,0.0
2025-02-02T07:31:00+00:00,2025-02-02T10:31:00+03:00,665.0,38.0,41.0,,5.0,24.23499965667725,24.88500022888184,2.0,0.3,1,0.0
2025-02-02T07:32:00+00:00,2025-02-02T10:32:00+03:00,658.5,42.0,45.0,,5.0,24.20000076293945,24.88499927520752,2.0,0.3,1,0.0
2025-02-02T07:33:00+00:00,2025-02-02T10:33:00+03:00,657.0,42.5,46.0,,5.0,24.19500064849854,24.96000003814697,2.0,0.3,1,0.0
2025-02-02T07:34:00+00:00,2025-02-02T10:34:00+03:00,655.0,39.5,40.5,,5.0,24.19000053405762,24.98999977111816,2.0,0.3,1,0.0
2025-02-02T07:35:00+00:00,2025-02-02T10:35:00+03:00,655.5,36.0,41.0,,5.0,24.14999961853027,24.95499992370605,2.0,0.3,1,0.0
2025-02-02T07:36:00+00:00,2025-02-02T10:36:00+03:00,653.0,36.5,42.0,,5.0,24.13500022888184,24.96499919891357,1.0,0.3,1,0.0
2025-02-02T07:37:00+00:00,2025-02-02T10:37:00+03:00,650.0,37.5,40.0,,5.0,24.13500022888184,24.9399995803833,1.0,0.3,1,0.0
2025-02-02T07:38:00+00:00,2025-02-02T10:38:00+03:00,642.0,32.0,35.5,,4.0,24.10500049591064,24.90499973297119,1.0,0.3,1,0.0
2025-02-02T07:39:00+00:00,2025-02-02T10:39:00+03:00,637.5,33.5,35.5,,4.0,24.07999992370605,24.92500019073486,1.0,0.3,1,0.0
2025-02-02T07:40:00+00:00,2025-02-02T10:40:00+03:00,634.5,53.5,59.5,,6.0,24.09000015258789,24.92500019073486,1.0,0.3,1,0.0
2025-02-02T07:41:00+00:00,2025-02-02T10:41:00+03:00,634.5,77.0,82.0,,9.0,24.07999992370605,24.86499977111816,1.0,0.3,1,0.0
2025-02-02T07:42:00+00:00,2025-02-02T10:42:00+03:00,631.5,105.5,111.5,,9.0,24.05999946594238,24.92500019073486,1.0,0.3,1,0.0
2025-02-02T07:43:00+00:00,2025-02-02T10:43:00+03:00,629.5,134.0,142.0,,9.0,24.05500030517578,24.92500019073486,1.0,0.3,1,0.0
2025-02-02T07:44:00+00:00,2025-02-02T10:44:00+03:00,629.5,136.5,144.5,,9.0,24.02999973297119,24.9350004196167,2.0,0.2,1,0.0
2025-02-02T07:45:00+00:00,2025-02-02T10:45:00+03:00,627.0,170.0,186.0,,9.0,24.04500007629395,24.90499973297119,2.0,0.2,1,0.0
2025-02-02T07:46:00+00:00,2025-02-02T10:46:00+03:00,624.0,164.0,178.0,,9.0,24.02999973297119,25.15499973297119,2.0,0.2,1,0.0
2025-02-02T07:47:00+00:00,2025-02-02T10:47:00+03:00,626.0,158.0,169.5,,9.0,24.10000038146973,25.36499977111816,2.0,0.2,1,0.0
2025-02-02T07:48:00+00:00,2025-02-02T10:48:00+03:00,629.0,148.0,160.5,,9.0,24.13500022888184,25.49499988555908,2.0,0.2,1,0.0
2025-02-02T07:49:00+00:00,2025-02-02T10:49:00+03:00,631.5,132.5,151.0,,9.0,24.15999984741211,25.55499935150146,2.0,0.2,1,0.0
2025-02-02T07:50:00+00:00,2025-02-02T10:50:00+03:00,632.0,130.5,141.5,,9.0,24.19999980926514,25.61499977111816,2.0,0.2,1,0.0
2025-02-02T07:51:00+00:00,2025-02-02T10:51:00+03:00,631.5,125.5,139.0,,9.0,24.23499965667725,25.67000007629395,2.0,0.2,1,0.0
2025-02-02T07:52:00+00:00,2025-02-02T10:52:00+03:00,630.0,121.0,131.5,,9.0,24.24499988555908,25.71500015258789,2.0,0.2,1,0.0
2025-02-02T07:53:00+00:00,2025-02-02T10:53:00+03:00,629.0,117.0,126.0,,9.0,24.27000045776367,25.77999973297119,2.0,0.2,1,0.0
2025-02-02T07:54:00+00:00,2025-02-02T10:54:00+03:00,628.5,113.5,123.0,,9.0,24.27500057220459,25.82499980926514,2.0,0.2,1,0.0
2025-02-02T07:55:00+00:00,2025-02-02T10:55:00+03:00,629.0,109.5,118.0,,9.0,24.3149995803833,25.90999984741211,2.0,0.2,1,0.0
2025-02-02T07:56:00+00:00,2025-02-02T10:56:00+03:00,628.0,104.0,113.5,,9.0,24.31999969482422,25.93000030517578,2.0,0.2,1,0.0
2025-02-02T07:57:00+00:00,2025-02-02T10:57:00+03:00,628.0,101.0,108.5,,9.0,24.36000061035156,25.95499992370605,2.0,0.2,1,0.0
2025-02-02T07:58:00+00:00,2025-02-02T10:58:00+03:00,626.0,95.0,104.5,,9.0,24.35000038146973,26.0,2.0,0.2,1,0.0
2025-02-02T07:59:00+00:00,2025-02-02T10:59:00+03:00,625.5,95.5,104.0,,9.0,24.36999988555908,26.05499935150146,2.0,0.2,1,0.0
2025-02-02T08:00:00+00:00,2025-02-02T11:00:00+03:00,626.0,96.0,101.0,,9.0,24.38499927520752,26.01500034332275,2.0,0.2,1,0.0
2025-02-02T08:01:00+00:00,2025-02-02T11:01:00+03:00,626.0,91.5,99.5,,9.0,24.3799991607666,25.98499965667725,2.0,0.2,1,0.0
2025-02-02T08:02:00+00:00,2025-02-02T11:02:00+03:00,622.5,91.0,102.0,,9.0,24.40999984741211,25.96499919891357,2.0,0.2,1,0.0
2025-02-02T08:03:00+00:00,2025-02-02T11:03:00+03:00,620.5,83.5,90.0,,9.0,24.39499950408936,25.99499988555908,2.0,0.2,1,0.0
2025-02-02T08:04:00+00:00,2025-02-02T11:04:00+03:00,623.0,88.5,96.0,,9.0,24.41499996185303,26.09500026702881,2.0,0.2,1,0.0
2025-02-02T08:05:00+00:00,2025-02-02T11:05:00+03:00,625.5,87.0,92.0,,9.0,24.44500064849854,26.13999938964844,2.0,0.2,1,0.0
2025-02-02T08:06:00+00:00,2025-02-02T11:06:00+03:00,627.0,83.0,87.0,,9.0,24.4350004196167,26.10000038146973,2.0,0.2,1,0.0
2025-02-02T08:07:00+00:00,2025-02-02T11:07:00+03:00,626.0,75.5,85.0,,9.0,24.45999908447266,26.01499938964844,2.0,0.2,1,0.0
2025-02-02T08:08:00+00:00,2025-02-02T11:08:00+03:00,624.0,78.0,82.5,,9.0,24.46499919891357,25.89499950408936,2.0,0.2,1,0.0
2025-02-02T08:09:00+00:00,2025-02-02T11:09:00+03:00,620.0,73.0,78.0,,8.0,24.47999954223633,25.88999938964844,2.0,0.2,1,0.0
2025-02-02T08:10:00+00:00,2025-02-02T11:10:00+03:00,620.5,72.0,76.5,,8.0,24.45499992370605,25.88500022888184,2.0,0.2,1,0.0
2025-02-02T08:11:00+00:00,2025-02-02T11:11:00+03:00,620.5,71.5,77.5,,8.0,24.47499942779541,25.90499973297119,2.0,0.2,1,0.0
2025-02-02T08:12:00+00:00,2025-02-02T11:12:00+03:00,620.0,69.5,77.0,,8.0,24.47499942779541,25.92000007629395,2.0,0.2,1,0.0
2025-02-02T08:13:00+00:00,2025-02-02T11:13:00+03:00,620.5,65.5,71.5,,8.0,24.48499965667725,25.88500022888184,2.0,0.2,1,0.0
2025-02-02T08:14:00+00:00,2025-02-02T11:14:00+03:00,619.5,64.0,70.5,,7.0,24.5,25.86000061035156,2.0,0.2,1,0.0
2025-02-02T08:15:00+00:00,2025-02-02T11:15:00+03:00,620.5,63.5,69.5,,7.0,24.50500011444092,25.82999992370605,2.0,0.2,1,0.0
2025-02-02T08:16:00+00:00,2025-02-02T11:16:00+03:00,621.5,62.5,66.0,,7.0,24.50500011444092,25.80999946594238,2.0,0.2,1,0.0
2025-02-02T08:17:00+00:00,2025-02-02T11:17:00+03:00,622.0,60.0,64.0,,7.0,24.52000045776367,25.80999946594238,3.0,0.5,1,0.0
2025-02-02T08:18:00+00:00,2025-02-02T11:18:00+03:00,619.5,56.5,61.0,,7.0,24.51000022888184,25.75,3.0,0.1,1,0.0
2025-02-02T08:19:00+00:00,2025-02-02T11:19:00+03:00,620.0,60.5,66.0,,7.0,24.53999996185303,26.10000038146973,3.0,0.1,1,0.0
2025-02-02T08:20:00+00:00,2025-02-02T11:20:00+03:00,634.5,65.5,70.5,,8.0,24.55000019073486,27.21000003814697,3.0,0.1,1,0.0
2025-02-02T08:21:00+00:00,2025-02-02T11:21:00+03:00,674.5,66.5,75.5,,8.0,24.55999946594238,27.64500045776367,3.0,0.1,1,0.0
2025-02-02T08:22:00+00:00,2025-02-02T11:22:00+03:00,710.5,69.5,76.0,,8.0,24.59500026702881,27.65000057220459,3.0,0.1,1,0.0
2025-02-02T08:23:00+00:00,2025-02-02T11:23:00+03:00,725.0,64.0,67.5,,7.0,24.61000061035156,27.98499965667725,3.0,0.1,1,0.0
2025-02-02T08:24:00+00:00,2025-02-02T11:24:00+03:00,731.5,66.0,71.0,,8.0,24.61000061035156,28.17000007629395,3.0,0.1,1,0.0
2025-02-02T08:25:00+00:00,2025-02-02T11:25:00+03:00,738.0,70.0,77.0,,8.0,24.63499927520752,28.6299991607666,3.0,0.1,1,0.0
2025-02-02T08:26:00+00:00,2025-02-02T11:26:00+03:00,750.5,65.5,70.5,,8.0,24.6299991607666,28.80999946594238,3.0,0.1,1,0.0
2025-02-02T08:27:00+00:00,2025-02-02T11:27:00+03:00,761.5,64.5,68.0,,7.0,24.65499973297119,28.77499961853027,3.0,0.1,1,0.0
2025-02-02T08:28:00+00:00,2025-02-02T11:28:00+03:00,777.0,66.5,70.0,,8.0,24.67500019073486,28.71499919891357,3.0,0.1,1,0.0
2025-02-02T08:29:00+00:00,2025-02-02T11:29:00+03:00,787.5,61.5,70.5,,7.0,24.68000030517578,29.01999950408936,3.0,0.1,1,0.0
2025-02-02T08:30:00+00:00,2025-02-02T11:30:00+03:00,798.5,60.5,65.0,,7.0,24.67500019073486,29.31999969482422,3.0,0.1,1,0.0
2025-02-02T08:31:00+00:00,2025-02-02T11:31:00+03:00,807.0,61.5,67.5,,7.0,24.71500015258789,29.01500034332275,3.0,0.1,1,0.0
2025-02-02T08:32:00+00:00,2025-02-02T11:32:00+03:00,814.0,59.5,65.0,,7.0,24.71999931335449,29.13000011444092,3.0,0.1,1,0.0
2025-02-02T08:33:00+00:00,2025-02-02T11:33:00+03:00,821.0,57.0,61.0,,7.0,24.73999977111816,29.16499996185303,3.0,0.1,1,0.0
2025-02-02T08:34:00+00:00,2025-02-02T11:34:00+03:00,827.5,62.5,69.5,,7.0,24.76000022888184,29.34499931335449,3.0,0.1,1,0.0
2025-02-02T08:35:00+00:00,2025-02-02T11:35:00+03:00,835.5,56.5,62.0,,7.0,24.76500034332275,29.53499984741211,3.0,0.1,1,0.0
2025-02-02T08:36:00+00:00,2025-02-02T11:36:00+03:00,841.0,53.0,57.5,,6.0,24.77999973297119,29.64500045776367,3.0,0.1,1,0.0
2025-02-02T08:37:00+00:00,2025-02-02T11:37:00+03:00,844.5,55.0,60.0,,7.0,24.77000045776367,29.69999980926514,3.0,0.1,1,0.0
2025-02-02T08:38:00+00:00,2025-02-02T11:38:00+03:00,852.0,51.0,54.0,,6.0,24.77500057220459,29.65999984741211,3.0,0.1,1,0.0
2025-02-02T08:39:00+00:00,2025-02-02T11:39:00+03:00,861.5,53.0,59.5,,6.0,24.78499984741211,29.98500061035156,3.0,0.1,1,0.0
2025-02-02T08:40:00+00:00,2025-02-02T11:40:00+03:00,868.5,49.0,54.5,,6.0,24.77500057220459,29.72000026702881,3.0,0.1,1,0.0
2025-02-02T08:41:00+00:00,2025-02-02T11:41:00+03:00,875.0,50.0,54.5,,6.0,24.79999923706055,29.70499992370605,3.0,0.1,1,0.0
2025-02-02T08:42:00+00:00,2025-02-02T11:42:00+03:00,881.0,47.5,49.5,,6.0,24.79999923706055,29.57500076293945,3.0,0.1,1,0.0
2025-02-02T08:43:00+00:00,2025-02-02T11:43:00+03:00,889.0,53.5,61.5,,6.0,24.82999992370605,29.40000057220459,3.0,0.1,1,0.0
2025-02-02T08:44:00+00:00,2025-02-02T11:44:00+03:00,888.5,65.0,68.5,,8.0,24.82999992370605,29.55500030517578,3.0,0.1,1,0.0
2025-02-02T08:45:00+00:00,2025-02-02T11:45:00+03:00,899.5,60.0,67.5,,7.0,24.81999969482422,29.47500038146973,3.0,0.1,1,0.0
2025-02-02T08:46:00+00:00,2025-02-02T11:46:00+03:00,909.0,86.5,95.0,,9.0,24.85000038146973,29.32999992370605,3.0,0.1,1,0.0
2025-02-02T08:47:00+00:00,2025-02-02T11:47:00+03:00,910.5,86.5,91.5,,9.0,24.86000061035156,29.32000064849854,3.0,0.1,1,0.0
2025-02-02T08:48:00+00:00,2025-02-02T11:48:00+03:00,914.0,100.0,108.0,,9.0,24.86000061035156,29.29000091552734,3.0,0.1,1,0.0
2025-02-02T08:49:00+00:00,2025-02-02T11:49:00+03:00,921.3333333333334,86.0,95.0,,9.0,24.87999979654948,29.29666646321614,3.0,0.1,1,0.0
2025-02-02T08:50:00+00:00,2025-02-02T11:50:00+03:00,933.5,85.5,91.0,,9.0,24.93000030517578,29.26500034332275,3.0,0.1,1,0.0
2025-02-02T08:51:00+00:00,2025-02-02T11:51:00+03:00,939.5,82.5,90.0,,9.0,24.92000007629395,29.38000011444092,3.0,0.1,1,0.0
2025-02-02T08:52:00+00:00,2025-02-02T11:52:00+03:00,949.0,80.0,83.5,,9.0,24.95000076293945,29.48999977111816,3.0,0.1,1,0.0
2025-02-02T08:53:00+00:00,2025-02-02T11:53:00+03:00,957.5,79.5,84.0,,9.0,24.92000007629395,29.50500011444092,3.0,0.1,1,0.0
2025-02-02T08:54:00+00:00,2025-02-02T11:54:00+03:00,964.5,79.5,85.5,,9.0,24.93000030517578,29.55999946594238,3.0,0.1,1,0.0
2025-02-02T08:55:00+00:00,2025-02-02T11:55:00+03:00,969.5,75.5,81.0,,9.0,24.93000030517578,29.5,3.0,0.1,1,0.0
2025-02-02T08:56:00+00:00,2025-02-02T11:56:00+03:00,971.0,72.0,75.5,,8.0,24.95999908447266,29.51500034332275,3.0,0.1,1,0.0
2025-02-02T08:57:00+00:00,2025-02-02T11:57:00+03:00,971.0,72.0,76.5,,8.0,24.95999908447266,29.55000019073486,3.0,0.1,1,0.0
2025-02-02T08:58:00+00:00,2025-02-02T11:58:00+03:00,977.0,66.5,71.0,,8.0,24.96499919891357,29.65499973297119,3.0,0.1,1,0.0
2025-02-02T08:59:00+00:00,2025-02-02T11:59:00+03:00,983.0,65.5,72.5,,8.0,24.97999954223633,29.625,3.0,0.1,1,0.0
2025-02-02T09:00:00+00:00,2025-02-02T12:00:00+03:00,989.5,66.0,72.5,,8.0,24.96999931335449,29.57999992370605,3.0,0.1,1,0.0
2025-02-02T09:01:00+00:00,2025-02-02T12:01:00+03:00,993.5,62.0,69.5,,7.0,24.96999931335449,29.55000019073486,3.0,0.1,1,0.0
2025-02-02T09:02:00+00:00,2025-02-02T12:02:00+03:00,999.5,62.5,67.0,,7.0,24.97499942779541,29.56999969482422,3.0,0.1,1,0.0
2025-02-02T09:03:00+00:00,2025-02-02T12:03:00+03:00,1001.0,66.0,72.5,,8.0,25.0,29.61499977111816,3.0,0.1,1,0.0
2025-02-02T09:04:00+00:00,2025-02-02T12:04:00+03:00,1005.0,60.0,64.0,,7.0,25.01000022888184,29.61499977111816,3.0,0.1,1,0.0
2025-02-02T09:05:00+00:00,2025-02-02T12:05:00+03:00,1005.0,58.5,63.5,,7.0,25.01000022888184,29.60500049591064,3.0,0.1,1,0.0
2025-02-02T09:06:00+00:00,2025-02-02T12:06:00+03:00,1007.0,59.5,64.5,,7.0,25.0,29.59000015258789,3.0,0.1,1,0.0
2025-02-02T09:07:00+00:00,2025-02-02T12:07:00+03:00,1008.5,59.0,65.0,,7.0,25.02999973297119,29.6299991607666,3.0,0.1,1,0.0
2025-02-02T09:08:00+00:00,2025-02-02T12:08:00+03:00,1008.5,59.0,64.0,,7.0,25.00500011444092,29.63000011444092,3.0,0.1,1,0.0
2025-02-02T09:09:00+00:00,2025-02-02T12:09:00+03:00,1011.0,56.5,63.0,,7.0,25.01500034332275,29.69000053405762,3.0,0.1,1,0.0
2025-02-02T09:10:00+00:00,2025-02-02T12:10:00+03:00,1014.0,61.5,67.5,,7.0,25.01000022888184,29.69999980926514,3.0,0.1,1,0.0
2025-02-02T09:11:00+00:00,2025-02-02T12:11:00+03:00,1017.5,55.0,62.0,,7.0,25.00500011444092,29.77000045776367,3.0,0.1,1,0.0
2025-02-02T09:12:00+00:00,2025-02-02T12:12:00+03:00,1020.0,58.0,64.5,,7.0,24.99499988555908,29.77500057220459,3.0,0.1,1,0.0
2025-02-02T09:13:00+00:00,2025-02-02T12:13:00+03:00,1027.5,55.5,59.5,,7.0,25.0,29.72500038146973,3.0,0.1,1,0.0
2025-02-02T09:14:00+00:00,2025-02-02T12:14:00+03:00,1024.5,56.5,58.0,,7.0,25.01000022888184,29.74499988555908,3.0,0.1,1,0.0
2025-02-02T09:15:00+00:00,2025-02-02T12:15:00+03:00,1028.0,53.0,57.5,,6.0,25.01500034332275,29.91499996185303,3.0,0.1,1,0.0
2025-02-02T09:16:00+00:00,2025-02-02T12:16:00+03:00,1036.5,53.0,56.5,,6.0,25.01500034332275,29.94999980926514,3.0,0.1,1,0.0
2025-02-02T09:17:00+00:00,2025-02-02T12:17:00+03:00,1045.0,54.5,58.5,,6.0,25.03999996185303,30.03500080108643,3.0,0.1,1,0.0
2025-02-02T09:18:00+00:00,2025-02-02T12:18:00+03:00,1052.0,55.5,61.5,,7.0,25.02000045776367,30.05499935150146,3.0,0.1,1,0.0
2025-02-02T09:19:00+00:00,2025-02-02T12:19:00+03:00,1055.5,52.0,55.5,,6.0,25.01500034332275,30.15999984741211,3.0,0.1,1,0.0
2025-02-02T09:20:00+00:00,2025-02-02T12:20:00+03:00,1059.0,53.5,57.5,,6.0,25.03500080108643,30.15999984741211,3.0,0.1,1,0.0
2025-02-02T09:21:00+00:00,2025-02-02T12:21:00+03:00,1064.0,47.5,50.5,,6.0,25.04500007629395,30.21499919891357,3.0,0.1,1,0.0
2025-02-02T09:22:00+00:00,2025-02-02T12:22:00+03:00,1065.5,50.5,56.5,,6.0,25.03999996185303,30.22999954223633,3.0,0.1,1,0.0
2025-02-02T09:23:00+00:00,2025-02-02T12:23:00+03:00,1069.0,49.5,50.0,,6.0,25.04000091552734,30.22999954223633,3.0,0.1,1,0.0
2025-02-02T09:24:00+00:00,2025-02-02T12:24:00+03:00,1073.5,47.5,53.0,,6.0,25.04999923706055,30.28499984741211,3.0,0.1,1,0.0
2025-02-02T09:25:00+00:00,2025-02-02T12:25:00+03:00,1078.5,48.0,50.0,,6.0,25.05499935150146,30.34000015258789,3.0,0.1,1,0.0
2025-02-02T09:26:00+00:00,2025-02-02T12:26:00+03:00,1081.5,44.0,50.5,,5.0,25.05000019073486,30.30499935150146,3.0,0.1,1,0.0
2025-02-02T09:27:00+00:00,2025-02-02T12:27:00+03:00,1082.5,47.5,49.5,,6.0,25.03999996185303,30.35500049591064,3.0,0.1,1,0.0
2025-02-02T09:28:00+00:00,2025-02-02T12:28:00+03:00,1085.0,46.0,49.5,,6.0,25.05499935150146,30.375,3.0,0.1,1,0.0
2025-02-02T09:29:00+00:00,2025-02-02T12:29:00+03:00,1087.0,49.5,50.0,,6.0,25.04500007629395,30.52999973297119,3.0,0.1,1,0.0
2025-02-02T09:30:00+00:00,2025-02-02T12:30:00+03:00,1089.5,42.5,46.0,,5.0,25.05999946594238,30.4350004196167,3.0,0.1,1,0.0
2025-02-02T09:31:00+00:00,2025-02-02T12:31:00+03:00,1090.5,44.0,48.0,,5.0,25.0649995803833,30.45999908447266,3.0,0.1,1,0.0
2025-02-02T09:32:00+00:00,2025-02-02T12:32:00+03:00,1096.0,42.5,45.5,,5.0,25.09500026702881,30.49499988555908,3.0,0.1,1,0.0
2025-02-02T09:33:00+00:00,2025-02-02T12:33:00+03:00,1097.5,43.5,49.5,,5.0,25.07499980926514,30.56500053405762,3.0,0.1,1,0.0
2025-02-02T09:34:00+00:00,2025-02-02T12:34:00+03:00,1106.0,44.0,45.0,,5.0,25.05999946594238,30.60000038146973,3.0,0.1,1,0.0
2025-02-02T09:35:00+00:00,2025-02-02T12:35:00+03:00,1110.0,44.0,45.5,,5.0,25.06999969482422,30.625,3.0,0.1,1,0.0
2025-02-02T09:36:00+00:00,2025-02-02T12:36:00+03:00,1116.5,41.5,44.0,,5.0,25.06999969482422,30.63499927520752,3.0,0.1,1,0.0
2025-02-02T09:37:00+00:00,2025-02-02T12:37:00+03:00,1116.0,42.5,44.0,,5.0,25.05999946594238,30.77500057220459,3.0,0.1,1,0.0
2025-02-02T09:38:00+00:00,2025-02-02T12:38:00+03:00,1118.0,42.0,43.5,,5.0,25.0649995803833,30.875,3.0,0.1,1,0.0
2025-02-02T09:39:00+00:00,2025-02-02T12:39:00+03:00,1124.0,40.0,44.5,,5.0,25.07499980926514,30.8100004196167,3.0,0.1,1,0.0
2025-02-02T09:40:00+00:00,2025-02-02T12:40:00+03:00,1131.0,39.5,42.0,,5.0,25.07999992370605,30.82499980926514,3.0,0.1,1,0.0
2025-02-02T09:41:00+00:00,2025-02-02T12:41:00+03:00,1126.5,39.0,41.5,,5.0,25.08500003814697,30.71500015258789,3.0,0.1,1,0.0
2025-02-02T09:42:00+00:00,2025-02-02T12:42:00+03:00,1125.0,39.0,43.0,,5.0,25.10000038146973,30.75,3.0,0.1,1,0.0
2025-02-02T09:43:00+00:00,2025-02-02T12:43:00+03:00,1128.333333333333,48.0,50.33333333333334,,6.0,25.09000015258789,30.72999954223633,3.0,0.1,1,0.0
2025-02-02T09:44:00+00:00,2025-02-02T12:44:00+03:00,1128.0,53.0,61.0,,6.0,25.10000038146973,30.70999908447266,3.0,0.1,1,0.0
2025-02-02T09:45:00+00:00,2025-02-02T12:45:00+03:00,1125.0,59.0,65.33333333333333,,7.0,25.08666674296061,30.72333272298177,3.0,0.1,1,0.0
2025-02-02T09:46:00+00:00,2025-02-02T12:46:00+03:00,1128.0,71.0,77.5,,8.0,25.10500049591064,30.73499965667725,3.0,0.1,1,0.0
2025-02-02T09:47:00+00:00,2025-02-02T12:47:00+03:00,1127.5,72.0,75.0,,8.0,25.08500003814697,30.69499969482422,3.0,0.1,1,0.0
2025-02-02T09:48:00+00:00,2025-02-02T12:48:00+03:00,1129.0,69.0,70.0,,8.0,25.10000038146973,30.67000007629395,3.0,0.1,1,0.0
2025-02-02T09:49:00+00:00,2025-02-02T12:49:00+03:00,1129.0,69.33333333333333,72.33333333333333,,8.0,25.09333356221517,30.65999984741211,3.0,0.1,1,0.0
2025-02-02T09:50:00+00:00,2025-02-02T12:50:00+03:00,1128.0,65.5,69.5,,8.0,25.10000038146973,30.6850004196167,3.0,0.1,1,0.0
2025-02-02T09:51:00+00:00,2025-02-02T12:51:00+03:00,1128.0,65.0,68.5,,8.0,25.09000015258789,30.72999954223633,3.0,0.1,1,0.0
2025-02-02T09:52:00+00:00,2025-02-02T12:52:00+03:00,1130.0,61.0,61.0,,7.0,25.09000015258789,30.77000045776367,3.0,0.1,1,0.0
2025-02-02T09:53:00+00:00,2025-02-02T12:53:00+03:00,1131.666666666667,64.33333333333333,67.66666666666667,,7.0,25.09666697184245,30.77000045776367,3.0,0.1,1,0.0
2025-02-02T09:54:00+00:00,2025-02-02T12:54:00+03:00,1134.0,55.0,59.0,,7.0,25.10000038146973,30.76000022888184,3.0,0.1,1,0.0
2025-02-02T09:55:00+00:00,2025-02-02T12:55:00+03:00,1134.333333333333,58.0,62.0,,7.0,25.09333356221517,30.70999972025554,3.0,0.1,1,0.0
2025-02-02T09:56:00+00:00,2025-02-02T12:56:00+03:00,1134.5,51.0,55.0,,6.0,25.09500026702881,30.8100004196167,3.0,0.1,1,0.0
2025-02-02T09:57:00+00:00,2025-02-02T12:57:00+03:00,1140.0,56.5,61.5,,7.0,25.08500003814697,30.82499980926514,3.0,0.1,1,0.0
2025-02-02T09:58:00+00:00,2025-02-02T12:58:00+03:00,1143.5,52.0,54.0,,6.0,25.07999992370605,30.80499935150146,3.0,0.1,1,0.0
2025-02-02T09:59:00+00:00,2025-02-02T12:59:00+03:00,1148.0,54.5,58.0,,6.0,25.08500003814697,30.92000007629395,3.0,0.1,1,0.0
2025-02-02T10:00:00+00:00,2025-02-02T13:00:00+03:00,1149.0,47.5,53.0,,6.0,25.0649995803833,30.85000038146973,3.0,0.1,1,0.0
2025-02-02T10:01:00+00:00,2025-02-02T13:01:00+03:00,1149.0,50.0,53.0,,6.0,25.10000038146973,30.88999938964844,3.0,0.1,1,0.0
2025-02-02T10:02:00+00:00,2025-02-02T13:02:00+03:00,1148.666666666667,47.0,51.66666666666666,,6.0,25.10000038146973,30.85999997456868,3.0,0.1,1,0.0
2025-02-02T10:03:00+00:00,2025-02-02T13:03:00+03:00,1154.5,44.0,46.5,,5.0,25.09500026702881,30.92000007629395,3.0,0.1,1,0.0
2025-02-02T10:04:00+00:00,2025-02-02T13:04:00+03:00,1158.5,44.5,53.0,,5.0,25.10500049591064,30.8700008392334,3.0,0.1,1,0.0
2025-02-02T10:05:00+00:00,2025-02-02T13:05:00+03:00,1160.0,46.0,48.5,,6.0,25.10500049591064,30.95000076293945,3.0,0.1,1,0.0
2025-02-02T10:06:00+00:00,2025-02-02T13:06:00+03:00,1163.0,43.5,48.5,,5.0,25.10000038146973,30.84999942779541,3.0,0.1,1,0.0
2025-02-02T10:07:00+00:00,2025-02-02T13:07:00+03:00,1161.0,39.0,42.0,,5.0,25.07999992370605,30.86000061035156,3.0,0.1,1,0.0
2025-02-02T10:08:00+00:00,2025-02-02T13:08:00+03:00,1159.0,44.33333333333334,52.0,,5.0,25.08666674296061,30.8233331044515,3.0,0.1,1,0.0
2025-02-02T10:09:00+00:00,2025-02-02T13:09:00+03:00,1159.0,50.0,53.0,,6.0,25.09000015258789,30.90999984741211,3.0,0.1,1,0.0
2025-02-02T10:10:00+00:00,2025-02-02T13:10:00+03:00,1162.666666666667,46.33333333333334,50.66666666666666,,6.0,25.10000038146973,30.97666613260905,3.0,0.1,1,0.0
2025-02-02T10:11:00+00:00,2025-02-02T13:11:00+03:00,1171.0,40.0,43.0,,5.0,25.11000061035156,30.96999931335449,3.0,0.1,1,0.0
2025-02-02T10:12:00+00:00,2025-02-02T13:12:00+03:00,1172.666666666667,42.66666666666666,47.66666666666666,,5.0,25.10666720072429,30.98000017801921,3.0,0.1,1,0.0
2025-02-02T10:13:00+00:00,2025-02-02T13:13:00+03:00,1179.0,43.0,47.0,,5.0,25.04999923706055,30.90999984741211,3.0,0.1,1,0.0
2025-02-02T10:14:00+00:00,2025-02-02T13:14:00+03:00,1177.666666666667,44.0,47.0,,5.0,25.0533332824707,30.89999961853027,3.0,0.1,1,0.0
2025-02-02T10:15:00+00:00,2025-02-02T13:15:00+03:00,1178.5,40.0,43.0,,5.0,25.02500057220459,30.85500049591064,3.0,0.1,1,0.0
2025-02-02T10:16:00+00:00,2025-02-02T13:16:00+03:00,1177.5,40.0,45.5,,5.0,25.02000045776367,30.85499954223633,3.0,0.1,1,0.0
2025-02-02T10:17:00+00:00,2025-02-02T13:17:00+03:00,1176.5,36.5,41.5,,5.0,25.01000022888184,30.85500049591064,3.0,0.1,1,0.0
2025-02-02T10:18:00+00:00,2025-02-02T13:18:00+03:00,1179.0,38.0,43.0,,5.0,25.00500011444092,30.82499980926514,3.0,0.1,1,0.0
2025-02-02T10:19:00+00:00,2025-02-02T13:19:00+03:00,1179.5,38.5,43.5,,5.0,25.0,30.84500026702881,3.0,0.1,1,0.0
2025-02-02T10:20:00+00:00,2025-02-02T13:20:00+03:00,1180.0,35.0,39.0,,5.0,25.0,30.78000068664551,3.0,0.1,1,0.0
2025-02-02T10:21:00+00:00,2025-02-02T13:21:00+03:00,1180.0,36.5,38.0,,5.0,24.98999977111816,30.72999954223633,3.0,0.1,1,0.0
2025-02-02T10:22:00+00:00,2025-02-02T13:22:00+03:00,1180.0,32.0,35.0,,5.0,25.0,30.70000076293945,3.0,0.1,1,0.0
2025-02-02T10:23:00+00:00,2025-02-02T13:23:00+03:00,1178.0,34.33333333333334,36.33333333333334,,5.0,24.98666636149089,30.64333279927571,3.0,0.1,1,0.0
2025-02-02T10:24:00+00:00,2025-02-02T13:24:00+03:00,1169.0,33.5,36.5,,5.0,24.97499942779541,30.65999984741211,3.0,0.1,1,0.0
2025-02-02T10:25:00+00:00,2025-02-02T13:25:00+03:00,1171.0,35.0,39.0,,5.0,24.96999931335449,30.69000053405762,3.0,0.1,1,0.0
2025-02-02T10:26:00+00:00,2025-02-02T13:26:00+03:00,1173.5,31.5,33.0,,5.0,24.96499919891357,30.64999961853027,3.0,0.1,1,0.0
2025-02-02T10:27:00+00:00,2025-02-02T13:27:00+03:00,1176.333333333333,32.33333333333334,36.0,,5.0,25.0,30.69000053405762,3.0,0.1,1,0.0
2025-02-02T10:28:00+00:00,2025-02-02T13:28:00+03:00,1178.0,29.0,32.5,,5.0,24.97999954223633,30.60000038146973,3.0,0.1,1,0.0
2025-02-02T10:29:00+00:00,2025-02-02T13:29:00+03:00,1174.0,32.5,36.5,,5.0,24.97999954223633,30.60000038146973,3.0,0.1,1,0.0
2025-02-02T10:30:00+00:00,2025-02-02T13:30:00+03:00,1174.0,33.5,36.0,,5.0,24.98499965667725,30.60500049591064,3.0,0.1,1,0.0
2025-02-02T10:31:00+00:00,2025-02-02T13:31:00+03:00,1174.5,30.5,33.5,,5.0,24.99499988555908,30.61500072479248,3.0,0.1,1,0.0
2025-02-02T10:32:00+00:00,2025-02-02T13:32:00+03:00,1174.5,31.0,34.0,,5.0,24.98499965667725,30.625,3.0,0.1,1,0.0
2025-02-02T10:33:00+00:00,2025-02-02T13:33:00+03:00,1175.0,33.0,34.0,,5.0,24.98999977111816,30.6200008392334,3.0,0.1,1,0.0
2025-02-02T10:34:00+00:00,2025-02-02T13:34:00+03:00,1178.333333333333,31.66666666666667,33.0,,5.0,24.97666613260905,30.61333338419596,3.0,0.1,1,0.0
2025-02-02T10:35:00+00:00,2025-02-02T13:35:00+03:00,1176.0,30.0,32.0,,5.0,24.99499988555908,30.64500045776367,3.0,0.1,1,0.0
2025-02-02T10:36:00+00:00,2025-02-02T13:36:00+03:00,1176.0,30.0,32.0,,5.0,24.98999977111816,30.69999980926514,3.0,0.1,1,0.0
2025-02-02T10:37:00+00:00,2025-02-02T13:37:00+03:00,1181.5,26.0,28.0,,5.0,24.97499942779541,30.77000045776367,3.0,0.1,1,0.0
2025-02-02T10:38:00+00:00,2025-02-02T13:38:00+03:00,1186.5,27.0,31.0,,5.0,24.98999977111816,30.73499965667725,3.0,0.1,1,0.0
2025-02-02T10:39:00+00:00,2025-02-02T13:39:00+03:00,1188.0,28.5,32.0,,5.0,24.99499988555908,30.78500080108643,3.0,0.1,1,0.0
2025-02-02T10:40:00+00:00,2025-02-02T13:40:00+03:00,1184.0,28.0,29.0,,5.0,25.00500011444092,30.76500034332275,3.0,0.1,1,0.0
2025-02-02T10:41:00+00:00,2025-02-02T13:41:00+03:00,1187.0,26.0,27.0,,5.0,25.00500011444092,30.80500030517578,3.0,0.1,1,0.0
2025-02-02T10:42:00+00:00,2025-02-02T13:42:00+03:00,1189.0,26.5,29.5,,5.0,25.03500080108643,30.78500080108643,3.0,0.1,1,0.0
2025-02-02T10:43:00+00:00,2025-02-02T13:43:00+03:00,1190.5,25.0,26.5,,5.0,25.00500011444092,30.77499961853027,3.0,0.1,1,0.0
2025-02-02T10:44:00+00:00,2025-02-02T13:44:00+03:00,1189.0,26.0,28.5,,5.0,25.02500057220459,30.74499988555908,3.0,0.1,1,0.0
2025-02-02T10:45:00+00:00,2025-02-02T13:45:00+03:00,1189.0,25.0,27.0,,5.0,25.04999923706055,30.76000022888184,3.0,0.1,1,0.0
2025-02-02T10:46:00+00:00,2025-02-02T13:46:00+03:00,1191.0,24.0,26.33333333333333,,5.0,25.03666687011719,30.73000017801921,3.0,0.1,1,0.0
2025-02-02T10:47:00+00:00,2025-02-02T13:47:00+03:00,1190.5,21.5,25.0,,5.0,25.02500057220459,30.82499980926514,3.0,0.1,1,0.0
2025-02-02T10:48:00+00:00,2025-02-02T13:48:00+03:00,1192.0,26.5,29.0,,5.0,25.05999946594238,30.86499977111816,3.0,0.1,1,0.0
2025-02-02T10:49:00+00:00,2025-02-02T13:49:00+03:00,1194.0,24.0,26.5,,5.0,25.07999992370605,30.91499996185303,3.0,0.1,1,0.0
2025-02-02T10:50:00+00:00,2025-02-02T13:50:00+03:00,1198.0,24.5,29.0,,5.0,25.06999969482422,30.86999988555908,3.0,0.1,1,0.0
2025-02-02T10:51:00+00:00,2025-02-02T13:51:00+03:00,1198.5,22.5,25.5,,5.0,25.03999996185303,30.80999946594238,3.0,0.1,1,0.0
2025-02-02T10:52:00+00:00,2025-02-02T13:52:00+03:00,1196.0,22.0,24.0,,5.0,25.05499935150146,30.84000015258789,3.0,0.1,1,0.0
2025-02-02T10:53:00+00:00,2025-02-02T13:53:00+03:00,1191.0,22.0,22.5,,5.0,25.07499980926514,30.80500030517578,3.0,0.1,1,0.0
2025-02-02T10:54:00+00:00,2025-02-02T13:54:00+03:00,1197.0,23.5,23.5,,5.0,25.04999923706055,30.82500076293945,3.0,0.1,1,0.0
2025-02-02T10:55:00+00:00,2025-02-02T13:55:00+03:00,1186.0,20.0,20.5,,5.0,25.04000091552734,30.71999931335449,3.0,0.1,1,0.0
2025-02-02T10:56:00+00:00,2025-02-02T13:56:00+03:00,1199.0,19.5,22.0,,5.0,25.04500007629395,30.69999980926514,3.0,0.1,1,0.0
2025-02-02T10:57:00+00:00,2025-02-02T13:57:00+03:00,1190.0,22.5,23.5,,5.0,25.03499984741211,30.59500026702881,3.0,0.1,1,0.0
2025-02-02T10:58:00+00:00,2025-02-02T13:58:00+03:00,1191.5,21.0,23.5,,5.0,25.05500030517578,30.50500011444092,3.0,0.1,1,0.0
2025-02-02T10:59:00+00:00,2025-02-02T13:59:00+03:00,1186.0,21.0,23.0,,5.0,25.02000045776367,30.61499977111816,3.0,0.1,1,0.0
2025-02-02T11:00:00+00:00,2025-02-02T14:00:00+03:00,1178.5,17.5,19.5,,5.0,25.04000091552734,30.54500007629395,3.0,0.1,1,0.0
2025-02-02T11:01:00+00:00,2025-02-02T14:01:00+03:00,1177.5,22.5,24.0,,5.0,25.04500007629395,30.47499942779541,3.0,0.1,1,0.0
2025-02-02T11:02:00+00:00,2025-02-02T14:02:00+03:00,1178.5,19.5,21.5,,5.0,25.04999923706055,30.45499992370605,3.0,0.1,1,0.0
2025-02-02T11:03:00+00:00,2025-02-02T14:03:00+03:00,1173.0,18.5,19.0,,5.0,25.0649995803833,30.41499996185303,3.0,0.1,1,0.0
2025-02-02T11:04:00+00:00,2025-02-02T14:04:00+03:00,1174.0,18.5,18.5,,5.0,25.07499980926514,30.39500045776367,3.0,0.1,1,0.0
2025-02-02T11:05:00+00:00,2025-02-02T14:05:00+03:00,1174.0,19.0,19.0,,5.0,25.07999992370605,30.3700008392334,3.0,0.1,1,0.0
2025-02-02T11:06:00+00:00,2025-02-02T14:06:00+03:00,1173.333333333333,17.66666666666667,19.33333333333333,,5.0,25.04000091552734,30.35000038146973,3.0,0.1,1,0.0
2025-02-02T11:07:00+00:00,2025-02-02T14:07:00+03:00,1176.0,20.0,20.5,,5.0,25.04999923706055,30.34500026702881,3.0,0.1,1,0.0
2025-02-02T11:08:00+00:00,2025-02-02T14:08:00+03:00,1176.5,18.5,20.0,,5.0,25.06999969482422,30.38999938964844,3.0,0.1,1,0.0
2025-02-02T11:09:00+00:00,2025-02-02T14:09:00+03:00,1179.0,17.5,20.0,,5.0,25.07999992370605,30.42500019073486,3.0,0.1,1,0.0
2025-02-02T11:10:00+00:00,2025-02-02T14:10:00+03:00,1178.5,17.0,19.5,,5.0,25.05999946594238,30.48000049591064,3.0,0.1,1,0.0
2025-02-02T11:11:00+00:00,2025-02-02T14:11:00+03:00,1182.5,16.5,16.5,,5.0,25.07499980926514,30.70499992370605,3.0,0.1,1,0.0
2025-02-02T11:12:00+00:00,2025-02-02T14:12:00+03:00,1193.0,17.0,20.0,,5.0,25.05500030517578,30.61499977111816,3.0,0.1,1,0.0
2025-02-02T11:13:00+00:00,2025-02-02T14:13:00+03:00,1194.0,15.5,17.0,,5.0,25.04999923706055,30.56999969482422,3.0,0.1,1,0.0
2025-02-02T11:14:00+00:00,2025-02-02T14:14:00+03:00,1193.0,17.0,21.0,,5.0,25.07499980926514,30.55000019073486,3.0,0.1,1,0.0
2025-02-02T11:15:00+00:00,2025-02-02T14:15:00+03:00,1192.5,15.5,18.5,,5.0,25.08500003814697,30.54500007629395,3.0,0.1,1,0.0
2025-02-02T11:16:00+00:00,2025-02-02T14:16:00+03:00,1189.0,15.5,15.5,,5.0,25.05499935150146,30.51499938964844,3.0,0.1,1,0.0
2025-02-02T11:17:00+00:00,2025-02-02T14:17:00+03:00,1184.5,14.0,16.0,,5.0,25.05999946594238,30.42500019073486,3.0,0.1,1,0.0
2025-02-02T11:18:00+00:00,2025-02-02T14:18:00+03:00,1178.5,16.0,17.0,,5.0,25.0649995803833,30.34000015258789,3.0,0.1,1,0.0
2025-02-02T11:19:00+00:00,2025-02-02T14:19:00+03:00,1171.0,14.5,14.5,,5.0,25.06999969482422,30.26000022888184,3.0,0.1,1,0.0
2025-02-02T11:20:00+00:00,2025-02-02T14:20:00+03:00,1167.5,14.5,15.0,,5.0,25.05999946594238,30.26000022888184,3.0,0.1,1,0.0
2025-02-02T11:21:00+00:00,2025-02-02T14:21:00+03:00,1164.0,14.0,14.0,,5.0,25.04999923706055,30.28000068664551,3.0,0.1,1,0.0
2025-02-02T11:22:00+00:00,2025-02-02T14:22:00+03:00,1162.5,14.5,15.0,,5.0,25.06999969482422,30.21000003814697,3.0,0.1,1,0.0
2025-02-02T11:23:00+00:00,2025-02-02T14:23:00+03:00,1155.0,14.0,14.0,,5.0,25.08500003814697,30.17500019073486,3.0,0.1,1,0.0
2025-02-02T11:24:00+00:00,2025-02-02T14:24:00+03:00,1144.666666666667,13.33333333333333,15.66666666666667,,5.0,25.10999997456868,30.14333279927571,3.0,0.1,1,0.0
2025-02-02T11:25:00+00:00,2025-02-02T14:25:00+03:00,1143.0,14.0,15.0,,5.0,25.09000015258789,30.04000091552734,3.0,0.1,1,0.0
2025-02-02T11:26:00+00:00,2025-02-02T14:26:00+03:00,1146.0,15.0,17.5,,5.0,25.10500049591064,30.01000022888184,3.0,0.1,1,0.0
2025-02-02T11:27:00+00:00,2025-02-02T14:27:00+03:00,1143.666666666667,24.66666666666667,26.33333333333333,,5.0,25.10000038146973,30.03000068664551,3.0,0.1,1,0.0
2025-02-02T11:28:00+00:00,2025-02-02T14:28:00+03:00,1145.0,37.0,42.0,,5.0,25.10000038146973,30.04000091552734,3.0,0.1,1,0.0
2025-02-02T11:29:00+00:00,2025-02-02T14:29:00+03:00,1145.0,45.66666666666666,48.0,,6.0,25.1233336130778,30.05666669209798,3.0,0.1,1,0.0
2025-02-02T11:30:00+00:00,2025-02-02T14:30:00+03:00,1147.5,58.5,65.0,,7.0,25.125,30.08500003814697,3.0,0.1,1,0.0
2025-02-02T11:31:00+00:00,2025-02-02T14:31:00+03:00,1151.0,75.0,83.0,,9.0,25.1299991607666,30.17000007629395,3.0,0.1,1,0.0
2025-02-02T11:32:00+00:00,2025-02-02T14:32:00+03:00,1151.5,80.5,86.5,,9.0,25.11999988555908,30.27999973297119,3.0,0.1,1,0.0
2025-02-02T11:33:00+00:00,2025-02-02T14:33:00+03:00,1162.0,85.5,92.0,,9.0,25.15499973297119,30.46000003814697,3.0,0.1,1,0.0
2025-02-02T11:34:00+00:00,2025-02-02T14:34:00+03:00,1178.5,92.5,96.5,,9.0,25.1299991607666,30.40000057220459,3.0,0.1,1,0.0
2025-02-02T11:35:00+00:00,2025-02-02T14:35:00+03:00,1178.333333333333,107.3333333333333,116.3333333333333,,9.0,25.13999938964844,30.44333330790202,3.0,0.1,1,0.0
2025-02-02T11:36:00+00:00,2025-02-02T14:36:00+03:00,1181.5,121.0,133.0,,9.0,25.125,30.38500022888184,3.0,0.1,1,0.0
2025-02-02T11:37:00+00:00,2025-02-02T14:37:00+03:00,1181.0,126.0,139.0,,9.0,25.1299991607666,30.29999923706055,3.0,0.1,1,0.0
2025-02-02T11:38:00+00:00,2025-02-02T14:38:00+03:00,1177.0,114.5,121.0,,9.0,25.14499950408936,30.39500045776367,3.0,0.1,1,0.0
2025-02-02T11:39:00+00:00,2025-02-02T14:39:00+03:00,1196.666666666667,91.33333333333333,98.66666666666667,,9.0,25.15666643778483,31.35666592915853,3.0,0.1,1,0.0
2025-02-02T11:40:00+00:00,2025-02-02T14:40:00+03:00,1292.0,73.0,81.5,,8.0,25.20499992370605,32.54000091552734,3.0,0.1,1,0.0
2025-02-02T11:41:00+00:00,2025-02-02T14:41:00+03:00,1331.0,75.0,84.0,,9.0,25.19000053405762,32.83000183105469,3.0,0.1,1,0.0
2025-02-02T11:42:00+00:00,2025-02-02T14:42:00+03:00,1357.0,90.33333333333333,97.33333333333333,,9.0,25.20999908447266,33.10666783650716,3.0,0.1,1,0.0
2025-02-02T11:43:00+00:00,2025-02-02T14:43:00+03:00,1341.5,84.5,91.5,,9.0,25.17000007629395,32.85999870300293,3.0,0.1,1,0.0
2025-02-02T11:44:00+00:00,2025-02-02T14:44:00+03:00,1325.0,81.5,88.0,,9.0,25.16499996185303,33.05500030517578,3.0,0.1,1,0.0
2025-02-02T11:45:00+00:00,2025-02-02T14:45:00+03:00,1320.0,81.0,87.0,,9.0,25.1299991607666,33.4900016784668,3.0,0.1,1,0.0
2025-02-02T11:46:00+00:00,2025-02-02T14:46:00+03:00,1327.0,67.0,70.5,,8.0,25.04500007629395,34.31999969482422,3.0,0.1,1,0.0
2025-02-02T11:47:00+00:00,2025-02-02T14:47:00+03:00,1388.0,71.5,78.5,,8.0,25.00500011444092,34.3700008392334,3.0,0.1,1,0.0
2025-02-02T11:48:00+00:00,2025-02-02T14:48:00+03:00,1387.0,78.33333333333333,84.33333333333333,,9.0,24.98333295186361,34.13666788736979,3.0,0.1,1,0.0
2025-02-02T11:49:00+00:00,2025-02-02T14:49:00+03:00,1364.5,74.5,82.0,,8.0,24.98499965667725,33.93000030517578,3.0,0.1,1,0.0
2025-02-02T11:50:00+00:00,2025-02-02T14:50:00+03:00,1365.0,82.0,88.0,,9.0,24.96999931335449,33.68000030517578,3.0,0.1,1,0.0
2025-02-02T11:51:00+00:00,2025-02-02T14:51:00+03:00,1350.5,80.5,84.0,,9.0,24.96999931335449,33.68500137329102,3.0,0.1,1,0.0
2025-02-02T11:52:00+00:00,2025-02-02T14:52:00+03:00,1328.333333333333,79.0,86.66666666666667,,9.0,24.99666659037272,33.15333302815755,3.0,0.1,1,0.0
2025-02-02T11:53:00+00:00,2025-02-02T14:53:00+03:00,1304.5,77.0,82.5,,9.0,25.03500080108643,33.13999938964844,3.0,0.1,1,0.0
2025-02-02T11:54:00+00:00,2025-02-02T14:54:00+03:00,1298.0,66.0,69.0,,8.0,25.02000045776367,33.5099983215332,3.0,0.1,1,0.0
2025-02-02T11:55:00+00:00,2025-02-02T14:55:00+03:00,1300.333333333333,71.66666666666667,77.0,,8.0,25.02666727701823,33.26333363850912,3.0,0.1,1,0.0
2025-02-02T11:56:00+00:00,2025-02-02T14:56:00+03:00,1312.0,65.0,70.5,,8.0,25.00500011444092,33.60000038146973,3.0,0.1,1,0.0
2025-02-02T11:57:00+00:00,2025-02-02T14:57:00+03:00,1329.0,71.0,80.0,,8.0,24.98999977111816,33.20999908447266,3.0,0.1,1,0.0
2025-02-02T11:58:00+00:00,2025-02-02T14:58:00+03:00,1341.0,106.0,113.0,,9.0,25.01500034332275,33.63999938964844,3.0,0.1,1,0.0
2025-02-02T11:59:00+00:00,2025-02-02T14:59:00+03:00,1325.666666666667,112.6666666666667,128.0,,9.0,25.03000068664551,33.13000106811523,3.0,0.1,1,0.0
2025-02-02T12:00:00+00:00,2025-02-02T15:00:00+03:00,1314.0,108.0,115.0,,9.0,25.04000091552734,33.65000152587891,3.0,0.1,1,0.0
2025-02-02T12:01:00+00:00,2025-02-02T15:01:00+03:00,1319.5,105.0,112.5,,9.0,25.03000068664551,34.23000144958496,3.0,0.1,1,0.0
2025-02-02T12:02:00+00:00,2025-02-02T15:02:00+03:00,1362.0,110.6666666666667,118.3333333333333,,9.0,25.00333340962728,34.43999989827474,3.0,0.1,1,0.0
2025-02-02T12:03:00+00:00,2025-02-02T15:03:00+03:00,1375.0,135.0,147.0,,9.0,25.0,34.29000091552734,3.0,0.1,1,0.0
2025-02-02T12:04:00+00:00,2025-02-02T15:04:00+03:00,1371.0,117.5,127.5,,9.0,24.98999977111816,34.34499931335449,3.0,0.1,1,0.0
2025-02-02T12:05:00+00:00,2025-02-02T15:05:00+03:00,1391.666666666667,118.3333333333333,127.6666666666667,,9.0,24.99666659037272,34.46333312988281,3.0,0.1,1,0.0
2025-02-02T12:06:00+00:00,2025-02-02T15:06:00+03:00,1411.0,132.0,155.0,,9.0,24.97999954223633,34.34000015258789,3.0,0.1,1,0.0
2025-02-02T12:07:00+00:00,2025-02-02T15:07:00+03:00,1398.0,124.5,130.0,,9.0,24.96999931335449,34.27000045776367,3.0,0.1,1,0.0
2025-02-02T12:08:00+00:00,2025-02-02T15:08:00+03:00,1376.5,110.5,116.0,,9.0,24.98499965667725,34.45999908447266,3.0,0.1,1,0.0
2025-02-02T12:09:00+00:00,2025-02-02T15:09:00+03:00,1378.0,120.0,129.5,,9.0,24.99499988555908,34.15999984741211,3.0,0.1,1,0.0
2025-02-02T12:10:00+00:00,2025-02-02T15:10:00+03:00,1365.5,104.5,108.5,,9.0,24.95999908447266,34.42500114440918,3.0,0.1,1,0.0
2025-02-02T12:11:00+00:00,2025-02-02T15:11:00+03:00,1384.666666666667,103.6666666666667,109.3333333333333,,9.0,24.97333272298177,33.86666742960612,3.0,0.1,1,0.0
2025-02-02T12:12:00+00:00,2025-02-02T15:12:00+03:00,1364.0,102.0,117.0,,9.0,24.95999908447266,34.22000122070312,3.0,0.1,1,0.0
2025-02-02T12:13:00+00:00,2025-02-02T15:13:00+03:00,1355.5,91.5,97.5,,9.0,24.96500015258789,33.53499984741211,3.0,0.1,1,0.0
2025-02-02T12:14:00+00:00,2025-02-02T15:14:00+03:00,1356.5,92.0,98.0,,9.0,25.03500080108643,33.23499870300293,3.0,0.1,1,0.0
2025-02-02T12:15:00+00:00,2025-02-02T15:15:00+03:00,1393.666666666667,88.33333333333333,95.0,,9.0,25.06666628519694,33.63000106811523,3.0,0.1,1,0.0
2025-02-02T12:16:00+00:00,2025-02-02T15:16:00+03:00,1399.0,104.0,108.0,,9.0,25.04000091552734,31.03000068664551,3.0,0.1,1,0.0
2025-02-02T12:17:00+00:00,2025-02-02T15:17:00+03:00,1229.5,95.5,104.5,,9.0,25.04999923706055,30.64500045776367,3.0,0.1,1,0.0
2025-02-02T12:18:00+00:00,2025-02-02T15:18:00+03:00,1227.0,87.66666666666667,94.0,,9.0,25.06999969482422,31.51666641235352,3.0,0.1,1,0.0
2025-02-02T12:19:00+00:00,2025-02-02T15:19:00+03:00,1279.0,82.0,94.0,,9.0,25.13999938964844,32.27000045776367,3.0,0.1,1,0.0
2025-02-02T12:20:00+00:00,2025-02-02T15:20:00+03:00,1342.0,84.0,88.0,,9.0,25.15499973297119,33.11499977111816,3.0,0.1,1,0.0
2025-02-02T12:21:00+00:00,2025-02-02T15:21:00+03:00,1396.5,76.0,80.5,,9.0,25.15999984741211,33.89999961853027,3.0,0.1,1,0.0
2025-02-02T12:22:00+00:00,2025-02-02T15:22:00+03:00,1418.0,77.0,84.0,,9.0,25.11999988555908,34.08499908447266,3.0,0.1,1,0.0
2025-02-02T12:23:00+00:00,2025-02-02T15:23:00+03:00,1412.0,75.5,82.5,,9.0,25.10500049591064,34.39500045776367,3.0,0.1,1,0.0
2025-02-02T12:24:00+00:00,2025-02-02T15:24:00+03:00,1408.5,79.5,83.0,,9.0,25.06500053405762,34.56499862670898,3.0,0.1,1,0.0
2025-02-02T12:25:00+00:00,2025-02-02T15:25:00+03:00,1406.0,76.0,78.0,,9.0,25.04999923706055,34.625,3.0,0.1,1,0.0
2025-02-02T12:26:00+00:00,2025-02-02T15:26:00+03:00,1394.0,76.0,80.5,,9.0,25.03999996185303,34.36000061035156,3.0,0.1,1,0.0
2025-02-02T12:27:00+00:00,2025-02-02T15:27:00+03:00,1363.5,75.5,81.0,,9.0,25.07499980926514,34.11000061035156,3.0,0.1,1,0.0
2025-02-02T12:28:00+00:00,2025-02-02T15:28:00+03:00,1343.333333333333,73.66666666666667,78.33333333333333,,8.0,25.09000015258789,33.5533332824707,3.0,0.1,1,0.0
2025-02-02T12:29:00+00:00,2025-02-02T15:29:00+03:00,1335.0,73.0,77.0,,8.0,25.04999923706055,34.18999862670898,3.0,0.1,1,0.0
2025-02-02T12:30:00+00:00,2025-02-02T15:30:00+03:00,1336.0,74.5,79.0,,8.0,25.04500007629395,33.63500022888184,3.0,0.1,1,0.0
2025-02-02T12:31:00+00:00,2025-02-02T15:31:00+03:00,1337.333333333333,71.0,81.66666666666667,,8.0,25.01000022888184,34.37666702270508,3.0,0.1,1,0.0
2025-02-02T12:32:00+00:00,2025-02-02T15:32:00+03:00,1350.0,67.0,71.0,,8.0,25.03000068664551,33.06999969482422,3.0,0.1,1,0.0
2025-02-02T12:33:00+00:00,2025-02-02T15:33:00+03:00,1341.5,67.0,74.5,,8.0,25.05999946594238,32.49499893188477,3.0,0.1,1,0.0
2025-02-02T12:34:00+00:00,2025-02-02T15:34:00+03:00,1329.5,68.0,72.5,,8.0,25.05999946594238,31.83499908447266,3.0,0.1,1,0.0
2025-02-02T12:35:00+00:00,2025-02-02T15:35:00+03:00,1313.5,65.0,68.5,,8.0,25.08500003814697,31.67500019073486,3.0,0.1,1,0.0
2025-02-02T12:36:00+00:00,2025-02-02T15:36:00+03:00,1304.0,65.5,68.0,,8.0,25.10500049591064,31.50999927520752,3.0,0.1,1,0.0
2025-02-02T12:37:00+00:00,2025-02-02T15:37:00+03:00,1297.0,63.5,69.0,,7.0,25.10500049591064,31.20499992370605,3.0,0.1,1,0.0
2025-02-02T12:38:00+00:00,2025-02-02T15:38:00+03:00,1282.0,64.0,70.0,,7.0,25.10000038146973,31.02999973297119,3.0,0.1,1,0.0
2025-02-02T12:39:00+00:00,2025-02-02T15:39:00+03:00,1274.5,61.0,65.5,,7.0,25.1299991607666,31.16499996185303,3.0,0.1,1,0.0
2025-02-02T12:40:00+00:00,2025-02-02T15:40:00+03:00,1269.0,57.5,62.0,,7.0,25.13999938964844,31.19000053405762,3.0,0.1,1,0.0
2025-02-02T12:41:00+00:00,2025-02-02T15:41:00+03:00,1264.666666666667,56.0,61.0,,7.0,25.13999938964844,31.21999994913737,3.0,0.1,1,0.0
2025-02-02T12:42:00+00:00,2025-02-02T15:42:00+03:00,1266.0,55.0,59.0,,7.0,25.15999984741211,31.25,3.0,0.1,1,0.0
2025-02-02T12:43:00+00:00,2025-02-02T15:43:00+03:00,1269.5,59.0,60.5,,7.0,25.15999984741211,30.96000003814697,3.0,0.1,1,0.0
2025-02-02T12:44:00+00:00,2025-02-02T15:44:00+03:00,1267.5,54.5,58.5,,6.0,25.15999984741211,30.71000003814697,3.0,0.1,1,0.0
2025-02-02T12:45:00+00:00,2025-02-02T15:45:00+03:00,1256.5,58.0,60.0,,7.0,25.16499996185303,30.68000030517578,3.0,0.1,1,0.0
2025-02-02T12:46:00+00:00,2025-02-02T15:46:00+03:00,1253.0,52.0,55.5,,6.0,25.14499950408936,30.5,3.0,0.1,1,0.0
2025-02-02T12:47:00+00:00,2025-02-02T15:47:00+03:00,1242.5,52.5,57.0,,6.0,25.13999938964844,30.41499996185303,3.0,0.1,1,0.0
2025-02-02T12:48:00+00:00,2025-02-02T15:48:00+03:00,1234.333333333333,50.66666666666666,51.33333333333334,,6.0,25.13999938964844,30.39333279927571,3.0,0.1,1,0.0
2025-02-02T12:49:00+00:00,2025-02-02T15:49:00+03:00,1235.0,49.0,53.0,,6.0,25.14999961853027,30.38999938964844,3.0,0.1,1,0.0
2025-02-02T12:50:00+00:00,2025-02-02T15:50:00+03:00,1237.5,53.5,58.0,,6.0,25.15999984741211,30.73500061035156,3.0,0.1,1,0.0
2025-02-02T12:51:00+00:00,2025-02-02T15:51:00+03:00,1239.0,48.5,50.0,,6.0,25.13999938964844,30.53499984741211,3.0,0.1,1,0.0
2025-02-02T12:52:00+00:00,2025-02-02T15:52:00+03:00,1240.0,47.5,50.5,,6.0,25.13499927520752,30.34500026702881,3.0,0.1,1,0.0
2025-02-02T12:53:00+00:00,2025-02-02T15:53:00+03:00,1238.0,48.0,54.0,,6.0,25.13999938964844,30.26500034332275,3.0,0.1,1,0.0
2025-02-02T12:54:00+00:00,2025-02-02T15:54:00+03:00,1234.0,43.66666666666666,46.66666666666666,,5.0,25.13999938964844,30.25333340962728,3.0,0.1,1,0.0
2025-02-02T12:55:00+00:00,2025-02-02T15:55:00+03:00,1229.0,46.0,49.0,,6.0,25.13999938964844,30.3700008392334,3.0,0.1,1,0.0
2025-02-02T12:56:00+00:00,2025-02-02T15:56:00+03:00,1233.0,44.5,50.0,,5.0,25.125,30.38000011444092,3.0,0.1,1,0.0
2025-02-02T12:57:00+00:00,2025-02-02T15:57:00+03:00,1236.5,44.5,49.5,,5.0,25.1299991607666,30.28499984741211,3.0,0.1,1,0.0
2025-02-02T12:58:00+00:00,2025-02-02T15:58:00+03:00,1227.0,43.5,48.5,,5.0,25.11500072479248,30.21500015258789,3.0,0.1,1,0.0
2025-02-02T12:59:00+00:00,2025-02-02T15:59:00+03:00,1221.5,46.0,48.5,,6.0,25.11500072479248,30.17999935150146,3.0,0.1,1,0.0
2025-02-02T13:00:00+00:00,2025-02-02T16:00:00+03:00,1220.5,42.5,48.0,,5.0,25.125,30.08500003814697,3.0,0.1,1,0.0
2025-02-02T13:01:00+00:00,2025-02-02T16:01:00+03:00,1220.0,58.5,65.0,,7.0,25.11500072479248,30.03500080108643,2.0,1.0,1,0.0
2025-02-02T13:02:00+00:00,2025-02-02T16:02:00+03:00,1212.0,74.5,79.0,,8.0,25.11999988555908,29.98499965667725,2.0,0.1,1,0.0
2025-02-02T13:03:00+00:00,2025-02-02T16:03:00+03:00,1205.0,102.0,111.5,,9.0,25.10999965667725,29.90000057220459,2.0,1.0,1,0.0
2025-02-02T13:04:00+00:00,2025-02-02T16:04:00+03:00,1208.5,86.5,93.0,,9.0,25.10000038146973,30.68499946594238,2.0,0.0,1,0.0
2025-02-02T13:05:00+00:00,2025-02-02T16:05:00+03:00,1274.0,80.5,88.0,,9.0,25.11500072479248,32.82499885559082,2.0,0.0,1,0.0
2025-02-02T13:06:00+00:00,2025-02-02T16:06:00+03:00,1362.5,60.0,65.0,,7.0,25.0649995803833,34.33500099182129,2.0,0.0,1,0.0
2025-02-02T13:07:00+00:00,2025-02-02T16:07:00+03:00,1490.5,63.0,69.0,,7.0,25.02999973297119,34.75500106811523,2.0,0.0,1,0.0
2025-02-02T13:08:00+00:00,2025-02-02T16:08:00+03:00,1534.5,65.5,71.5,,8.0,25.02500057220459,35.0,2.0,0.0,1,0.0
2025-02-02T13:09:00+00:00,2025-02-02T16:09:00+03:00,1533.5,65.5,67.0,,8.0,25.00500011444092,35.28999900817871,2.0,0.0,1,0.0
2025-02-02T13:10:00+00:00,2025-02-02T16:10:00+03:00,1560.0,61.5,64.5,,7.0,24.96999931335449,35.47500038146973,2.0,0.0,1,0.0
2025-02-02T13:11:00+00:00,2025-02-02T16:11:00+03:00,1584.5,60.0,64.0,,7.0,24.9350004196167,35.61499977111816,2.0,0.0,1,0.0
2025-02-02T13:12:00+00:00,2025-02-02T16:12:00+03:00,1608.0,55.5,59.5,,7.0,24.92000007629395,35.82999992370605,2.0,0.0,1,0.0
2025-02-02T13:13:00+00:00,2025-02-02T16:13:00+03:00,1636.5,54.5,58.0,,7.0,24.85500049591064,35.94000053405762,2.0,0.0,1,0.0
2025-02-02T13:14:00+00:00,2025-02-02T16:14:00+03:00,1651.0,53.0,60.0,,7.0,24.84000015258789,36.06999969482422,2.0,0.0,1,0.0
2025-02-02T13:15:00+00:00,2025-02-02T16:15:00+03:00,1665.0,55.33333333333334,58.33333333333334,,7.0,24.8033332824707,36.33333333333334,2.0,0.0,1,0.0
2025-02-02T13:16:00+00:00,2025-02-02T16:16:00+03:00,1679.0,53.0,57.0,,7.0,24.77000045776367,36.41999816894531,2.0,0.0,1,0.0
2025-02-02T13:17:00+00:00,2025-02-02T16:17:00+03:00,1684.0,50.5,54.5,,7.0,24.77500057220459,36.46500015258789,2.0,0.0,1,0.0
2025-02-02T13:18:00+00:00,2025-02-02T16:18:00+03:00,1694.0,56.5,60.0,,7.0,24.77000045776367,36.76499938964844,2.0,0.0,1,0.0
2025-02-02T13:19:00+00:00,2025-02-02T16:19:00+03:00,1715.5,51.5,55.0,,7.0,24.74499988555908,36.86000061035156,2.0,1.0,1,0.0
2025-02-02T13:20:00+00:00,2025-02-02T16:20:00+03:00,1731.5,54.0,57.5,,7.0,24.75500011444092,36.94500160217285,2.0,1.0,1,0.0
2025-02-02T13:21:00+00:00,2025-02-02T16:21:00+03:00,1554.0,63.0,69.5,,7.0,24.65999984741211,30.09000015258789,2.0,1.0,1,0.0
2025-02-02T13:22:00+00:00,2025-02-02T16:22:00+03:00,1010.5,69.0,79.0,,8.0,24.59000015258789,25.15999984741211,2.0,1.0,1,0.0
2025-02-02T13:23:00+00:00,2025-02-02T16:23:00+03:00,711.5,67.0,71.0,,8.0,24.51999950408936,23.94499969482422,2.0,1.0,1,0.0
2025-02-02T13:24:00+00:00,2025-02-02T16:24:00+03:00,656.5,63.0,68.5,,7.0,24.35499954223633,23.39500045776367,2.0,1.0,1,0.0
2025-02-02T13:25:00+00:00,2025-02-02T16:25:00+03:00,635.5,56.5,62.0,,7.0,24.3100004196167,22.89999961853027,2.0,1.0,1,0.0
2025-02-02T13:26:00+00:00,2025-02-02T16:26:00+03:00,629.0,55.5,59.0,,7.0,24.22499942779541,22.69999980926514,1.0,1.0,1,0.0
2025-02-02T13:27:00+00:00,2025-02-02T16:27:00+03:00,634.5,54.5,56.0,,6.0,24.15999984741211,22.86999988555908,2.0,1.0,1,0.0
2025-02-02T13:28:00+00:00,2025-02-02T16:28:00+03:00,651.0,54.0,59.0,,6.0,24.15999984741211,23.03999996185303,1.0,1.0,1,0.0
2025-02-02T13:29:00+00:00,2025-02-02T16:29:00+03:00,672.0,53.5,57.0,,6.0,24.19500064849854,23.56999969482422,2.0,0.0,1,0.0
2025-02-02T13:30:00+00:00,2025-02-02T16:30:00+03:00,696.5,47.5,52.0,,6.0,24.21000003814697,24.21500015258789,2.0,0.0,1,0.0
2025-02-02T13:31:00+00:00,2025-02-02T16:31:00+03:00,732.0,49.5,54.0,,6.0,24.32499980926514,24.85999965667725,2.0,0.0,1,0.0
2025-02-02T13:32:00+00:00,2025-02-02T16:32:00+03:00,761.5,48.5,51.0,,6.0,24.40999984741211,25.14000034332275,2.0,0.0,1,0.0
2025-02-02T13:33:00+00:00,2025-02-02T16:33:00+03:00,783.0,52.5,55.5,,6.0,24.5,25.47499942779541,2.0,0.0,1,0.0
2025-02-02T13:34:00+00:00,2025-02-02T16:34:00+03:00,805.0,51.0,55.0,,6.0,24.55499935150146,26.09500026702881,2.0,0.0,1,0.0
2025-02-02T13:35:00+00:00,2025-02-02T16:35:00+03:00,825.0,53.0,54.5,,6.0,24.6200008392334,26.65500068664551,1.0,1.0,1,0.0
2025-02-02T13:36:00+00:00,2025-02-02T16:36:00+03:00,848.5,51.0,54.0,,6.0,24.63999938964844,27.48000049591064,1.0,0.1,1,0.0
2025-02-02T13:37:00+00:00,2025-02-02T16:37:00+03:00,868.5,49.0,52.0,,6.0,24.6200008392334,27.65000057220459,1.0,0.1,1,0.0
2025-02-02T13:38:00+00:00,2025-02-02T16:38:00+03:00,880.0,51.0,57.5,,6.0,24.64999961853027,27.84500026702881,1.0,0.1,1,0.0
2025-02-02T13:39:00+00:00,2025-02-02T16:39:00+03:00,902.0,48.0,50.5,,6.0,24.63999938964844,27.98500061035156,1.0,0.1,1,0.0
2025-02-02T13:40:00+00:00,2025-02-02T16:40:00+03:00,904.5,45.5,49.5,,6.0,24.59500026702881,28.15499973297119,1.0,0.1,1,0.0
2025-02-02T13:41:00+00:00,2025-02-02T16:41:00+03:00,900.0,47.0,52.0,,6.0,24.54500007629395,28.15999984741211,1.0,0.1,1,0.0
2025-02-02T13:42:00+00:00,2025-02-02T16:42:00+03:00,898.0,46.5,52.0,,6.0,24.53000068664551,28.38500022888184,1.0,0.1,1,0.0
2025-02-02T13:43:00+00:00,2025-02-02T16:43:00+03:00,902.0,45.5,48.0,,6.0,24.51500034332275,28.53500080108643,1.0,0.1,1,0.0
2025-02-02T13:44:00+00:00,2025-02-02T16:44:00+03:00,904.0,47.0,51.0,,6.0,24.52500057220459,28.60499954223633,1.0,0.1,1,0.0
2025-02-02T13:45:00+00:00,2025-02-02T16:45:00+03:00,905.0,44.0,45.0,,5.0,24.49499988555908,28.76499938964844,1.0,0.5,1,0.0
2025-02-02T13:46:00+00:00,2025-02-02T16:46:00+03:00,911.0,42.5,44.0,,5.0,24.48499965667725,27.88000011444092,1.0,0.5,1,0.0
2025-02-02T13:47:00+00:00,2025-02-02T16:47:00+03:00,861.0,36.0,41.5,,5.0,24.52500057220459,25.125,1.0,0.5,1,0.0
2025-02-02T13:48:00+00:00,2025-02-02T16:48:00+03:00,782.5,32.5,36.0,,4.0,24.52500057220459,24.17000007629395,2.0,0.5,1,0.0
2025-02-02T13:49:00+00:00,2025-02-02T16:49:00+03:00,732.5,33.5,35.5,,4.0,24.49499988555908,24.01499938964844,2.0,0.3,1,0.0
2025-02-02T13:50:00+00:00,2025-02-02T16:50:00+03:00,720.5,32.0,33.0,,4.0,24.47499942779541,24.14499950408936,2.0,0.3,1,0.0
2025-02-02T13:51:00+00:00,2025-02-02T16:51:00+03:00,720.0,33.5,35.0,,4.0,24.50500011444092,24.11500072479248,2.0,0.3,1,0.0
2025-02-02T13:52:00+00:00,2025-02-02T16:52:00+03:00,723.5,35.0,36.0,,5.0,24.49499988555908,24.18000030517578,2.0,0.3,1,0.0
2025-02-02T13:53:00+00:00,2025-02-02T16:53:00+03:00,730.0,40.0,44.0,,5.0,24.48499965667725,24.52500057220459,2.0,0.3,1,0.0
2025-02-02T13:54:00+00:00,2025-02-02T16:54:00+03:00,737.0,44.0,50.0,,5.0,24.47999954223633,24.96000003814697,2.0,0.3,1,0.0
2025-02-02T13:55:00+00:00,2025-02-02T16:55:00+03:00,752.5,50.0,51.0,,6.0,24.48499965667725,25.38000011444092,2.0,0.0,1,0.0
2025-02-02T13:56:00+00:00,2025-02-02T16:56:00+03:00,765.5,50.0,54.5,,6.0,24.48999977111816,25.64000034332275,2.0,0.0,1,0.0
2025-02-02T13:57:00+00:00,2025-02-02T16:57:00+03:00,775.0,46.5,51.0,,6.0,24.46999931335449,25.77999973297119,2.0,0.0,1,0.0
2025-02-02T13:58:00+00:00,2025-02-02T16:58:00+03:00,778.0,48.0,52.0,,6.0,24.48499965667725,26.02499961853027,2.0,0.0,1,0.0
2025-02-02T13:59:00+00:00,2025-02-02T16:59:00+03:00,781.0,47.5,54.5,,6.0,24.53999996185303,26.1899995803833,2.0,0.0,1,0.0
2025-02-02T14:00:00+00:00,2025-02-02T17:00:00+03:00,790.0,43.5,47.0,,5.0,24.56999969482422,26.35499954223633,2.0,0.0,1,0.0
2025-02-02T14:01:00+00:00,2025-02-02T17:01:00+03:00,798.0,45.5,47.5,,6.0,24.60500049591064,26.46000003814697,2.0,0.0,1,0.0
2025-02-02T14:02:00+00:00,2025-02-02T17:02:00+03:00,810.0,44.5,48.5,,5.0,24.60999965667725,27.05500030517578,2.0,0.0,1,0.0
2025-02-02T14:03:00+00:00,2025-02-02T17:03:00+03:00,822.5,43.5,47.0,,5.0,24.64499950408936,27.51999950408936,2.0,0.0,1,0.0
2025-02-02T14:04:00+00:00,2025-02-02T17:04:00+03:00,840.5,46.5,51.0,,6.0,24.63999938964844,27.80000019073486,2.0,0.0,1,0.0
2025-02-02T14:05:00+00:00,2025-02-02T17:05:00+03:00,853.5,47.0,50.0,,6.0,24.64499950408936,28.07000064849854,2.0,0.0,1,0.0
2025-02-02T14:06:00+00:00,2025-02-02T17:06:00+03:00,858.5,45.5,50.5,,6.0,24.64999961853027,28.23000049591064,2.0,0.0,1,0.0
2025-02-02T14:07:00+00:00,2025-02-02T17:07:00+03:00,892.5,44.0,49.0,,5.0,24.60500049591064,28.4399995803833,2.0,0.0,1,0.0
2025-02-02T14:08:00+00:00,2025-02-02T17:08:00+03:00,896.5,50.0,53.5,,6.0,24.56999969482422,28.59500026702881,2.0,0.0,1,0.0
2025-02-02T14:09:00+00:00,2025-02-02T17:09:00+03:00,904.5,41.0,45.0,,5.0,24.53499984741211,28.77500057220459,2.0,0.0,1,0.0
2025-02-02T14:10:00+00:00,2025-02-02T17:10:00+03:00,920.5,40.0,45.0,,5.0,24.50500011444092,28.94499969482422,2.0,0.0,1,0.0
2025-02-02T14:11:00+00:00,2025-02-02T17:11:00+03:00,939.0,38.0,42.0,,5.0,24.46999931335449,29.10999965667725,1.0,1.0,1,0.0
2025-02-02T14:12:00+00:00,2025-02-02T17:12:00+03:00,950.0,42.5,44.0,,5.0,24.45999908447266,29.30500030517578,1.0,0.0,1,0.0
2025-02-02T14:13:00+00:00,2025-02-02T17:13:00+03:00,957.5,45.5,48.0,,6.0,24.46999931335449,29.41499996185303,1.0,0.0,1,0.0
2025-02-02T14:14:00+00:00,2025-02-02T17:14:00+03:00,962.5,57.5,61.5,,7.0,24.52500057220459,29.55000019073486,1.0,0.0,1,0.0
2025-02-02T14:15:00+00:00,2025-02-02T17:15:00+03:00,963.5,40.5,45.0,,5.0,24.50500011444092,29.67500019073486,1.0,0.0,1,0.0
2025-02-02T14:16:00+00:00,2025-02-02T17:16:00+03:00,982.5,44.5,49.0,,5.0,24.47499942779541,29.73999977111816,1.0,0.0,1,0.0
2025-02-02T14:17:00+00:00,2025-02-02T17:17:00+03:00,989.5,41.5,44.5,,5.0,24.46999931335449,29.86499977111816,2.0,1.0,1,0.0
2025-02-02T14:18:00+00:00,2025-02-02T17:18:00+03:00,994.5,68.5,75.0,,8.0,24.51500034332275,29.79500007629395,2.0,0.0,1,0.0
2025-02-02T14:19:00+00:00,2025-02-02T17:19:00+03:00,992.0,51.0,54.0,,6.0,24.54500007629395,29.93499946594238,2.0,0.0,1,0.0
2025-02-02T14:20:00+00:00,2025-02-02T17:20:00+03:00,998.0,44.5,47.5,,5.0,24.51500034332275,30.03999996185303,2.0,0.0,1,0.0
2025-02-02T14:21:00+00:00,2025-02-02T17:21:00+03:00,1013.5,46.0,52.0,,6.0,24.47499942779541,30.21000003814697,2.0,0.0,1,0.0
2025-02-02T14:22:00+00:00,2025-02-02T17:22:00+03:00,1031.0,46.0,51.0,,6.0,24.44500064849854,30.36999988555908,2.0,0.0,1,0.0
2025-02-02T14:23:00+00:00,2025-02-02T17:23:00+03:00,1050.0,48.0,52.0,,6.0,24.46499919891357,30.48000049591064,2.0,0.0,1,0.0
2025-02-02T14:24:00+00:00,2025-02-02T17:24:00+03:00,1057.5,47.0,51.5,,6.0,24.45999908447266,30.5600004196167,2.0,0.0,1,0.0
2025-02-02T14:25:00+00:00,2025-02-02T17:25:00+03:00,1067.0,50.0,54.0,,6.0,24.44999980926514,30.67000007629395,2.0,0.0,1,0.0
2025-02-02T14:26:00+00:00,2025-02-02T17:26:00+03:00,1071.5,45.5,49.5,,6.0,24.47499942779541,30.78999996185303,2.0,0.0,1,0.0
2025-02-02T14:27:00+00:00,2025-02-02T17:27:00+03:00,1082.0,49.5,52.5,,6.0,24.42500019073486,30.89000034332275,2.0,0.0,1,0.0
2025-02-02T14:28:00+00:00,2025-02-02T17:28:00+03:00,1091.0,46.5,52.5,,6.0,24.44499969482422,31.0,2.0,0.0,1,0.0
2025-02-02T14:29:00+00:00,2025-02-02T17:29:00+03:00,1106.0,49.0,54.5,,6.0,24.44499969482422,31.10499954223633,2.0,0.0,1,0.0
2025-02-02T14:30:00+00:00,2025-02-02T17:30:00+03:00,1116.0,52.5,54.5,,6.0,24.44499969482422,31.1850004196167,2.0,0.0,1,0.0
2025-02-02T14:31:00+00:00,2025-02-02T17:31:00+03:00,1127.5,54.0,56.5,,6.0,24.4350004196167,31.30000019073486,3.0,1.0,1,0.0
2025-02-02T14:32:00+00:00,2025-02-02T17:32:00+03:00,1133.5,69.0,74.0,,8.0,24.4399995803833,31.36499977111816,3.0,0.1,1,0.0
2025-02-02T14:33:00+00:00,2025-02-02T17:33:00+03:00,1130.0,87.5,96.0,,9.0,24.45999908447266,31.31500053405762,2.0,0.0,1,0.0
2025-02-02T14:34:00+00:00,2025-02-02T17:34:00+03:00,1123.0,97.5,103.5,,9.0,24.52499961853027,31.3149995803833,2.0,0.0,1,0.0
2025-02-02T14:35:00+00:00,2025-02-02T17:35:00+03:00,1124.0,69.5,73.0,,8.0,24.52000045776367,31.52000045776367,2.0,0.0,1,0.0
2025-02-02T14:36:00+00:00,2025-02-02T17:36:00+03:00,1147.0,81.0,88.0,,9.0,24.46999931335449,31.625,2.0,0.0,1,0.0
2025-02-02T14:37:00+00:00,2025-02-02T17:37:00+03:00,1164.0,106.0,111.0,,9.0,24.46499919891357,31.63500022888184,2.0,0.0,1,0.0
2025-02-02T14:38:00+00:00,2025-02-02T17:38:00+03:00,1156.5,95.5,100.5,,9.0,24.48999977111816,31.80500030517578,2.0,0.0,1,0.0
2025-02-02T14:39:00+00:00,2025-02-02T17:39:00+03:00,1156.5,120.5,131.0,,9.0,24.52499961853027,31.6899995803833,2.0,0.0,1,0.0
2025-02-02T14:40:00+00:00,2025-02-02T17:40:00+03:00,1141.5,110.0,117.0,,9.0,24.61499977111816,31.75500011444092,2.0,0.0,1,0.0
2025-02-02T14:41:00+00:00,2025-02-02T17:41:00+03:00,1154.5,83.5,87.0,,9.0,24.58500003814697,31.91999912261963,2.0,0.0,1,0.0
2025-02-02T14:42:00+00:00,2025-02-02T17:42:00+03:00,1188.5,110.0,118.5,,9.0,24.56999969482422,32.06999969482422,2.0,0.0,1,0.0
2025-02-02T14:43:00+00:00,2025-02-02T17:43:00+03:00,1208.0,94.0,102.0,,9.0,24.57999992370605,32.07999992370605,2.0,0.0,1,0.0
2025-02-02T14:44:00+00:00,2025-02-02T17:44:00+03:00,1221.5,105.5,114.5,,9.0,24.55499935150146,32.06999969482422,2.0,0.0,1,0.0
2025-02-02T14:45:00+00:00,2025-02-02T17:45:00+03:00,1226.0,119.0,131.0,,9.0,24.57499980926514,32.18000030517578,2.0,0.0,1,0.0
2025-02-02T14:46:00+00:00,2025-02-02T17:46:00+03:00,1226.0,100.0,108.5,,9.0,24.55999946594238,32.18499946594238,2.0,0.0,1,0.0
2025-02-02T14:47:00+00:00,2025-02-02T17:47:00+03:00,1227.5,101.5,110.5,,9.0,24.58500003814697,32.25,3.0,1.0,1,0.0
2025-02-02T14:48:00+00:00,2025-02-02T17:48:00+03:00,1237.0,102.0,110.5,,9.0,24.59500026702881,32.27499961853027,3.0,0.1,1,0.0
2025-02-02T14:49:00+00:00,2025-02-02T17:49:00+03:00,1249.0,118.0,129.5,,9.0,24.61999988555908,32.22999954223633,3.0,0.1,1,0.0
2025-02-02T14:50:00+00:00,2025-02-02T17:50:00+03:00,1230.5,105.0,108.5,,9.0,24.64999961853027,32.30999946594238,3.0,0.1,1,0.0
2025-02-02T14:51:00+00:00,2025-02-02T17:51:00+03:00,1235.5,123.5,130.0,,9.0,24.64000034332275,32.53000068664551,3.0,0.1,1,0.0
2025-02-02T14:52:00+00:00,2025-02-02T17:52:00+03:00,1249.0,131.5,142.0,,9.0,24.64499950408936,32.83499908447266,3.0,0.1,1,0.0
2025-02-02T14:53:00+00:00,2025-02-02T17:53:00+03:00,1236.5,139.5,150.5,,9.0,24.66499996185303,32.88500022888184,3.0,0.1,1,0.0
2025-02-02T14:54:00+00:00,2025-02-02T17:54:00+03:00,1220.5,129.5,142.5,,9.0,24.70499992370605,32.96000099182129,3.0,0.1,1,0.0
2025-02-02T14:55:00+00:00,2025-02-02T17:55:00+03:00,1226.5,121.5,134.0,,9.0,24.71499919891357,33.03999900817871,3.0,0.1,1,0.0
2025-02-02T14:56:00+00:00,2025-02-02T17:56:00+03:00,1244.5,126.0,134.0,,9.0,24.73999977111816,33.21999931335449,3.0,0.1,1,0.0
2025-02-02T14:57:00+00:00,2025-02-02T17:57:00+03:00,1254.5,126.5,133.0,,9.0,24.76000022888184,33.30999946594238,3.0,0.1,1,0.0
2025-02-02T14:58:00+00:00,2025-02-02T17:58:00+03:00,1265.0,124.5,136.0,,9.0,24.77500057220459,33.48999977111816,3.0,0.1,1,0.0
2025-02-02T14:59:00+00:00,2025-02-02T17:59:00+03:00,1296.0,115.0,124.5,,9.0,24.78000068664551,33.56000137329102,3.0,0.1,1,0.0
2025-02-02T15:00:00+00:00,2025-02-02T18:00:00+03:00,1324.0,118.5,131.0,,9.0,24.76000022888184,33.71500015258789,3.0,0.1,1,0.0
2025-02-02T15:01:00+00:00,2025-02-02T18:01:00+03:00,1336.0,127.0,140.0,,9.0,24.77000045776367,33.80500030517578,3.0,0.1,1,0.0
2025-02-02T15:02:00+00:00,2025-02-02T18:02:00+03:00,1333.0,119.5,128.5,,9.0,24.76000022888184,34.04500007629395,3.0,0.1,1,0.0
2025-02-02T15:03:00+00:00,2025-02-02T18:03:00+03:00,1356.0,131.0,139.0,,9.0,24.72499942779541,34.20499992370605,3.0,0.1,1,0.0
2025-02-02T15:04:00+00:00,2025-02-02T18:04:00+03:00,1367.0,132.0,140.5,,9.0,24.72500038146973,34.29500007629395,3.0,0.1,1,0.0
2025-02-02T15:05:00+00:00,2025-02-02T18:05:00+03:00,1363.0,142.5,160.0,,9.0,24.73999977111816,34.43499946594238,3.0,0.1,1,0.0
2025-02-02T15:06:00+00:00,2025-02-02T18:06:00+03:00,1354.0,145.5,158.0,,9.0,24.74499988555908,34.53500175476074,3.0,0.1,1,0.0
2025-02-02T15:07:00+00:00,2025-02-02T18:07:00+03:00,1368.0,139.5,154.5,,9.0,24.76000022888184,34.65499877929688,3.0,0.1,1,0.0
2025-02-02T15:08:00+00:00,2025-02-02T18:08:00+03:00,1389.5,159.0,167.5,,9.0,24.81999969482422,34.73499870300293,3.0,0.1,1,0.0
2025-02-02T15:09:00+00:00,2025-02-02T18:09:00+03:00,1383.5,148.0,164.0,,9.0,24.80999946594238,34.88999938964844,3.0,0.1,1,0.0
2025-02-02T15:10:00+00:00,2025-02-02T18:10:00+03:00,1402.5,139.5,153.5,,9.0,24.76500034332275,35.08500099182129,3.0,0.1,1,0.0
2025-02-02T15:11:00+00:00,2025-02-02T18:11:00+03:00,1455.5,143.0,156.0,,9.0,24.72999954223633,35.27000045776367,3.0,0.1,1,0.0
2025-02-02T15:12:00+00:00,2025-02-02T18:12:00+03:00,1466.5,154.0,165.0,,9.0,24.76000022888184,35.36499977111816,3.0,0.1,1,0.0
2025-02-02T15:13:00+00:00,2025-02-02T18:13:00+03:00,1461.5,147.5,160.0,,9.0,24.76000022888184,35.50500106811523,3.0,0.1,1,0.0
2025-02-02T15:14:00+00:00,2025-02-02T18:14:00+03:00,1463.0,151.0,168.0,,9.0,24.77500057220459,35.59000015258789,3.0,0.1,1,0.0
2025-02-02T15:15:00+00:00,2025-02-02T18:15:00+03:00,1463.0,147.5,161.0,,9.0,24.79500007629395,35.63999938964844,3.0,0.1,1,0.0
2025-02-02T15:16:00+00:00,2025-02-02T18:16:00+03:00,1478.0,130.5,144.5,,9.0,24.77999973297119,35.82999992370605,3.0,0.1,1,0.0
2025-02-02T15:17:00+00:00,2025-02-02T18:17:00+03:00,1526.0,136.0,150.0,,9.0,24.76500034332275,36.03499984741211,3.0,0.1,1,0.0
2025-02-02T15:18:00+00:00,2025-02-02T18:18:00+03:00,1562.0,137.5,152.5,,9.0,24.73999977111816,36.17000007629395,3.0,0.1,1,0.0
2025-02-02T15:19:00+00:00,2025-02-02T18:19:00+03:00,1583.0,140.0,149.0,,9.0,24.75,36.29000091552734,3.0,0.1,1,0.0
2025-02-02T15:20:00+00:00,2025-02-02T18:20:00+03:00,1583.5,142.0,160.0,,9.0,24.76000022888184,36.44999885559082,3.0,0.1,1,0.0
2025-02-02T15:21:00+00:00,2025-02-02T18:21:00+03:00,1584.5,131.0,144.0,,9.0,24.76500034332275,36.56999969482422,3.0,0.1,1,0.0
2025-02-02T15:22:00+00:00,2025-02-02T18:22:00+03:00,1602.5,138.5,153.0,,9.0,24.76500034332275,36.71999931335449,3.0,0.1,1,0.0
2025-02-02T15:23:00+00:00,2025-02-02T18:23:00+03:00,1600.0,149.5,157.0,,9.0,24.74499988555908,36.84500122070312,3.0,0.1,1,0.0
2025-02-02T15:24:00+00:00,2025-02-02T18:24:00+03:00,1575.0,142.5,155.0,,9.0,24.76000022888184,36.98999977111816,3.0,0.1,1,0.0
2025-02-02T15:25:00+00:00,2025-02-02T18:25:00+03:00,1589.0,134.5,143.5,,9.0,24.78499984741211,37.11000061035156,3.0,0.1,1,0.0
2025-02-02T15:26:00+00:00,2025-02-02T18:26:00+03:00,1636.0,147.5,158.0,,9.0,24.74499988555908,37.23999977111816,3.0,0.1,1,0.0
2025-02-02T15:27:00+00:00,2025-02-02T18:27:00+03:00,1646.0,141.0,148.0,,9.0,24.75,37.40999984741211,3.0,0.1,1,0.0
2025-02-02T15:28:00+00:00,2025-02-02T18:28:00+03:00,1639.0,143.5,153.0,,9.0,24.75,37.48999977111816,3.0,0.1,1,0.0
2025-02-02T15:29:00+00:00,2025-02-02T18:29:00+03:00,1648.5,144.5,156.5,,9.0,24.73499965667725,37.56500053405762,3.0,0.1,1,0.0
2025-02-02T15:30:00+00:00,2025-02-02T18:30:00+03:00,1653.0,137.5,154.5,,9.0,24.73999977111816,37.72000122070312,3.0,0.1,1,0.0
2025-02-02T15:31:00+00:00,2025-02-02T18:31:00+03:00,1641.5,145.0,155.0,,9.0,24.76000022888184,37.78499984741211,3.0,0.1,1,0.0
2025-02-02T15:32:00+00:00,2025-02-02T18:32:00+03:00,1649.5,140.0,152.5,,9.0,24.74499988555908,37.90999984741211,3.0,0.1,1,0.0
2025-02-02T15:33:00+00:00,2025-02-02T18:33:00+03:00,1681.0,142.5,152.0,,9.0,24.72999954223633,38.06499862670898,3.0,0.1,1,0.0
2025-02-02T15:34:00+00:00,2025-02-02T18:34:00+03:00,1700.5,145.5,159.0,,9.0,24.72999954223633,38.14999961853027,3.0,0.1,1,0.0
2025-02-02T15:35:00+00:00,2025-02-02T18:35:00+03:00,1713.5,145.5,157.5,,9.0,24.74499988555908,38.22999954223633,3.0,0.1,1,0.0
2025-02-02T15:36:00+00:00,2025-02-02T18:36:00+03:00,1715.5,145.5,157.0,,9.0,24.72999954223633,38.35999870300293,3.0,0.1,1,0.0
2025-02-02T15:37:00+00:00,2025-02-02T18:37:00+03:00,1731.5,154.5,165.5,,9.0,24.73999977111816,38.46999931335449,3.0,0.1,1,0.0
2025-02-02T15:38:00+00:00,2025-02-02T18:38:00+03:00,1743.0,168.0,179.0,,9.0,24.75,38.57999992370605,3.0,0.1,1,0.0
2025-02-02T15:39:00+00:00,2025-02-02T18:39:00+03:00,1758.0,170.5,185.0,,9.0,24.77000045776367,38.68000030517578,3.0,0.1,1,0.0
2025-02-02T15:40:00+00:00,2025-02-02T18:40:00+03:00,1765.5,177.5,192.5,,9.0,24.76000022888184,38.76000022888184,3.0,0.1,1,0.0
2025-02-02T15:41:00+00:00,2025-02-02T18:41:00+03:00,1766.0,171.0,190.0,,9.0,24.77000045776367,38.88500022888184,3.0,0.1,1,0.0
2025-02-02T15:42:00+00:00,2025-02-02T18:42:00+03:00,1766.0,227.5,249.0,,9.0,24.77500057220459,38.96999931335449,3.0,0.1,1,0.0
2025-02-02T15:43:00+00:00,2025-02-02T18:43:00+03:00,1722.0,209.5,236.0,,9.0,24.79999923706055,39.02000045776367,3.0,1.0,1,0.0
2025-02-02T15:44:00+00:00,2025-02-02T18:44:00+03:00,1707.0,199.5,222.0,,9.0,24.8100004196167,39.14499855041504,3.0,0.1,1,0.0
2025-02-02T15:45:00+00:00,2025-02-02T18:45:00+03:00,1710.5,222.5,242.5,,9.0,24.88999938964844,39.23999977111816,3.0,1.0,1,0.0
2025-02-02T15:46:00+00:00,2025-02-02T18:46:00+03:00,1707.5,202.5,216.5,,9.0,24.90999984741211,39.18499946594238,3.0,0.1,1,0.0
2025-02-02T15:47:00+00:00,2025-02-02T18:47:00+03:00,1741.5,166.0,177.0,,9.0,24.91499996185303,39.31500053405762,3.0,0.1,1,0.0
2025-02-02T15:48:00+00:00,2025-02-02T18:48:00+03:00,1808.0,195.5,209.5,,9.0,24.91499996185303,39.45000076293945,3.0,0.1,1,0.0
2025-02-02T15:49:00+00:00,2025-02-02T18:49:00+03:00,1824.0,214.0,237.0,,9.0,24.89999961853027,39.57999992370605,3.0,0.1,1,0.0
2025-02-02T15:50:00+00:00,2025-02-02T18:50:00+03:00,1813.5,170.0,185.5,,9.0,24.89999961853027,39.78000068664551,3.0,0.1,1,0.0
2025-02-02T15:51:00+00:00,2025-02-02T18:51:00+03:00,1847.5,172.0,195.5,,9.0,24.84499931335449,39.94000053405762,3.0,0.1,1,0.0
2025-02-02T15:52:00+00:00,2025-02-02T18:52:00+03:00,1881.5,172.0,183.0,,9.0,24.80999946594238,40.04999923706055,3.0,0.1,1,0.0
2025-02-02T15:53:00+00:00,2025-02-02T18:53:00+03:00,1905.0,167.5,184.5,,9.0,24.79999923706055,40.04500007629395,3.0,0.1,1,0.0
2025-02-02T15:54:00+00:00,2025-02-02T18:54:00+03:00,1911.0,165.0,185.0,,9.0,24.81999969482422,40.04500007629395,3.0,0.1,1,0.0
2025-02-02T15:55:00+00:00,2025-02-02T18:55:00+03:00,1915.5,169.5,190.0,,9.0,24.77000045776367,40.125,3.0,0.1,1,0.0
2025-02-02T15:56:00+00:00,2025-02-02T18:56:00+03:00,1935.0,163.5,186.0,,9.0,24.80499935150146,40.20499992370605,3.0,0.1,1,0.0
2025-02-02T15:57:00+00:00,2025-02-02T18:57:00+03:00,1946.0,170.0,179.0,,9.0,24.79000091552734,40.22500038146973,3.0,0.1,1,0.0
2025-02-02T15:58:00+00:00,2025-02-02T18:58:00+03:00,1953.5,162.0,186.0,,9.0,24.80499935150146,40.25,3.0,0.1,1,0.0
2025-02-02T15:59:00+00:00,2025-02-02T18:59:00+03:00,1963.0,163.0,177.5,,9.0,24.80000019073486,40.28499984741211,3.0,0.1,1,0.0
2025-02-02T16:00:00+00:00,2025-02-02T19:00:00+03:00,1974.5,164.5,181.0,,9.0,24.77999973297119,40.31000137329102,3.0,0.1,1,0.0
2025-02-02T16:01:00+00:00,2025-02-02T19:01:00+03:00,1979.0,163.5,179.0,,9.0,24.78000068664551,40.32999992370605,3.0,0.1,1,0.0
2025-02-02T16:02:00+00:00,2025-02-02T19:02:00+03:00,1984.5,168.0,181.5,,9.0,24.78999996185303,40.36000061035156,3.0,0.1,1,0.0
2025-02-02T16:03:00+00:00,2025-02-02T19:03:00+03:00,1993.0,161.0,172.0,,9.0,24.79500007629395,40.40999984741211,3.0,0.1,1,0.0
2025-02-02T16:04:00+00:00,2025-02-02T19:04:00+03:00,1997.5,166.0,183.5,,9.0,24.80499935150146,40.48000144958496,3.0,1.0,1,0.0
2025-02-02T16:05:00+00:00,2025-02-02T19:05:00+03:00,2002.5,184.0,201.0,,9.0,24.80999946594238,40.57999992370605,3.0,0.1,1,0.0
2025-02-02T16:06:00+00:00,2025-02-02T19:06:00+03:00,1980.5,210.5,236.0,,9.0,24.86000061035156,41.01000022888184,3.0,0.1,1,0.0
2025-02-02T16:07:00+00:00,2025-02-02T19:07:00+03:00,1919.5,160.5,177.5,,9.0,24.90499973297119,40.84000015258789,3.0,1.0,1,0.0
2025-02-02T16:08:00+00:00,2025-02-02T19:08:00+03:00,1942.0,200.0,213.5,,9.0,24.9350004196167,41.20500183105469,3.0,0.1,1,0.0
2025-02-02T16:09:00+00:00,2025-02-02T19:09:00+03:00,1947.0,189.0,211.5,,9.0,24.92500019073486,41.42499923706055,3.0,0.1,1,0.0
2025-02-02T16:10:00+00:00,2025-02-02T19:10:00+03:00,1948.5,187.0,212.5,,9.0,24.9350004196167,41.45499992370605,3.0,0.1,1,0.0
2025-02-02T16:11:00+00:00,2025-02-02T19:11:00+03:00,1951.0,185.5,199.0,,9.0,24.8799991607666,41.54000091552734,3.0,0.1,1,0.0
2025-02-02T16:12:00+00:00,2025-02-02T19:12:00+03:00,,,,,,,,3.0,0.1,1,0.0
2025-02-02T16:13:00+00:00,2025-02-02T19:13:00+03:00,,,,,,,,3.0,0.1,1,0.0
2025-02-02T16:14:00+00:00,2025-02-02T19:14:00+03:00,1978.0,184.0,212.0,,9.0,24.84000015258789,41.86999893188477,3.0,0.1,1,0.0
2025-02-02T16:15:00+00:00,2025-02-02T19:15:00+03:00,1971.5,190.0,201.0,,9.0,24.83500003814697,41.91500091552734,3.0,0.1,1,0.0
2025-02-02T16:16:00+00:00,2025-02-02T19:16:00+03:00,,,,,,,,3.0,0.1,1,0.0
2025-02-02T16:17:00+00:00,2025-02-02T19:17:00+03:00,2002.0,181.0,207.0,,9.0,24.79000091552734,42.34000015258789,3.0,0.1,1,0.0
2025-02-02T16:18:00+00:00,2025-02-02T19:18:00+03:00,2012.5,183.5,206.0,,9.0,24.80000019073486,42.46000099182129,3.0,0.1,1,0.0
2025-02-02T16:19:00+00:00,2025-02-02T19:19:00+03:00,2020.0,178.0,196.5,,9.0,24.78000068664551,42.51000022888184,3.0,0.1,1,0.0
2025-02-02T16:20:00+00:00,2025-02-02T19:20:00+03:00,2027.5,180.0,198.0,,9.0,24.75500011444092,42.57000160217285,3.0,0.1,1,0.0
2025-02-02T16:21:00+00:00,2025-02-02T19:21:00+03:00,2029.0,178.5,198.5,,9.0,24.76500034332275,42.61000061035156,3.0,0.1,1,0.0
2025-02-02T16:22:00+00:00,2025-02-02T19:22:00+03:00,2033.5,178.5,195.5,,9.0,24.73999977111816,42.73999977111816,3.0,0.1,1,0.0
2025-02-02T16:23:00+00:00,2025-02-02T19:23:00+03:00,2039.5,172.5,189.5,,9.0,24.72499942779541,42.875,3.0,0.1,1,0.0
2025-02-02T16:24:00+00:00,2025-02-02T19:24:00+03:00,2051.5,179.5,195.5,,9.0,24.75500011444092,42.92500114440918,3.0,0.1,1,0.0
2025-02-02T16:25:00+00:00,2025-02-02T19:25:00+03:00,2055.0,184.0,203.5,,9.0,24.76000022888184,43.08500099182129,3.0,0.1,1,0.0
2025-02-02T16:26:00+00:00,2025-02-02T19:26:00+03:00,2055.0,197.0,218.0,,9.0,24.77999973297119,43.09000015258789,2.0,1.0,1,0.0
2025-02-02T16:27:00+00:00,2025-02-02T19:27:00+03:00,1981.5,196.0,205.0,,9.0,24.83500003814697,43.06999969482422,2.0,0.1,1,0.0
2025-02-02T16:28:00+00:00,2025-02-02T19:28:00+03:00,1972.5,183.5,205.5,,9.0,24.85000038146973,43.17499923706055,2.0,0.1,1,0.0
2025-02-02T16:29:00+00:00,2025-02-02T19:29:00+03:00,2039.5,191.0,202.5,,9.0,24.82499980926514,43.21499824523926,3.0,1.0,1,0.0
2025-02-02T16:30:00+00:00,2025-02-02T19:30:00+03:00,2052.0,273.0,321.0,,9.0,24.85000038146973,43.88999938964844,3.0,0.1,1,0.0
2025-02-02T16:31:00+00:00,2025-02-02T19:31:00+03:00,1501.333333333333,282.6666666666667,321.0,,9.0,24.92666625976562,44.18666712443034,3.0,0.1,1,0.0
2025-02-02T16:32:00+00:00,2025-02-02T19:32:00+03:00,1335.0,226.0,259.0,,9.0,24.9350004196167,43.52999877929688,2.0,1.0,1,0.0
2025-02-02T16:33:00+00:00,2025-02-02T19:33:00+03:00,1603.0,240.0,257.0,,9.0,24.90999984741211,43.72000122070312,2.0,0.0,1,0.0
2025-02-02T16:34:00+00:00,2025-02-02T19:34:00+03:00,1605.0,222.0,258.5,,9.0,24.96499919891357,43.60000038146973,2.0,0.0,1,0.0
2025-02-02T16:35:00+00:00,2025-02-02T19:35:00+03:00,1709.0,194.6666666666667,211.6666666666667,,9.0,24.896666208903,43.66999944051107,2.0,0.0,1,0.0
2025-02-02T16:36:00+00:00,2025-02-02T19:36:00+03:00,1900.0,194.0,215.5,,9.0,24.88999938964844,43.56500053405762,2.0,0.0,1,0.0
2025-02-02T16:37:00+00:00,2025-02-02T19:37:00+03:00,1945.0,190.0,216.0,,9.0,24.86500072479248,43.60499954223633,2.0,0.0,1,0.0
2025-02-02T16:38:00+00:00,2025-02-02T19:38:00+03:00,1975.0,185.0,203.5,,9.0,24.85000038146973,43.61000061035156,2.0,0.0,1,0.0
2025-02-02T16:39:00+00:00,2025-02-02T19:39:00+03:00,1987.5,186.5,210.0,,9.0,24.84500026702881,43.66999816894531,2.0,0.0,1,0.0
2025-02-02T16:40:00+00:00,2025-02-02T19:40:00+03:00,2002.0,185.5,205.5,,9.0,24.83500003814697,43.71500015258789,2.0,0.0,1,0.0
2025-02-02T16:41:00+00:00,2025-02-02T19:41:00+03:00,2011.5,187.5,208.5,,9.0,24.83500003814697,43.70999908447266,2.0,0.0,1,0.0
2025-02-02T16:42:00+00:00,2025-02-02T19:42:00+03:00,2019.0,184.0,196.0,,9.0,24.82999992370605,43.72999954223633,2.0,0.0,1,0.0
2025-02-02T16:43:00+00:00,2025-02-02T19:43:00+03:00,2038.0,181.6666666666667,201.0,,9.0,24.8233331044515,43.7566655476888,2.0,0.0,1,0.0
2025-02-02T16:44:00+00:00,2025-02-02T19:44:00+03:00,2056.5,184.0,198.5,,9.0,24.81999969482422,43.79999923706055,2.0,0.0,1,0.0
2025-02-02T16:45:00+00:00,2025-02-02T19:45:00+03:00,2066.5,176.0,201.0,,9.0,24.79000091552734,43.81500053405762,2.0,0.0,1,0.0
2025-02-02T16:46:00+00:00,2025-02-02T19:46:00+03:00,2071.5,173.5,191.5,,9.0,24.79000091552734,43.85999870300293,2.0,0.0,1,0.0
2025-02-02T16:47:00+00:00,2025-02-02T19:47:00+03:00,2079.0,177.0,192.5,,9.0,24.79500007629395,43.90500068664551,2.0,0.0,1,0.0
2025-02-02T16:48:00+00:00,2025-02-02T19:48:00+03:00,2090.5,181.0,198.0,,9.0,24.80999946594238,43.92999839782715,3.0,1.0,1,0.0
2025-02-02T16:49:00+00:00,2025-02-02T19:49:00+03:00,2108.0,184.0,200.0,,9.0,24.79999923706055,43.93999862670898,3.0,0.0,1,0.0
2025-02-02T16:50:00+00:00,2025-02-02T19:50:00+03:00,2091.5,203.0,229.0,,9.0,24.84999942779541,44.06000137329102,2.0,1.0,1,0.0
2025-02-02T16:51:00+00:00,2025-02-02T19:51:00+03:00,2011.0,178.0,197.5,,9.0,24.88999938964844,43.84000015258789,2.0,0.0,1,0.0
2025-02-02T16:52:00+00:00,2025-02-02T19:52:00+03:00,2063.5,178.5,189.0,,9.0,24.85500049591064,43.8700008392334,2.0,1.0,1,0.0
2025-02-02T16:53:00+00:00,2025-02-02T19:53:00+03:00,2091.5,205.0,229.5,,9.0,24.82499980926514,44.1299991607666,2.0,1.0,1,0.0
2025-02-02T16:54:00+00:00,2025-02-02T19:54:00+03:00,1756.0,241.0,269.5,,9.0,24.86999988555908,44.43499946594238,2.0,0.2,1,0.0
2025-02-02T16:55:00+00:00,2025-02-02T19:55:00+03:00,1389.0,243.5,269.5,,9.0,24.90999984741211,44.65999984741211,2.0,0.0,1,0.0
2025-02-02T16:56:00+00:00,2025-02-02T19:56:00+03:00,1339.5,222.0,256.0,,9.0,24.96999931335449,44.41500091552734,1.0,1.0,1,0.0
2025-02-02T16:57:00+00:00,2025-02-02T19:57:00+03:00,1444.5,207.0,240.5,,9.0,24.95999908447266,44.35499954223633,1.0,0.1,1,0.0
2025-02-02T16:58:00+00:00,2025-02-02T19:58:00+03:00,1595.5,200.5,222.5,,9.0,24.96000003814697,44.44499969482422,1.0,0.1,1,0.0
2025-02-02T16:59:00+00:00,2025-02-02T19:59:00+03:00,1744.5,198.5,223.5,,9.0,24.96499919891357,44.20499992370605,1.0,0.1,1,0.0
2025-02-02T17:00:00+00:00,2025-02-02T20:00:00+03:00,1796.0,184.0,208.0,,9.0,24.91499996185303,44.39999961853027,1.0,0.1,1,0.0
2025-02-02T17:01:00+00:00,2025-02-02T20:01:00+03:00,1834.5,185.0,206.5,,9.0,24.88999938964844,44.44000053405762,1.0,0.1,1,0.0
2025-02-02T17:02:00+00:00,2025-02-02T20:02:00+03:00,1858.0,189.5,208.5,,9.0,24.84500026702881,44.57499885559082,1.0,0.1,1,0.0
2025-02-02T17:03:00+00:00,2025-02-02T20:03:00+03:00,1878.0,183.5,206.0,,9.0,24.8149995803833,44.68000030517578,1.0,0.1,1,0.0
2025-02-02T17:04:00+00:00,2025-02-02T20:04:00+03:00,1887.0,185.5,214.0,,9.0,24.84000015258789,44.61000061035156,1.0,0.1,1,0.0
2025-02-02T17:05:00+00:00,2025-02-02T20:05:00+03:00,1895.0,190.5,210.0,,9.0,24.79500007629395,44.77999877929688,1.0,0.1,1,0.0
2025-02-02T17:06:00+00:00,2025-02-02T20:06:00+03:00,1913.0,188.0,209.0,,9.0,24.80000019073486,44.79000091552734,1.0,0.1,1,0.0
2025-02-02T17:07:00+00:00,2025-02-02T20:07:00+03:00,1917.5,189.0,217.0,,9.0,24.76500034332275,44.88000106811523,1.0,0.1,1,0.0
2025-02-02T17:08:00+00:00,2025-02-02T20:08:00+03:00,1921.5,184.5,207.0,,9.0,24.77000045776367,44.93000030517578,1.0,0.1,1,0.0
2025-02-02T17:09:00+00:00,2025-02-02T20:09:00+03:00,1926.0,190.0,209.0,,9.0,24.76000022888184,45.08000183105469,1.0,0.1,1,0.0
2025-02-02T17:10:00+00:00,2025-02-02T20:10:00+03:00,1925.666666666667,189.0,207.0,,9.0,24.75666681925456,45.01999918619791,1.0,0.1,1,0.0
2025-02-02T17:11:00+00:00,2025-02-02T20:11:00+03:00,1926.0,183.0,206.0,,9.0,24.77000045776367,44.97499847412109,1.0,0.1,1,0.0
2025-02-02T17:12:00+00:00,2025-02-02T20:12:00+03:00,1926.5,181.5,203.0,,9.0,24.75500011444092,44.8700008392334,1.0,0.1,1,0.0
2025-02-02T17:13:00+00:00,2025-02-02T20:13:00+03:00,1923.0,179.0,197.0,,9.0,24.74499988555908,44.75,1.0,0.1,1,0.0
2025-02-02T17:14:00+00:00,2025-02-02T20:14:00+03:00,1909.5,171.0,188.5,,9.0,24.75500011444092,44.78000068664551,1.0,0.1,1,0.0
2025-02-02T17:15:00+00:00,2025-02-02T20:15:00+03:00,1908.0,182.5,206.5,,9.0,24.71500015258789,44.71500015258789,1.0,0.1,1,0.0
2025-02-02T17:16:00+00:00,2025-02-02T20:16:00+03:00,1905.0,180.0,199.0,,9.0,24.73499965667725,44.64499855041504,1.0,0.1,1,0.0
2025-02-02T17:17:00+00:00,2025-02-02T20:17:00+03:00,1903.5,180.5,203.5,,9.0,24.75,44.61499977111816,1.0,0.1,1,0.0
2025-02-02T17:18:00+00:00,2025-02-02T20:18:00+03:00,1906.5,174.0,194.0,,9.0,24.71999931335449,44.61499977111816,1.0,0.1,1,0.0
2025-02-02T17:19:00+00:00,2025-02-02T20:19:00+03:00,1908.0,169.0,187.0,,9.0,24.73999977111816,44.61499977111816,1.0,0.1,1,0.0
2025-02-02T17:20:00+00:00,2025-02-02T20:20:00+03:00,1910.0,171.5,196.0,,9.0,24.73499965667725,44.56000137329102,1.0,0.1,1,0.0
2025-02-02T17:21:00+00:00,2025-02-02T20:21:00+03:00,1901.5,165.0,177.0,,9.0,24.75,44.52999877929688,1.0,0.1,1,0.0
2025-02-02T17:22:00+00:00,2025-02-02T20:22:00+03:00,1894.0,172.5,193.5,,9.0,24.76500034332275,44.55500030517578,1.0,0.1,1,0.0
2025-02-02T17:23:00+00:00,2025-02-02T20:23:00+03:00,1894.0,170.0,192.0,,9.0,24.76000022888184,44.53999900817871,1.0,0.1,1,0.0
2025-02-02T17:24:00+00:00,2025-02-02T20:24:00+03:00,1894.0,174.5,191.5,,9.0,24.75,44.47999954223633,1.0,0.1,1,0.0
2025-02-02T17:25:00+00:00,2025-02-02T20:25:00+03:00,1897.0,160.5,172.5,,9.0,24.74499988555908,44.51499938964844,1.0,0.1,1,0.0
2025-02-02T17:26:00+00:00,2025-02-02T20:26:00+03:00,1899.5,172.5,193.0,,9.0,24.72999954223633,44.45999908447266,1.0,0.1,1,0.0
2025-02-02T17:27:00+00:00,2025-02-02T20:27:00+03:00,1902.0,164.0,185.0,,9.0,24.75,44.43000030517578,1.0,0.1,1,0.0
2025-02-02T17:28:00+00:00,2025-02-02T20:28:00+03:00,1899.0,167.3333333333333,189.0,,9.0,24.71666653951009,44.4533322652181,1.0,0.1,1,0.0
2025-02-02T17:29:00+00:00,2025-02-02T20:29:00+03:00,1893.0,164.0,180.5,,9.0,24.72500038146973,44.375,1.0,0.1,1,0.0
2025-02-02T17:30:00+00:00,2025-02-02T20:30:00+03:00,1890.5,164.5,183.5,,9.0,24.72499942779541,44.40500068664551,2.0,1.0,1,0.0
2025-02-02T17:31:00+00:00,2025-02-02T20:31:00+03:00,1893.0,183.0,200.5,,9.0,24.72999954223633,44.59499931335449,2.0,0.1,1,0.0
2025-02-02T17:32:00+00:00,2025-02-02T20:32:00+03:00,1896.5,176.5,194.5,,9.0,24.71499919891357,44.59499931335449,2.0,0.1,1,0.0
2025-02-02T17:33:00+00:00,2025-02-02T20:33:00+03:00,1905.5,176.5,195.5,,9.0,24.72499942779541,44.71500015258789,2.0,0.1,1,0.0
2025-02-02T17:34:00+00:00,2025-02-02T20:34:00+03:00,1934.5,178.0,198.5,,9.0,24.73499965667725,44.84000015258789,2.0,0.1,1,0.0
2025-02-02T17:35:00+00:00,2025-02-02T20:35:00+03:00,1951.5,178.5,208.5,,9.0,24.72499942779541,44.92499923706055,2.0,0.1,1,0.0
2025-02-02T17:36:00+00:00,2025-02-02T20:36:00+03:00,1968.0,188.5,203.5,,9.0,24.74499988555908,45.05999946594238,2.0,0.1,1,0.0
2025-02-02T17:37:00+00:00,2025-02-02T20:37:00+03:00,1969.0,194.0,221.0,,9.0,24.73499965667725,45.11000061035156,2.0,0.1,1,0.0
2025-02-02T17:38:00+00:00,2025-02-02T20:38:00+03:00,1952.0,179.5,198.0,,9.0,24.75,45.13500022888184,2.0,0.1,1,0.0
2025-02-02T17:39:00+00:00,2025-02-02T20:39:00+03:00,1955.0,181.0,201.0,,9.0,24.75,45.14999961853027,2.0,0.1,1,0.0
2025-02-02T17:40:00+00:00,2025-02-02T20:40:00+03:00,1976.0,191.0,209.0,,9.0,24.75,45.19000053405762,2.0,0.1,1,0.0
2025-02-02T17:41:00+00:00,2025-02-02T20:41:00+03:00,1992.0,188.0,206.5,,9.0,24.76500034332275,45.2400016784668,2.0,0.1,1,0.0
2025-02-02T17:42:00+00:00,2025-02-02T20:42:00+03:00,1982.5,195.0,217.0,,9.0,24.77999973297119,45.2549991607666,2.0,0.1,1,0.0
2025-02-02T17:43:00+00:00,2025-02-02T20:43:00+03:00,1925.0,198.5,213.0,,9.0,24.77500057220459,45.28000068664551,2.0,0.1,1,0.0
2025-02-02T17:44:00+00:00,2025-02-02T20:44:00+03:00,1904.5,202.5,220.0,,9.0,24.77000045776367,45.32000160217285,2.0,0.1,1,0.0
2025-02-02T17:45:00+00:00,2025-02-02T20:45:00+03:00,1902.0,209.5,228.5,,9.0,24.76000022888184,45.29500007629395,2.0,0.1,1,0.0
2025-02-02T17:46:00+00:00,2025-02-02T20:46:00+03:00,1861.0,199.0,220.5,,9.0,24.75,45.25,2.0,0.1,1,0.0
2025-02-02T17:47:00+00:00,2025-02-02T20:47:00+03:00,1909.0,184.0,200.5,,9.0,24.74499988555908,45.33500099182129,2.0,0.1,1,0.0
2025-02-02T17:48:00+00:00,2025-02-02T20:48:00+03:00,1945.0,183.0,198.0,,9.0,24.75,45.38000106811523,2.0,0.1,1,0.0
2025-02-02T17:49:00+00:00,2025-02-02T20:49:00+03:00,1970.0,198.6666666666667,218.3333333333333,,9.0,24.77666664123535,45.36666742960612,2.0,0.1,1,0.0
2025-02-02T17:50:00+00:00,2025-02-02T20:50:00+03:00,1961.0,192.5,210.0,,9.0,24.77000045776367,45.44499969482422,2.0,0.1,1,0.0
2025-02-02T17:51:00+00:00,2025-02-02T20:51:00+03:00,1968.5,188.5,205.5,,9.0,24.74499988555908,45.44999885559082,2.0,0.1,1,0.0
2025-02-02T17:52:00+00:00,2025-02-02T20:52:00+03:00,1983.0,185.5,205.5,,9.0,24.75500011444092,45.39999961853027,2.0,0.1,1,0.0
2025-02-02T17:53:00+00:00,2025-02-02T20:53:00+03:00,1980.5,195.0,210.5,,9.0,24.75500011444092,45.375,2.0,0.1,1,0.0
2025-02-02T17:54:00+00:00,2025-02-02T20:54:00+03:00,1981.5,181.0,200.5,,9.0,24.71999931335449,45.42500114440918,2.0,0.1,1,0.0
2025-02-02T17:55:00+00:00,2025-02-02T20:55:00+03:00,2003.0,192.0,210.0,,9.0,24.75500011444092,45.46999931335449,2.0,0.1,1,0.0
2025-02-02T17:56:00+00:00,2025-02-02T20:56:00+03:00,2008.0,192.0,215.0,,9.0,24.76500034332275,45.44000053405762,2.0,0.1,1,0.0
2025-02-02T17:57:00+00:00,2025-02-02T20:57:00+03:00,2009.5,183.5,201.5,,9.0,24.72999954223633,45.39000129699707,2.0,0.1,1,0.0
2025-02-02T17:58:00+00:00,2025-02-02T20:58:00+03:00,2008.0,196.0,216.0,,9.0,24.75,45.42500114440918,2.0,0.1,1,0.0
2025-02-02T17:59:00+00:00,2025-02-02T20:59:00+03:00,2008.5,194.5,219.5,,9.0,24.77000045776367,45.45000076293945,2.0,0.1,1,0.0
2025-02-02T18:00:00+00:00,2025-02-02T21:00:00+03:00,2015.0,198.0,224.0,,9.0,24.77000045776367,45.5,2.0,0.1,1,0.0
2025-02-02T18:01:00+00:00,2025-02-02T21:01:00+03:00,2002.5,191.5,209.0,,9.0,24.76500034332275,45.49499893188477,2.0,0.1,1,0.0
2025-02-02T18:02:00+00:00,2025-02-02T21:02:00+03:00,2013.0,197.0,219.5,,9.0,24.77000045776367,45.50500106811523,2.0,0.1,1,0.0
2025-02-02T18:03:00+00:00,2025-02-02T21:03:00+03:00,1970.5,190.5,210.5,,9.0,24.76000022888184,45.60000038146973,2.0,0.1,1,0.0
2025-02-02T18:04:00+00:00,2025-02-02T21:04:00+03:00,1913.0,201.0,223.5,,9.0,24.76000022888184,45.65999984741211,2.0,0.1,1,0.0
2025-02-02T18:05:00+00:00,2025-02-02T21:05:00+03:00,1902.0,188.5,211.5,,9.0,24.77500057220459,45.61000061035156,2.0,0.1,1,0.0
2025-02-02T18:06:00+00:00,2025-02-02T21:06:00+03:00,1913.0,202.0,219.0,,9.0,24.78499984741211,45.67000007629395,2.0,0.1,1,0.0
2025-02-02T18:07:00+00:00,2025-02-02T21:07:00+03:00,1933.5,186.0,200.0,,9.0,24.81999969482422,45.60499954223633,2.0,0.1,1,0.0
2025-02-02T18:08:00+00:00,2025-02-02T21:08:00+03:00,1974.5,185.0,205.5,,9.0,24.80499935150146,45.64500045776367,2.0,0.1,1,0.0
2025-02-02T18:09:00+00:00,2025-02-02T21:09:00+03:00,2013.5,187.5,205.5,,9.0,24.82499980926514,45.64000129699707,2.0,0.1,1,0.0
2025-02-02T18:10:00+00:00,2025-02-02T21:10:00+03:00,2024.0,190.0,209.0,,9.0,24.8149995803833,45.64499855041504,2.0,0.1,1,0.0
2025-02-02T18:11:00+00:00,2025-02-02T21:11:00+03:00,1971.0,193.5,214.0,,9.0,24.82499980926514,45.59000015258789,1.0,1.0,1,0.0
2025-02-02T18:12:00+00:00,2025-02-02T21:12:00+03:00,1938.5,193.0,216.5,,9.0,24.82999992370605,45.51999855041504,1.0,0.1,1,0.0
2025-02-02T18:13:00+00:00,2025-02-02T21:13:00+03:00,1914.0,194.0,213.0,,9.0,24.8799991607666,44.63999938964844,1.0,0.1,1,0.0
2025-02-02T18:14:00+00:00,2025-02-02T21:14:00+03:00,1860.5,188.5,210.5,,9.0,24.93000030517578,44.80999946594238,1.0,0.1,1,0.0
2025-02-02T18:15:00+00:00,2025-02-02T21:15:00+03:00,1886.666666666667,180.6666666666667,203.0,,9.0,24.90666643778483,45.1966667175293,2.0,1.0,1,0.0
2025-02-02T18:16:00+00:00,2025-02-02T21:16:00+03:00,1977.0,113.0,126.0,,9.0,24.58500003814697,40.17499923706055,2.0,0.1,1,0.0
2025-02-02T18:17:00+00:00,2025-02-02T21:17:00+03:00,1662.0,105.5,117.5,,9.0,23.9350004196167,37.29500007629395,2.0,0.1,1,0.0
2025-02-02T18:18:00+00:00,2025-02-02T21:18:00+03:00,1514.0,110.5,117.5,,9.0,23.4350004196167,38.27499961853027,2.0,0.1,1,0.0
2025-02-02T18:19:00+00:00,2025-02-02T21:19:00+03:00,1482.0,96.0,108.0,,9.0,23.03000068664551,37.69000053405762,2.0,0.1,1,0.0
2025-02-02T18:20:00+00:00,2025-02-02T21:20:00+03:00,1426.5,93.0,101.0,,9.0,22.74499988555908,36.97499847412109,2.0,0.1,1,0.0
2025-02-02T18:21:00+00:00,2025-02-02T21:21:00+03:00,1352.0,95.5,101.0,,9.0,22.51999950408936,36.70999908447266,2.0,0.1,1,0.0
2025-02-02T18:22:00+00:00,2025-02-02T21:22:00+03:00,1304.0,85.0,95.0,,9.0,22.30999946594238,35.36000061035156,3.0,1.0,1,0.0
2025-02-02T18:23:00+00:00,2025-02-02T21:23:00+03:00,1211.0,81.33333333333333,89.66666666666667,,9.0,22.09666697184245,35.65999984741211,3.0,1.0,1,0.0
2025-02-02T18:24:00+00:00,2025-02-02T21:24:00+03:00,1158.0,69.5,76.5,,8.0,21.88500022888184,34.45499992370605,1.0,0.1,1,0.0
2025-02-02T18:25:00+00:00,2025-02-02T21:25:00+03:00,1091.0,75.0,82.0,,9.0,21.78999996185303,34.97500038146973,3.0,0.1,1,0.0
2025-02-02T18:26:00+00:00,2025-02-02T21:26:00+03:00,1071.5,74.0,81.0,,8.0,21.73999977111816,35.30999946594238,1.0,1.0,1,0.0
2025-02-02T18:27:00+00:00,2025-02-02T21:27:00+03:00,1038.5,80.0,86.5,,9.0,21.66499996185303,34.40499877929688,2.0,1.0,1,0.0
2025-02-02T18:28:00+00:00,2025-02-02T21:28:00+03:00,986.0,79.0,90.5,,9.0,21.52999973297119,34.35000038146973,2.0,1.0,1,0.0
2025-02-02T18:29:00+00:00,2025-02-02T21:29:00+03:00,942.0,85.5,90.5,,9.0,21.39499950408936,34.52500152587891,2.0,1.0,1,0.0
2025-02-02T18:30:00+00:00,2025-02-02T21:30:00+03:00,911.0,81.5,89.5,,9.0,21.29500007629395,34.56000137329102,2.0,1.0,1,0.0
2025-02-02T18:31:00+00:00,2025-02-02T21:31:00+03:00,878.0,86.5,95.0,,9.0,21.1899995803833,34.3849983215332,2.0,1.0,1,0.0
2025-02-02T18:32:00+00:00,2025-02-02T21:32:00+03:00,846.0,82.5,89.5,,9.0,21.10999965667725,34.39999961853027,2.0,1.0,1,0.0
2025-02-02T18:33:00+00:00,2025-02-02T21:33:00+03:00,813.5,79.5,86.0,,9.0,21.05000019073486,33.27499961853027,2.0,1.0,1,0.0
2025-02-02T18:34:00+00:00,2025-02-02T21:34:00+03:00,775.5,90.5,98.5,,9.0,20.97500038146973,32.83499908447266,2.0,1.0,1,0.0
2025-02-02T18:35:00+00:00,2025-02-02T21:35:00+03:00,748.0,97.0,102.0,,9.0,20.93000030517578,32.90999984741211,2.0,1.0,1,0.0
2025-02-02T18:36:00+00:00,2025-02-02T21:36:00+03:00,727.6666666666666,103.0,113.6666666666667,,9.0,20.77333323160807,33.71000035603841,2.0,1.0,1,0.0
2025-02-02T18:37:00+00:00,2025-02-02T21:37:00+03:00,732.5,113.5,126.5,,9.0,20.71500015258789,34.21500015258789,2.0,1.0,1,0.0
2025-02-02T18:38:00+00:00,2025-02-02T21:38:00+03:00,747.0,127.5,140.0,,9.0,20.70499992370605,34.70000076293945,2.0,1.0,1,0.0
2025-02-02T18:39:00+00:00,2025-02-02T21:39:00+03:00,756.0,118.0,136.0,,9.0,20.69000053405762,34.43000030517578,2.0,1.0,1,0.0
2025-02-02T18:40:00+00:00,2025-02-02T21:40:00+03:00,754.3333333333334,126.6666666666667,137.6666666666667,,9.0,20.65999984741211,34.21666590372721,2.0,1.0,1,0.0
2025-02-02T18:41:00+00:00,2025-02-02T21:41:00+03:00,740.5,133.5,147.0,,9.0,20.625,34.23999977111816,2.0,1.0,1,0.0
2025-02-02T18:42:00+00:00,2025-02-02T21:42:00+03:00,739.0,135.0,147.0,,9.0,20.6299991607666,34.68999862670898,2.0,1.0,1,0.0
2025-02-02T18:43:00+00:00,2025-02-02T21:43:00+03:00,740.6666666666666,134.0,147.6666666666667,,9.0,20.63000043233236,34.39666620890299,2.0,1.0,1,0.0
2025-02-02T18:44:00+00:00,2025-02-02T21:44:00+03:00,728.5,112.5,125.0,,9.0,20.5600004196167,33.79000091552734,2.0,1.0,1,0.0
2025-02-02T18:45:00+00:00,2025-02-02T21:45:00+03:00,711.0,120.5,133.0,,9.0,20.49499988555908,33.90999984741211,2.0,1.0,1,0.0
2025-02-02T18:46:00+00:00,2025-02-02T21:46:00+03:00,708.5,118.5,132.5,,9.0,20.44999980926514,33.55999946594238,2.0,1.0,1,0.0
2025-02-02T18:47:00+00:00,2025-02-02T21:47:00+03:00,704.0,111.5,129.0,,9.0,20.39000034332275,33.19499969482422,2.0,1.0,1,0.0
2025-02-02T18:48:00+00:00,2025-02-02T21:48:00+03:00,690.0,98.0,110.0,,9.0,20.26000022888184,32.06000137329102,2.0,1.0,1,0.0
2025-02-02T18:49:00+00:00,2025-02-02T21:49:00+03:00,670.6666666666666,117.6666666666667,131.3333333333333,,9.0,20.26333363850911,33.04333368937174,2.0,1.0,1,0.0
2025-02-02T18:50:00+00:00,2025-02-02T21:50:00+03:00,673.0,110.0,126.0,,9.0,20.27000045776367,33.7450008392334,2.0,1.0,1,0.0
2025-02-02T18:51:00+00:00,2025-02-02T21:51:00+03:00,685.0,117.0,126.0,,9.0,20.22999954223633,33.4900016784668,2.0,1.0,1,0.0
2025-02-02T18:52:00+00:00,2025-02-02T21:52:00+03:00,688.3333333333334,104.3333333333333,114.0,,9.0,20.27333323160807,33.46999994913737,2.0,1.0,1,0.0
2025-02-02T18:53:00+00:00,2025-02-02T21:53:00+03:00,690.5,102.5,115.0,,9.0,20.18000030517578,33.30499839782715,2.0,1.0,1,0.0
2025-02-02T18:54:00+00:00,2025-02-02T21:54:00+03:00,689.0,111.0,121.0,,9.0,20.09000015258789,33.36000061035156,2.0,1.0,1,0.0
2025-02-02T18:55:00+00:00,2025-02-02T21:55:00+03:00,682.6666666666666,110.0,119.6666666666667,,9.0,20.09333356221517,33.54333241780599,2.0,1.0,1,0.0
2025-02-02T18:56:00+00:00,2025-02-02T21:56:00+03:00,682.0,116.0,127.5,,9.0,20.10000038146973,33.57999992370605,2.0,1.0,1,0.0
2025-02-02T18:57:00+00:00,2025-02-02T21:57:00+03:00,682.0,111.0,124.0,,9.0,20.11000061035156,33.2400016784668,2.0,1.0,1,0.0
2025-02-02T18:58:00+00:00,2025-02-02T21:58:00+03:00,677.6666666666666,126.3333333333333,137.6666666666667,,9.0,20.02333323160807,32.86333465576172,2.0,1.0,1,0.0
2025-02-02T18:59:00+00:00,2025-02-02T21:59:00+03:00,665.0,133.0,153.5,,9.0,19.96999931335449,33.0099983215332,2.0,1.0,1,0.0
2025-02-02T19:00:00+00:00,2025-02-02T22:00:00+03:00,663.0,135.0,146.0,,9.0,19.98999977111816,33.09999847412109,2.0,1.0,1,0.0
2025-02-02T19:01:00+00:00,2025-02-02T22:01:00+03:00,664.0,138.0,150.6666666666667,,9.0,19.98333295186361,33.28333282470703,2.0,1.0,1,0.0
2025-02-02T19:02:00+00:00,2025-02-02T22:02:00+03:00,666.5,147.0,153.5,,9.0,19.96999931335449,33.35000038146973,2.0,1.0,1,0.0
2025-02-02T19:03:00+00:00,2025-02-02T22:03:00+03:00,668.0,140.0,156.0,,9.0,19.90499973297119,33.32500076293945,2.0,1.0,1,0.0
2025-02-02T19:04:00+00:00,2025-02-02T22:04:00+03:00,669.5,137.0,148.5,,9.0,19.90499973297119,33.47500038146973,2.0,1.0,1,0.0
2025-02-02T19:05:00+00:00,2025-02-02T22:05:00+03:00,671.5,130.5,136.0,,9.0,19.89499950408936,33.26000022888184,2.0,1.0,1,0.0
2025-02-02T19:06:00+00:00,2025-02-02T22:06:00+03:00,670.0,131.0,143.5,,9.0,19.8799991607666,32.85000038146973,2.0,1.0,1,0.0
2025-02-02T19:07:00+00:00,2025-02-02T22:07:00+03:00,660.5,128.5,144.5,,9.0,19.90499973297119,32.63500022888184,2.0,1.0,1,0.0
2025-02-02T19:08:00+00:00,2025-02-02T22:08:00+03:00,658.5,129.0,141.5,,9.0,19.89000034332275,32.94000053405762,2.0,1.0,1,0.0
2025-02-02T19:09:00+00:00,2025-02-02T22:09:00+03:00,658.5,116.5,128.0,,9.0,19.84000015258789,32.36999893188477,2.0,1.0,1,0.0
2025-02-02T19:10:00+00:00,2025-02-02T22:10:00+03:00,648.5,120.5,133.0,,9.0,19.82999992370605,32.41499900817871,2.0,1.0,1,0.0
2025-02-02T19:11:00+00:00,2025-02-02T22:11:00+03:00,643.5,123.0,134.0,,9.0,19.82999992370605,32.58500099182129,2.0,1.0,1,0.0
2025-02-02T19:12:00+00:00,2025-02-02T22:12:00+03:00,648.0,133.0,151.0,,9.0,19.82999992370605,32.88000106811523,2.0,1.0,1,0.0
2025-02-02T19:13:00+00:00,2025-02-02T22:13:00+03:00,654.3333333333334,123.6666666666667,136.3333333333333,,9.0,19.85666656494141,32.95999908447266,2.0,1.0,1,0.0
2025-02-02T19:14:00+00:00,2025-02-02T22:14:00+03:00,657.0,121.5,132.0,,9.0,19.88999938964844,33.11000061035156,2.0,1.0,1,0.0
2025-02-02T19:15:00+00:00,2025-02-02T22:15:00+03:00,660.0,126.5,136.0,,9.0,19.86499977111816,32.7549991607666,2.0,1.0,1,0.0
2025-02-02T19:16:00+00:00,2025-02-02T22:16:00+03:00,658.0,120.0,134.0,,9.0,19.81999969482422,32.81000137329102,2.0,1.0,1,0.0
2025-02-02T19:17:00+00:00,2025-02-02T22:17:00+03:00,652.0,118.3333333333333,128.3333333333333,,9.0,19.79333305358887,32.79666646321615,2.0,1.0,1,0.0
2025-02-02T19:18:00+00:00,2025-02-02T22:18:00+03:00,644.0,113.0,123.5,,9.0,19.69999980926514,32.15999984741211,2.0,1.0,1,0.0
2025-02-02T19:19:00+00:00,2025-02-02T22:19:00+03:00,639.0,122.0,134.0,,9.0,19.64999961853027,32.54000091552734,2.0,1.0,1,0.0
2025-02-02T19:20:00+00:00,2025-02-02T22:20:00+03:00,635.3333333333334,119.3333333333333,128.0,,9.0,19.66666666666667,32.51666641235352,2.0,1.0,1,0.0
2025-02-02T19:21:00+00:00,2025-02-02T22:21:00+03:00,637.0,122.0,136.0,,9.0,19.73999977111816,32.77000045776367,2.0,1.0,1,0.0
2025-02-02T19:22:00+00:00,2025-02-02T22:22:00+03:00,640.5,116.0,132.0,,9.0,19.75500011444092,32.41499900817871,2.0,1.0,1,0.0
2025-02-02T19:23:00+00:00,2025-02-02T22:23:00+03:00,639.6666666666666,119.3333333333333,133.0,,9.0,19.75999959309896,32.41666539510091,2.0,1.0,1,0.0
2025-02-02T19:24:00+00:00,2025-02-02T22:24:00+03:00,639.0,125.5,136.0,,9.0,19.74499988555908,32.4950008392334,2.0,1.0,1,0.0
2025-02-02T19:25:00+00:00,2025-02-02T22:25:00+03:00,628.5,115.0,131.0,,9.0,19.69999980926514,31.8700008392334,2.0,1.0,1,0.0
2025-02-02T19:26:00+00:00,2025-02-02T22:26:00+03:00,621.5,125.0,135.5,,9.0,19.60499954223633,31.76500034332275,2.0,1.0,1,0.0
2025-02-02T19:27:00+00:00,2025-02-02T22:27:00+03:00,615.0,124.0,133.0,,9.0,19.54500007629395,31.65500068664551,2.0,1.0,1,0.0
2025-02-02T19:28:00+00:00,2025-02-02T22:28:00+03:00,618.0,124.0,134.5,,9.0,19.47499942779541,31.82499980926514,2.0,1.0,1,0.0
2025-02-02T19:29:00+00:00,2025-02-02T22:29:00+03:00,615.5,127.5,144.0,,9.0,19.44500064849854,31.79499912261963,2.0,1.0,1,0.0
2025-02-02T19:30:00+00:00,2025-02-02T22:30:00+03:00,613.0,120.0,135.0,,9.0,19.45000076293945,31.36000061035156,2.0,1.0,1,0.0
2025-02-02T19:31:00+00:00,2025-02-02T22:31:00+03:00,607.6666666666666,118.6666666666667,131.3333333333333,,9.0,19.36666679382324,31.40666707356771,2.0,1.0,1,0.0
2025-02-02T19:32:00+00:00,2025-02-02T22:32:00+03:00,601.0,121.0,128.0,,9.0,19.34000015258789,31.6200008392334,2.0,1.0,1,0.0
2025-02-02T19:33:00+00:00,2025-02-02T22:33:00+03:00,601.0,114.3333333333333,125.0,,9.0,19.31666692097982,31.43999989827474,2.0,1.0,1,0.0
2025-02-02T19:34:00+00:00,2025-02-02T22:34:00+03:00,599.0,113.0,124.5,,9.0,19.27000045776367,31.5,2.0,1.0,1,0.0
2025-02-02T19:35:00+00:00,2025-02-02T22:35:00+03:00,597.0,109.0,124.0,,9.0,19.25,31.60000038146973,2.0,1.0,1,0.0
2025-02-02T19:36:00+00:00,2025-02-02T22:36:00+03:00,597.0,108.5,121.5,,9.0,19.26500034332275,31.40999984741211,2.0,1.0,1,0.0
2025-02-02T19:37:00+00:00,2025-02-02T22:37:00+03:00,595.3333333333334,116.3333333333333,127.6666666666667,,9.0,19.31666628519694,31.69666608174642,2.0,1.0,1,0.0
2025-02-02T19:38:00+00:00,2025-02-02T22:38:00+03:00,599.5,107.5,119.0,,9.0,19.31999969482422,31.53999996185303,2.0,1.0,1,0.0
2025-02-02T19:39:00+00:00,2025-02-02T22:39:00+03:00,600.0,112.0,118.0,,9.0,19.34000015258789,31.53000068664551,2.0,1.0,1,0.0
2025-02-02T19:40:00+00:00,2025-02-02T22:40:00+03:00,598.6666666666666,98.33333333333333,105.3333333333333,,9.0,19.28333346048991,31.15333366394043,1.0,0.3,1,0.2
2025-02-02T19:41:00+00:00,2025-02-02T22:41:00+03:00,591.0,90.0,101.0,,9.0,19.18000030517578,30.84000015258789,1.0,0.3,1,0.2
2025-02-02T19:42:00+00:00,2025-02-02T22:42:00+03:00,584.5,75.0,81.5,,9.0,18.90499973297119,29.98500061035156,1.0,0.3,1,0.2
2025-02-02T19:43:00+00:00,2025-02-02T22:43:00+03:00,562.5,83.0,87.0,,9.0,18.85000038146973,30.11499977111816,1.0,0.3,1,0.2
2025-02-02T19:44:00+00:00,2025-02-02T22:44:00+03:00,553.3333333333334,84.66666666666667,93.66666666666667,,9.0,18.91999944051107,30.43333307902018,1.0,0.3,1,0.2
2025-02-02T19:45:00+00:00,2025-02-02T22:45:00+03:00,552.0,83.0,98.0,,9.0,19.02000045776367,30.55999946594238,1.0,0.3,1,0.2
2025-02-02T19:46:00+00:00,2025-02-02T22:46:00+03:00,552.0,74.0,79.5,,8.0,19.0,30.10999965667725,1.0,0.3,1,0.2
2025-02-02T19:47:00+00:00,2025-02-02T22:47:00+03:00,546.6666666666666,63.33333333333334,68.33333333333333,,7.0,18.99333318074544,29.39333279927571,1.0,0.3,1,0.2
2025-02-02T19:48:00+00:00,2025-02-02T22:48:00+03:00,534.0,59.0,66.0,,7.0,18.95999908447266,28.95999908447266,1.0,0.3,1,0.2
2025-02-02T19:49:00+00:00,2025-02-02T22:49:00+03:00,519.3333333333334,56.66666666666666,63.0,,7.0,18.90999984741211,28.62666702270508,1.0,0.3,1,0.2
2025-02-02T19:50:00+00:00,2025-02-02T22:50:00+03:00,518.0,56.0,61.5,,7.0,18.92000007629395,28.91499996185303,1.0,0.3,1,0.2
2025-02-02T19:51:00+00:00,2025-02-02T22:51:00+03:00,512.0,57.0,62.0,,7.0,18.89999961853027,28.81999969482422,1.0,0.3,1,0.2
2025-02-02T19:52:00+00:00,2025-02-02T22:52:00+03:00,512.0,45.5,49.0,,6.0,18.875,28.26000022888184,1.0,0.3,1,0.2
2025-02-02T19:53:00+00:00,2025-02-02T22:53:00+03:00,499.3333333333333,36.0,41.33333333333334,,5.0,18.84666697184245,27.61333338419596,1.0,0.3,1,0.2
2025-02-02T19:54:00+00:00,2025-02-02T22:54:00+03:00,480.0,35.5,36.0,,5.0,18.80000019073486,27.375,1.0,0.3,1,0.2
2025-02-02T19:55:00+00:00,2025-02-02T22:55:00+03:00,481.0,30.0,37.0,,4.0,18.76000022888184,27.14999961853027,1.0,0.3,1,0.2
2025-02-02T19:56:00+00:00,2025-02-02T22:56:00+03:00,474.0,32.0,34.0,,4.0,18.78499984741211,27.3100004196167,1.0,0.3,1,0.2
2025-02-02T19:57:00+00:00,2025-02-02T22:57:00+03:00,462.6666666666667,25.0,27.66666666666667,,4.0,18.81666692097982,26.76666641235352,1.0,0.3,1,0.2
2025-02-02T19:58:00+00:00,2025-02-02T22:58:00+03:00,456.0,26.0,26.5,,4.0,18.79500007629395,26.75500011444092,1.0,0.3,1,0.2
2025-02-02T19:59:00+00:00,2025-02-02T22:59:00+03:00,455.0,28.0,30.0,,4.0,18.80999946594238,26.82999992370605,1.0,0.3,1,0.2
2025-02-02T20:00:00+00:00,2025-02-02T23:00:00+03:00,455.5,29.0,32.5,,4.0,18.76999950408936,27.15999984741211,1.0,0.1,1,0.0
2025-02-02T20:01:00+00:00,2025-02-02T23:01:00+03:00,460.6666666666667,24.0,26.66666666666667,,3.0,18.74333318074544,26.87333297729492,1.0,0.1,1,0.0
2025-02-02T20:02:00+00:00,2025-02-02T23:02:00+03:00,460.0,26.0,26.0,,4.0,18.75,26.79000091552734,1.0,0.1,1,0.0
2025-02-02T20:03:00+00:00,2025-02-02T23:03:00+03:00,458.0,30.66666666666667,35.0,,4.0,18.76666641235352,27.17666625976562,1.0,0.1,1,0.0
2025-02-02T20:04:00+00:00,2025-02-02T23:04:00+03:00,476.5,44.0,47.5,,5.0,19.01500034332275,28.82499980926514,1.0,0.1,1,0.0
2025-02-02T20:05:00+00:00,2025-02-02T23:05:00+03:00,532.0,51.0,59.0,,6.0,19.3700008392334,31.01000022888184,1.0,0.1,1,0.0
2025-02-02T20:06:00+00:00,2025-02-02T23:06:00+03:00,701.3333333333334,58.0,61.66666666666666,,7.0,19.81000010172526,32.5533332824707,1.0,0.1,1,0.0
2025-02-02T20:07:00+00:00,2025-02-02T23:07:00+03:00,874.0,62.5,67.0,,7.0,20.23499965667725,33.34500122070312,1.0,0.1,1,0.0
2025-02-02T20:08:00+00:00,2025-02-02T23:08:00+03:00,908.0,64.0,72.0,,7.0,20.44000053405762,33.22999954223633,1.0,0.1,1,0.0
2025-02-02T20:09:00+00:00,2025-02-02T23:09:00+03:00,918.0,66.5,74.5,,8.0,20.60999965667725,33.03499984741211,1.0,0.1,1,0.0
2025-02-02T20:10:00+00:00,2025-02-02T23:10:00+03:00,922.0,84.66666666666667,90.66666666666667,,9.0,20.81666692097982,32.77333196004232,1.0,0.1,1,0.0
2025-02-02T20:11:00+00:00,2025-02-02T23:11:00+03:00,923.5,96.0,103.5,,9.0,20.93499946594238,32.52499961853027,1.0,0.1,1,0.0
2025-02-02T20:12:00+00:00,2025-02-02T23:12:00+03:00,921.0,110.0,113.0,,9.0,21.03000068664551,32.68000030517578,1.0,0.1,1,0.0
2025-02-02T20:13:00+00:00,2025-02-02T23:13:00+03:00,913.6666666666666,134.0,151.6666666666667,,9.0,21.05999946594238,32.55666732788086,1.0,0.1,1,0.0
2025-02-02T20:14:00+00:00,2025-02-02T23:14:00+03:00,878.0,158.0,167.0,,9.0,21.02000045776367,31.69000053405762,1.0,1.0,1,0.0
2025-02-02T20:15:00+00:00,2025-02-02T23:15:00+03:00,803.0,179.0,195.0,,9.0,20.85000038146973,30.43000030517578,1.0,1.0,1,0.0
2025-02-02T20:16:00+00:00,2025-02-02T23:16:00+03:00,683.0,250.3333333333333,266.6666666666667,,9.0,20.50333340962728,29.25,1.0,1.0,1,0.0
2025-02-02T20:17:00+00:00,2025-02-02T23:17:00+03:00,611.0,213.0,234.0,,9.0,20.01999950408936,28.36999988555908,1.0,1.0,1,0.0
2025-02-02T20:18:00+00:00,2025-02-02T23:18:00+03:00,590.0,197.0,216.0,,9.0,19.98999977111816,28.69000053405762,1.0,1.0,1,0.0
2025-02-02T20:19:00+00:00,2025-02-02T23:19:00+03:00,577.3333333333334,198.3333333333333,220.3333333333333,,9.0,20.42333348592122,28.89666684468587,1.0,1.0,1,0.0
2025-02-02T20:20:00+00:00,2025-02-02T23:20:00+03:00,585.0,191.5,208.0,,9.0,20.89999961853027,29.13000011444092,1.0,1.0,1,0.0
2025-02-02T20:21:00+00:00,2025-02-02T23:21:00+03:00,592.0,150.0,167.0,,9.0,21.07999992370605,27.95000076293945,1.0,1.0,1,0.0
2025-02-02T20:22:00+00:00,2025-02-02T23:22:00+03:00,581.5,162.0,179.5,,9.0,21.21000003814697,27.69999980926514,1.0,0.1,1,0.0
2025-02-02T20:23:00+00:00,2025-02-02T23:23:00+03:00,581.5,156.5,171.5,,9.0,21.43499946594238,28.39000034332275,1.0,0.1,1,0.0
2025-02-02T20:24:00+00:00,2025-02-02T23:24:00+03:00,614.3333333333334,154.3333333333333,165.3333333333333,,9.0,21.64333279927571,29.75,1.0,0.1,1,0.0
2025-02-02T20:25:00+00:00,2025-02-02T23:25:00+03:00,661.0,143.0,160.0,,9.0,21.78000068664551,30.15999984741211,1.0,0.1,1,0.0
2025-02-02T20:26:00+00:00,2025-02-02T23:26:00+03:00,717.0,146.3333333333333,162.0,,9.0,21.83666737874349,30.27333323160807,1.0,0.1,1,0.0
2025-02-02T20:27:00+00:00,2025-02-02T23:27:00+03:00,760.0,149.0,159.0,,9.0,21.90999984741211,30.38999938964844,1.0,0.1,1,0.0
2025-02-02T20:28:00+00:00,2025-02-02T23:28:00+03:00,772.3333333333334,147.0,160.6666666666667,,9.0,21.9466667175293,30.4466667175293,1.0,0.1,1,0.0
2025-02-02T20:29:00+00:00,2025-02-02T23:29:00+03:00,787.0,140.0,156.0,,9.0,22.0,30.45999908447266,1.0,0.1,1,0.0
2025-02-02T20:30:00+00:00,2025-02-02T23:30:00+03:00,791.3333333333334,142.3333333333333,153.0,,9.0,22.04333368937175,30.25666618347168,1.0,0.1,1,0.0
2025-02-02T20:31:00+00:00,2025-02-02T23:31:00+03:00,793.0,134.0,140.0,,9.0,22.1200008392334,30.22999954223633,1.0,0.1,1,0.0
2025-02-02T20:32:00+00:00,2025-02-02T23:32:00+03:00,792.0,144.0,161.0,,9.0,22.15999984741211,30.21500015258789,1.0,0.1,1,0.0
2025-02-02T20:33:00+00:00,2025-02-02T23:33:00+03:00,792.0,134.5,150.5,,9.0,22.21000003814697,30.15999984741211,1.0,0.1,1,0.0
2025-02-02T20:34:00+00:00,2025-02-02T23:34:00+03:00,790.0,133.3333333333333,145.0,,9.0,22.26333363850911,30.06999969482422,1.0,0.1,1,0.0
2025-02-02T20:35:00+00:00,2025-02-02T23:35:00+03:00,790.0,135.0,149.0,,9.0,22.29999923706055,30.17000007629395,1.0,0.1,1,0.0
2025-02-02T20:36:00+00:00,2025-02-02T23:36:00+03:00,793.0,124.5,133.0,,9.0,22.30999946594238,29.93000030517578,1.0,0.1,1,0.0
2025-02-02T20:37:00+00:00,2025-02-02T23:37:00+03:00,787.5,122.5,134.0,,9.0,22.38499927520752,30.0,1.0,0.1,1,0.0
2025-02-02T20:38:00+00:00,2025-02-02T23:38:00+03:00,787.0,130.5,143.5,,9.0,22.39999961853027,29.94000053405762,1.0,0.1,1,0.0
2025-02-02T20:39:00+00:00,2025-02-02T23:39:00+03:00,789.6666666666666,125.6666666666667,136.3333333333333,,9.0,22.43666712443034,29.93666648864746,1.0,0.1,1,0.0
2025-02-02T20:40:00+00:00,2025-02-02T23:40:00+03:00,791.0,116.0,125.0,,9.0,22.45999908447266,29.79999923706055,1.0,0.1,1,0.0
2025-02-02T20:41:00+00:00,2025-02-02T23:41:00+03:00,790.6666666666666,117.6666666666667,124.0,,9.0,22.48333358764648,29.66333325703939,1.0,0.1,1,0.0
2025-02-02T20:42:00+00:00,2025-02-02T23:42:00+03:00,791.0,114.5,122.0,,9.0,22.52999973297119,29.41499996185303,1.0,0.1,1,0.0
2025-02-02T20:43:00+00:00,2025-02-02T23:43:00+03:00,783.0,106.0,110.0,,9.0,22.56999969482422,28.79000091552734,1.0,0.1,1,0.0
2025-02-02T20:44:00+00:00,2025-02-02T23:44:00+03:00,770.0,110.0,115.5,,9.0,22.52999973297119,28.97500038146973,1.0,0.1,1,0.0
2025-02-02T20:45:00+00:00,2025-02-02T23:45:00+03:00,764.0,108.0,118.5,,9.0,22.55499935150146,29.03499984741211,1.0,0.1,1,0.0
2025-02-02T20:46:00+00:00,2025-02-02T23:46:00+03:00,769.0,107.0,118.0,,9.0,22.57999992370605,28.94333330790202,1.0,0.1,1,0.0
2025-02-02T20:47:00+00:00,2025-02-02T23:47:00+03:00,772.0,105.0,114.0,,9.0,22.61000061035156,28.94000053405762,1.0,0.1,1,0.0
2025-02-02T20:48:00+00:00,2025-02-02T23:48:00+03:00,773.3333333333334,104.6666666666667,114.3333333333333,,9.0,22.6233336130778,29.10333315531413,1.0,0.1,1,0.0
2025-02-02T20:49:00+00:00,2025-02-02T23:49:00+03:00,779.0,102.0,110.0,,9.0,22.6299991607666,29.05999946594238,1.0,0.1,1,0.0
2025-02-02T20:50:00+00:00,2025-02-02T23:50:00+03:00,778.3333333333334,105.6666666666667,112.3333333333333,,9.0,22.646666208903,29.03666687011719,1.0,0.1,1,0.0
2025-02-02T20:51:00+00:00,2025-02-02T23:51:00+03:00,779.0,100.0,108.0,,9.0,22.65999984741211,28.70999908447266,1.0,0.1,1,0.0
2025-02-02T20:52:00+00:00,2025-02-02T23:52:00+03:00,775.0,98.0,104.5,,9.0,22.67500019073486,28.92500019073486,1.0,0.1,1,0.0
2025-02-02T20:53:00+00:00,2025-02-02T23:53:00+03:00,776.6666666666666,99.0,106.0,,9.0,22.75333340962728,29.11333338419596,1.0,0.1,1,0.0
2025-02-02T20:54:00+00:00,2025-02-02T23:54:00+03:00,778.5,100.0,105.0,,9.0,22.74499988555908,29.01499938964844,1.0,0.1,1,0.0
2025-02-02T20:55:00+00:00,2025-02-02T23:55:00+03:00,780.0,97.0,103.0,,9.0,22.73999977111816,29.30999946594238,1.0,0.1,1,0.0
2025-02-02T20:56:00+00:00,2025-02-02T23:56:00+03:00,778.3333333333334,94.33333333333333,102.3333333333333,,9.0,22.75333340962728,29.0733331044515,1.0,0.1,1,0.0
2025-02-02T20:57:00+00:00,2025-02-02T23:57:00+03:00,777.0,93.0,100.0,,9.0,22.75,28.88999938964844,1.0,0.1,1,0.0
2025-02-02T20:58:00+00:00,2025-02-02T23:58:00+03:00,777.0,94.0,105.0,,9.0,22.78000068664551,29.18000030517578,1.0,0.1,1,0.0
2025-02-02T20:59:00+00:00,2025-02-02T23:59:00+03:00,783.3333333333334,92.33333333333333,101.0,,9.0,22.83333333333333,29.02333323160807,1.0,0.1,1,0.0
