utc dates,local dates,CO2 (PARTS_PER_MILLION),PM25 (MICROGRAMS_PER_CUBIC_METER),PM10 (MICROGRAMS_PER_CUBIC_METER),TVOC (PARTS_PER_BILLION),IAQI (IAQI),TEMPERATURE (CELSIUS),HUMIDITY (PERCENT),people,door,ventilation,window
2025-02-02T21:00:00+00:00,2025-02-03T00:00:00+03:00,784.0,91.0,97.0,,9.0,22.84000015258789,28.69000053405762,1,0.5,1.0,0.0
2025-02-02T21:01:00+00:00,2025-02-03T00:01:00+03:00,782.5,89.5,92.5,,9.0,22.86000061035156,28.64499950408936,1,0.5,1.0,0.0
2025-02-02T21:02:00+00:00,2025-02-03T00:02:00+03:00,769.6666666666666,88.33333333333333,96.33333333333333,,9.0,22.86333401997884,28.65000025431315,1,0.5,1.0,0.0
2025-02-02T21:03:00+00:00,2025-02-03T00:03:00+03:00,767.0,83.0,91.0,,9.0,22.81999969482422,28.92000007629395,1,0.5,1.0,0.0
2025-02-02T21:04:00+00:00,2025-02-03T00:04:00+03:00,769.5,88.5,92.5,,9.0,22.84500026702881,28.96000003814697,1,0.5,1.0,0.0
2025-02-02T21:05:00+00:00,2025-02-03T00:05:00+03:00,777.3333333333334,89.66666666666667,97.33333333333333,,9.0,22.86333401997884,29.01000022888184,1,0.5,1.0,0.0
2025-02-02T21:06:00+00:00,2025-02-03T00:06:00+03:00,782.0,76.0,84.0,,9.0,22.90999984741211,28.95000076293945,1,0.5,1.0,0.0
2025-02-02T21:07:00+00:00,2025-02-03T00:07:00+03:00,781.5,86.5,92.5,,9.0,22.875,29.01999950408936,1,0.5,1.0,0.0
2025-02-02T21:08:00+00:00,2025-02-03T00:08:00+03:00,783.0,84.33333333333333,87.66666666666667,,9.0,22.85666656494141,29.04999987284343,1,0.5,1.0,0.0
2025-02-02T21:09:00+00:00,2025-02-03T00:09:00+03:00,781.0,79.0,85.0,,9.0,22.80999946594238,28.95000076293945,1,0.5,1.0,0.0
2025-02-02T21:10:00+00:00,2025-02-03T00:10:00+03:00,779.0,77.0,82.5,,9.0,22.79500007629395,28.9350004196167,1,0.5,1.0,0.0
2025-02-02T21:11:00+00:00,2025-02-03T00:11:00+03:00,774.3333333333334,76.33333333333333,86.33333333333333,,9.0,22.76000022888184,28.88666661580404,1,0.5,1.0,0.0
2025-02-02T21:12:00+00:00,2025-02-03T00:12:00+03:00,769.0,80.0,87.0,,9.0,22.70000076293945,28.69000053405762,1,0.5,1.0,0.0
2025-02-02T21:13:00+00:00,2025-02-03T00:13:00+03:00,764.0,74.0,85.5,,8.0,22.69499969482422,28.88000011444092,1,0.5,1.0,0.0
2025-02-02T21:14:00+00:00,2025-02-03T00:14:00+03:00,760.0,70.5,78.0,,8.0,22.67500019073486,28.72999954223633,1,0.5,1.0,0.0
2025-02-02T21:15:00+00:00,2025-02-03T00:15:00+03:00,759.0,70.0,75.5,,8.0,22.64499950408936,28.55000019073486,1,0.5,1.0,0.0
2025-02-02T21:16:00+00:00,2025-02-03T00:16:00+03:00,755.0,71.0,76.5,,8.0,22.6850004196167,28.98499965667725,1,0.5,1.0,0.0
2025-02-02T21:17:00+00:00,2025-02-03T00:17:00+03:00,757.6666666666666,72.0,76.0,,8.0,22.69333394368489,29.06000010172526,1,0.5,1.0,0.0
2025-02-02T21:18:00+00:00,2025-02-03T00:18:00+03:00,762.0,69.0,74.0,,8.0,22.70000076293945,29.15999984741211,1,0.5,1.0,0.0
2025-02-02T21:19:00+00:00,2025-02-03T00:19:00+03:00,760.0,64.66666666666667,67.66666666666667,,7.0,22.70666631062825,28.92666625976562,1,0.5,1.0,0.0
2025-02-02T21:20:00+00:00,2025-02-03T00:20:00+03:00,751.0,65.0,68.0,,8.0,22.68000030517578,28.68000030517578,1,0.5,1.0,0.0
2025-02-02T21:21:00+00:00,2025-02-03T00:21:00+03:00,741.6666666666666,65.0,69.0,,8.0,22.65666643778483,28.66666666666667,1,0.5,1.0,0.0
2025-02-02T21:22:00+00:00,2025-02-03T00:22:00+03:00,742.0,63.0,68.0,,7.0,22.59000015258789,28.66499996185303,1,0.5,1.0,0.0
2025-02-02T21:23:00+00:00,2025-02-03T00:23:00+03:00,743.0,66.0,68.0,,8.0,22.60000038146973,28.80999946594238,1,0.5,1.0,0.0
2025-02-02T21:24:00+00:00,2025-02-03T00:24:00+03:00,747.0,60.33333333333334,64.66666666666667,,7.0,22.5733331044515,28.93999989827474,1,0.5,1.0,0.0
2025-02-02T21:25:00+00:00,2025-02-03T00:25:00+03:00,749.0,60.0,67.0,,7.0,22.61000061035156,28.95000076293945,1,0.5,1.0,0.0
2025-02-02T21:26:00+00:00,2025-02-03T00:26:00+03:00,750.0,61.5,67.0,,7.0,22.58500003814697,29.07499980926514,1,0.5,1.0,0.0
2025-02-02T21:27:00+00:00,2025-02-03T00:27:00+03:00,755.0,62.0,64.0,,7.0,22.64333343505859,29.06999969482422,1,0.5,1.0,0.0
2025-02-02T21:28:00+00:00,2025-02-03T00:28:00+03:00,760.0,56.0,59.0,,7.0,22.65999984741211,28.95000076293945,1,0.5,1.0,0.0
2025-02-02T21:29:00+00:00,2025-02-03T00:29:00+03:00,762.0,60.5,67.0,,7.0,22.625,28.66499996185303,1,0.5,1.0,0.0
2025-02-02T21:30:00+00:00,2025-02-03T00:30:00+03:00,747.3333333333334,56.0,58.0,,7.0,22.57999992370605,28.71666717529297,1,0.5,1.0,0.0
2025-02-02T21:31:00+00:00,2025-02-03T00:31:00+03:00,740.0,61.0,63.0,,7.0,22.59000015258789,28.95999908447266,1,0.5,1.0,0.0
2025-02-02T21:32:00+00:00,2025-02-03T00:32:00+03:00,744.5,62.0,66.0,,7.0,22.60500049591064,29.13499927520752,1,0.5,1.0,0.0
2025-02-02T21:33:00+00:00,2025-02-03T00:33:00+03:00,759.3333333333334,56.66666666666666,62.66666666666666,,7.0,22.63999938964844,29.03000068664551,1,0.5,1.0,0.0
2025-02-02T21:34:00+00:00,2025-02-03T00:34:00+03:00,758.0,52.0,54.0,,6.0,22.63999938964844,28.92000007629395,1,0.5,1.0,0.0
2025-02-02T21:35:00+00:00,2025-02-03T00:35:00+03:00,758.0,53.0,58.0,,6.0,22.61999988555908,28.82999992370605,1,0.5,1.0,0.0
2025-02-02T21:36:00+00:00,2025-02-03T00:36:00+03:00,754.6666666666666,52.33333333333334,55.66666666666666,,6.0,22.57666651407878,28.67000007629395,1,0.5,1.0,0.0
2025-02-02T21:37:00+00:00,2025-02-03T00:37:00+03:00,749.0,52.0,52.0,,6.0,22.54999923706055,28.59000015258789,1,0.5,1.0,0.0
2025-02-02T21:38:00+00:00,2025-02-03T00:38:00+03:00,746.0,55.5,59.0,,7.0,22.54999923706055,28.76500034332275,1,0.5,1.0,0.0
2025-02-02T21:39:00+00:00,2025-02-03T00:39:00+03:00,743.5,53.5,58.5,,6.0,22.54000091552734,28.75,1,0.5,1.0,0.0
2025-02-02T21:40:00+00:00,2025-02-03T00:40:00+03:00,743.0,50.5,57.0,,6.0,22.54000091552734,28.85000038146973,1,0.5,1.0,0.0
2025-02-02T21:41:00+00:00,2025-02-03T00:41:00+03:00,743.0,48.0,51.0,,6.0,22.53500080108643,28.6850004196167,1,0.1,1.0,0.0
2025-02-02T21:42:00+00:00,2025-02-03T00:42:00+03:00,740.6666666666666,48.33333333333334,52.0,,6.0,22.48999977111816,28.75333340962728,1,0.1,1.0,0.0
2025-02-02T21:43:00+00:00,2025-02-03T00:43:00+03:00,742.0,45.0,47.0,,6.0,22.47999954223633,28.98999977111816,1,0.1,1.0,0.0
2025-02-02T21:44:00+00:00,2025-02-03T00:44:00+03:00,747.0,47.0,52.5,,6.0,22.52500057220459,29.09000015258789,1,0.1,1.0,0.0
2025-02-02T21:45:00+00:00,2025-02-03T00:45:00+03:00,758.0,52.0,55.5,,6.0,22.58500003814697,29.30000019073486,1,0.1,1.0,0.0
2025-02-02T21:46:00+00:00,2025-02-03T00:46:00+03:00,769.5,51.0,56.0,,6.0,22.625,29.24499988555908,1,0.1,1.0,0.0
2025-02-02T21:47:00+00:00,2025-02-03T00:47:00+03:00,776.5,53.0,59.0,,6.0,22.71500015258789,29.70499992370605,1,0.1,1.0,0.0
2025-02-02T21:48:00+00:00,2025-02-03T00:48:00+03:00,795.0,51.33333333333334,55.0,,6.0,22.78666623433431,29.85666656494141,1,0.1,1.0,0.0
2025-02-02T21:49:00+00:00,2025-02-03T00:49:00+03:00,806.0,59.0,61.0,,7.0,22.8700008392334,30.09000015258789,1,0.1,1.0,0.0
2025-02-02T21:50:00+00:00,2025-02-03T00:50:00+03:00,810.5,49.5,52.0,,6.0,22.89499950408936,29.89499950408936,1,0.1,1.0,0.0
2025-02-02T21:51:00+00:00,2025-02-03T00:51:00+03:00,808.6666666666666,51.66666666666666,57.33333333333334,,6.0,22.95000012715657,29.77333386739095,1,0.1,1.0,0.0
2025-02-02T21:52:00+00:00,2025-02-03T00:52:00+03:00,808.0,50.0,55.0,,6.0,23.02000045776367,29.90999984741211,1,0.1,1.0,0.0
2025-02-02T21:53:00+00:00,2025-02-03T00:53:00+03:00,809.5,49.0,53.5,,6.0,23.02999973297119,29.8700008392334,1,0.1,1.0,0.0
2025-02-02T21:54:00+00:00,2025-02-03T00:54:00+03:00,815.0,51.33333333333334,55.0,,6.0,23.02333386739095,29.82999992370605,1,0.1,1.0,0.0
2025-02-02T21:55:00+00:00,2025-02-03T00:55:00+03:00,818.0,49.0,54.0,,6.0,23.03000068664551,29.71999931335449,1,0.1,1.0,0.0
2025-02-02T21:56:00+00:00,2025-02-03T00:56:00+03:00,817.5,51.5,55.0,,6.0,23.04500007629395,29.93000030517578,1,0.1,1.0,0.0
2025-02-02T21:57:00+00:00,2025-02-03T00:57:00+03:00,817.6666666666666,48.66666666666666,53.33333333333334,,6.0,23.0533332824707,29.96666653951009,1,0.1,1.0,0.0
2025-02-02T21:58:00+00:00,2025-02-03T00:58:00+03:00,819.0,46.0,49.0,,6.0,23.03000068664551,29.90999984741211,1,0.1,1.0,0.0
2025-02-02T21:59:00+00:00,2025-02-03T00:59:00+03:00,819.0,49.0,56.5,,6.0,23.07999992370605,29.875,1,0.1,1.0,0.0
2025-02-02T22:00:00+00:00,2025-02-03T01:00:00+03:00,821.0,47.66666666666666,51.33333333333334,,6.0,23.07999992370605,29.80999946594238,1,0.1,1.0,0.0
2025-02-02T22:01:00+00:00,2025-02-03T01:01:00+03:00,820.0,181.0,200.0,,9.0,23.14999961853027,29.54999923706055,1,0.1,1.0,0.0
2025-02-02T22:02:00+00:00,2025-02-03T01:02:00+03:00,806.0,64.5,65.5,,7.0,23.20499992370605,29.64000034332275,1,0.1,1.0,0.0
2025-02-02T22:03:00+00:00,2025-02-03T01:03:00+03:00,804.5,56.0,61.5,,7.0,23.20999908447266,29.86999988555908,1,0.1,1.0,0.0
2025-02-02T22:04:00+00:00,2025-02-03T01:04:00+03:00,816.0,57.5,63.5,,7.0,23.19500064849854,30.01000022888184,1,0.1,1.0,0.0
2025-02-02T22:05:00+00:00,2025-02-03T01:05:00+03:00,826.0,59.5,64.5,,7.0,23.19500064849854,30.15500068664551,1,0.1,1.0,0.0
2025-02-02T22:06:00+00:00,2025-02-03T01:06:00+03:00,834.5,61.0,64.0,,7.0,23.17000007629395,29.97999954223633,1,0.1,1.0,0.0
2025-02-02T22:07:00+00:00,2025-02-03T01:07:00+03:00,830.0,61.0,64.66666666666667,,7.0,23.17000007629395,29.86333401997884,1,0.1,1.0,0.0
2025-02-02T22:08:00+00:00,2025-02-03T01:08:00+03:00,826.0,64.0,69.0,,7.0,23.14999961853027,29.97999954223633,1,0.1,1.0,0.0
2025-02-02T22:09:00+00:00,2025-02-03T01:09:00+03:00,825.5,62.0,68.0,,7.0,23.17500019073486,29.9350004196167,1,0.1,1.0,0.0
2025-02-02T22:10:00+00:00,2025-02-03T01:10:00+03:00,826.0,62.0,64.33333333333333,,7.0,23.18666712443034,29.93333371480306,1,0.1,1.0,0.0
2025-02-02T22:11:00+00:00,2025-02-03T01:11:00+03:00,826.0,64.0,69.0,,7.0,23.15999984741211,30.23999977111816,1,0.1,1.0,0.0
2025-02-02T22:12:00+00:00,2025-02-03T01:12:00+03:00,833.5,61.5,65.0,,7.0,23.21499919891357,30.35499954223633,1,0.1,1.0,0.0
2025-02-02T22:13:00+00:00,2025-02-03T01:13:00+03:00,844.3333333333334,60.66666666666666,64.0,,7.0,23.25,30.57666714986165,1,0.1,1.0,0.0
2025-02-02T22:14:00+00:00,2025-02-03T01:14:00+03:00,850.0,69.0,80.0,,8.0,23.22999954223633,30.48999977111816,1,0.1,1.0,0.0
2025-02-02T22:15:00+00:00,2025-02-03T01:15:00+03:00,853.0,69.5,71.0,,8.0,23.25,30.38500022888184,1,0.1,1.0,0.0
2025-02-02T22:16:00+00:00,2025-02-03T01:16:00+03:00,854.5,71.5,76.5,,8.0,23.26500034332275,30.46000003814697,1,0.1,1.0,0.0
2025-02-02T22:17:00+00:00,2025-02-03T01:17:00+03:00,855.5,70.5,75.5,,8.0,23.23499965667725,30.57499980926514,1,0.1,1.0,0.0
2025-02-02T22:18:00+00:00,2025-02-03T01:18:00+03:00,856.5,81.5,89.0,,9.0,23.28000068664551,30.60999965667725,2,1.0,1.0,0.0
2025-02-02T22:19:00+00:00,2025-02-03T01:19:00+03:00,841.6666666666666,208.0,219.6666666666667,,9.0,23.29333368937175,29.25666681925456,1,0.1,1.0,0.0
2025-02-02T22:20:00+00:00,2025-02-03T01:20:00+03:00,820.0,99.0,104.0,,9.0,23.30999946594238,29.8700008392334,1,0.1,1.0,0.0
2025-02-02T22:21:00+00:00,2025-02-03T01:21:00+03:00,832.5,99.5,105.0,,9.0,23.28500080108643,29.7450008392334,1,0.1,1.0,0.0
2025-02-02T22:22:00+00:00,2025-02-03T01:22:00+03:00,845.3333333333334,95.0,100.0,,9.0,23.24666659037272,29.07999992370605,1,0.1,1.0,0.0
2025-02-02T22:23:00+00:00,2025-02-03T01:23:00+03:00,832.0,102.0,109.0,,9.0,23.20000076293945,28.67000007629395,1,0.1,1.0,0.0
2025-02-02T22:24:00+00:00,2025-02-03T01:24:00+03:00,819.5,99.5,105.0,,9.0,23.11999988555908,28.55999946594238,1,0.1,1.0,0.0
2025-02-02T22:25:00+00:00,2025-02-03T01:25:00+03:00,808.0,91.66666666666667,98.66666666666667,,9.0,23.01333300272624,28.49666659037272,1,0.1,1.0,0.0
2025-02-02T22:26:00+00:00,2025-02-03T01:26:00+03:00,805.0,96.0,102.0,,9.0,22.94000053405762,28.40999984741211,1,0.1,1.0,0.0
2025-02-02T22:27:00+00:00,2025-02-03T01:27:00+03:00,804.5,87.5,94.0,,9.0,22.90999984741211,28.39499950408936,1,0.1,1.0,0.0
2025-02-02T22:28:00+00:00,2025-02-03T01:28:00+03:00,806.6666666666666,87.33333333333333,94.66666666666667,,9.0,22.89333343505859,28.33333333333333,1,0.1,1.0,0.0
2025-02-02T22:29:00+00:00,2025-02-03T01:29:00+03:00,806.0,90.0,95.0,,9.0,22.84000015258789,28.30999946594238,1,0.1,1.0,0.0
2025-02-02T22:30:00+00:00,2025-02-03T01:30:00+03:00,806.0,86.5,93.0,,9.0,22.85000038146973,28.3100004196167,1,0.1,1.0,0.0
2025-02-02T22:31:00+00:00,2025-02-03T01:31:00+03:00,806.0,86.5,94.0,,9.0,22.80499935150146,28.18000030517578,1,0.1,1.0,0.0
2025-02-02T22:32:00+00:00,2025-02-03T01:32:00+03:00,807.5,89.0,94.0,,9.0,22.78499984741211,28.32500076293945,2,0.5,1.0,0.0
2025-02-02T22:33:00+00:00,2025-02-03T01:33:00+03:00,810.0,88.5,91.0,,9.0,22.80999946594238,28.42000007629395,2,0.1,1.0,0.0
2025-02-02T22:34:00+00:00,2025-02-03T01:34:00+03:00,826.0,91.0,100.0,,9.0,22.91000080108643,29.33500003814697,2,0.1,1.0,0.0
2025-02-02T22:35:00+00:00,2025-02-03T01:35:00+03:00,854.5,94.0,101.0,,9.0,22.96500015258789,29.84500026702881,2,0.1,1.0,0.0
2025-02-02T22:36:00+00:00,2025-02-03T01:36:00+03:00,886.0,98.5,103.5,,9.0,23.04999923706055,30.07500076293945,2,0.1,1.0,0.0
2025-02-02T22:37:00+00:00,2025-02-03T01:37:00+03:00,906.0,95.0,101.0,,9.0,23.11000061035156,30.04999987284343,2,0.1,1.0,0.0
2025-02-02T22:38:00+00:00,2025-02-03T01:38:00+03:00,913.0,98.0,103.0,,9.0,23.1200008392334,30.01000022888184,2,0.1,1.0,0.0
2025-02-02T22:39:00+00:00,2025-02-03T01:39:00+03:00,917.5,97.0,104.5,,9.0,23.14999961853027,30.07499980926514,2,0.1,1.0,0.0
2025-02-02T22:40:00+00:00,2025-02-03T01:40:00+03:00,922.0,97.0,102.5,,9.0,23.17500019073486,30.18499946594238,2,0.1,1.0,0.0
2025-02-02T22:41:00+00:00,2025-02-03T01:41:00+03:00,928.0,95.0,105.0,,9.0,23.16499996185303,30.11999988555908,2,0.1,1.0,0.0
2025-02-02T22:42:00+00:00,2025-02-03T01:42:00+03:00,931.0,91.5,95.5,,9.0,23.15999984741211,29.85999965667725,3,1.0,1.0,0.0
2025-02-02T22:43:00+00:00,2025-02-03T01:43:00+03:00,919.0,83.5,91.5,,9.0,23.1200008392334,29.00999927520752,2,0.1,1.0,0.0
2025-02-02T22:44:00+00:00,2025-02-03T01:44:00+03:00,885.5,80.0,85.0,,9.0,23.04999923706055,28.50500011444092,3,0.5,1.0,0.0
2025-02-02T22:45:00+00:00,2025-02-03T01:45:00+03:00,862.0,77.5,83.0,,9.0,22.97999954223633,28.35000038146973,3,0.0,1.0,0.0
2025-02-02T22:46:00+00:00,2025-02-03T01:46:00+03:00,858.5,79.5,89.0,,9.0,22.92000007629395,28.70499992370605,3,0.0,1.0,0.0
2025-02-02T22:47:00+00:00,2025-02-03T01:47:00+03:00,882.3333333333334,90.66666666666667,95.0,,9.0,22.92000007629395,29.4466667175293,3,0.0,1.0,0.0
2025-02-02T22:48:00+00:00,2025-02-03T01:48:00+03:00,931.0,104.0,118.0,,9.0,23.04000091552734,30.8799991607666,3,0.0,1.0,0.0
2025-02-02T22:49:00+00:00,2025-02-03T01:49:00+03:00,987.0,98.5,104.0,,9.0,23.07499980926514,31.27500057220459,3,0.0,1.0,0.0
2025-02-02T22:50:00+00:00,2025-02-03T01:50:00+03:00,1055.0,104.3333333333333,107.6666666666667,,9.0,23.14000002543132,31.56000010172526,3,0.0,1.0,0.0
2025-02-02T22:51:00+00:00,2025-02-03T01:51:00+03:00,1099.0,106.0,108.0,,9.0,23.20000076293945,31.69000053405762,3,0.0,1.0,0.0
2025-02-02T22:52:00+00:00,2025-02-03T01:52:00+03:00,1125.0,101.5,107.0,,9.0,23.25,31.76499938964844,3,0.0,1.0,0.0
2025-02-02T22:53:00+00:00,2025-02-03T01:53:00+03:00,1150.5,93.5,102.5,,9.0,23.25,31.93499946594238,3,0.0,1.0,0.0
2025-02-02T22:54:00+00:00,2025-02-03T01:54:00+03:00,1182.0,98.0,107.0,,9.0,23.26000022888184,32.06999969482422,3,0.0,1.0,0.0
2025-02-02T22:55:00+00:00,2025-02-03T01:55:00+03:00,1198.5,98.0,107.0,,9.0,23.26500034332275,32.20000076293945,3,0.0,1.0,0.0
2025-02-02T22:56:00+00:00,2025-02-03T01:56:00+03:00,1222.0,100.3333333333333,109.0,,9.0,23.29333368937175,32.32333374023438,3,0.0,1.0,0.0
2025-02-02T22:57:00+00:00,2025-02-03T01:57:00+03:00,1240.0,95.0,102.0,,9.0,23.29000091552734,32.45000076293945,3,0.0,1.0,0.0
2025-02-02T22:58:00+00:00,2025-02-03T01:58:00+03:00,1248.5,98.0,102.5,,9.0,23.3149995803833,32.52499961853027,3,0.0,1.0,0.0
2025-02-02T22:59:00+00:00,2025-02-03T01:59:00+03:00,1264.0,99.5,105.5,,9.0,23.30499935150146,32.65999984741211,3,0.0,1.0,0.0
2025-02-02T23:00:00+00:00,2025-02-03T02:00:00+03:00,1276.5,93.0,101.0,,9.0,23.30999946594238,32.72999954223633,3,0.0,1.0,0.0
2025-02-02T23:01:00+00:00,2025-02-03T02:01:00+03:00,1293.0,96.0,105.0,,9.0,23.33500003814697,32.78499984741211,3,0.0,1.0,0.0
2025-02-02T23:02:00+00:00,2025-02-03T02:02:00+03:00,1308.0,95.5,99.5,,9.0,23.33500003814697,32.90499877929688,3,0.0,1.0,0.0
2025-02-02T23:03:00+00:00,2025-02-03T02:03:00+03:00,1327.333333333333,95.66666666666667,102.3333333333333,,9.0,23.353333791097,33.03666687011719,3,0.0,1.0,0.0
2025-02-02T23:04:00+00:00,2025-02-03T02:04:00+03:00,1342.0,95.0,103.0,,9.0,23.34000015258789,33.09000015258789,3,0.0,1.0,0.0
2025-02-02T23:05:00+00:00,2025-02-03T02:05:00+03:00,1350.5,93.5,100.5,,9.0,23.38499927520752,33.15999984741211,3,0.0,1.0,0.0
2025-02-02T23:06:00+00:00,2025-02-03T02:06:00+03:00,1362.0,90.0,100.5,,9.0,23.375,33.26000022888184,3,0.0,1.0,0.0
2025-02-02T23:07:00+00:00,2025-02-03T02:07:00+03:00,1371.0,89.0,95.5,,9.0,23.42000007629395,33.36999893188477,3,0.0,1.0,0.0
2025-02-02T23:08:00+00:00,2025-02-03T02:08:00+03:00,1385.0,89.0,95.5,,9.0,23.41499996185303,33.47999954223633,3,0.0,1.0,0.0
2025-02-02T23:09:00+00:00,2025-02-03T02:09:00+03:00,1406.333333333333,93.33333333333333,98.0,,9.0,23.42333348592122,33.6400006612142,2,0.5,1.0,0.0
2025-02-02T23:10:00+00:00,2025-02-03T02:10:00+03:00,1427.0,91.0,94.0,,9.0,23.45000076293945,33.68999862670898,3,0.1,1.0,0.0
2025-02-02T23:11:00+00:00,2025-02-03T02:11:00+03:00,1441.5,95.0,99.5,,9.0,23.53500080108643,33.73499870300293,3,0.1,1.0,0.0
2025-02-02T23:12:00+00:00,2025-02-03T02:12:00+03:00,1448.5,93.0,96.5,,9.0,23.53000068664551,33.70999908447266,3,0.1,1.0,0.0
2025-02-02T23:13:00+00:00,2025-02-03T02:13:00+03:00,1453.5,89.5,96.5,,9.0,23.48499965667725,33.60999870300293,3,0.1,1.0,0.0
2025-02-02T23:14:00+00:00,2025-02-03T02:14:00+03:00,1447.5,96.5,101.5,,9.0,23.53000068664551,33.7549991607666,3,0.1,1.0,0.0
2025-02-02T23:15:00+00:00,2025-02-03T02:15:00+03:00,1449.0,91.5,102.5,,9.0,23.53499984741211,33.875,3,0.1,1.0,0.0
2025-02-02T23:16:00+00:00,2025-02-03T02:16:00+03:00,1466.0,95.0,101.0,,9.0,23.55499935150146,33.94499969482422,3,0.1,1.0,0.0
2025-02-02T23:17:00+00:00,2025-02-03T02:17:00+03:00,1465.0,90.5,98.5,,9.0,23.54999923706055,34.0,3,0.1,1.0,0.0
2025-02-02T23:18:00+00:00,2025-02-03T02:18:00+03:00,1520.5,94.0,101.0,,9.0,23.55999946594238,34.14499855041504,3,0.1,1.0,0.0
2025-02-02T23:19:00+00:00,2025-02-03T02:19:00+03:00,1493.0,90.5,96.0,,9.0,23.58500003814697,34.23999977111816,3,0.1,1.0,0.0
2025-02-02T23:20:00+00:00,2025-02-03T02:20:00+03:00,1526.5,88.5,95.5,,9.0,23.59000015258789,34.46000099182129,3,0.1,1.0,0.0
2025-02-02T23:21:00+00:00,2025-02-03T02:21:00+03:00,1548.5,92.5,102.5,,9.0,23.56999969482422,34.67499923706055,3,0.1,1.0,0.0
2025-02-02T23:22:00+00:00,2025-02-03T02:22:00+03:00,1577.0,93.0,95.0,,9.0,23.57999992370605,34.80999946594238,3,0.1,1.0,0.0
2025-02-02T23:23:00+00:00,2025-02-03T02:23:00+03:00,1629.5,88.0,96.5,,9.0,23.55999946594238,34.85499954223633,3,0.1,1.0,0.0
2025-02-02T23:24:00+00:00,2025-02-03T02:24:00+03:00,1629.0,88.5,95.5,,9.0,23.55999946594238,34.80000114440918,3,0.1,1.0,0.0
2025-02-02T23:25:00+00:00,2025-02-03T02:25:00+03:00,1628.5,88.5,98.0,,9.0,23.57000064849854,34.83500099182129,3,0.1,1.0,0.0
2025-02-02T23:26:00+00:00,2025-02-03T02:26:00+03:00,1627.5,91.5,97.0,,9.0,23.5649995803833,34.85000038146973,3,0.1,1.0,0.0
2025-02-02T23:27:00+00:00,2025-02-03T02:27:00+03:00,1641.5,90.5,99.0,,9.0,23.59000015258789,35.0,3,0.1,1.0,0.0
2025-02-02T23:28:00+00:00,2025-02-03T02:28:00+03:00,1656.5,88.5,96.5,,9.0,23.57499980926514,35.17000007629395,3,0.1,1.0,0.0
2025-02-02T23:29:00+00:00,2025-02-03T02:29:00+03:00,1673.5,85.5,90.5,,9.0,23.59500026702881,35.16499900817871,3,0.1,1.0,0.0
2025-02-02T23:30:00+00:00,2025-02-03T02:30:00+03:00,1686.5,86.0,91.0,,9.0,23.60500049591064,35.26000022888184,3,0.1,1.0,0.0
2025-02-02T23:31:00+00:00,2025-02-03T02:31:00+03:00,1697.0,93.0,96.0,,9.0,23.64500045776367,35.36000061035156,3,0.1,1.0,0.0
2025-02-02T23:32:00+00:00,2025-02-03T02:32:00+03:00,1711.0,88.0,90.0,,9.0,23.61000061035156,35.44499969482422,3,0.1,1.0,0.0
2025-02-02T23:33:00+00:00,2025-02-03T02:33:00+03:00,1721.0,86.0,89.0,,9.0,23.63000011444092,35.52000045776367,3,0.1,1.0,0.0
2025-02-02T23:34:00+00:00,2025-02-03T02:34:00+03:00,1737.5,85.0,93.5,,9.0,23.64999961853027,35.57500076293945,3,0.1,1.0,0.0
2025-02-02T23:35:00+00:00,2025-02-03T02:35:00+03:00,1747.0,86.0,91.0,,9.0,23.64999961853027,35.57499885559082,3,0.1,1.0,0.0
2025-02-02T23:36:00+00:00,2025-02-03T02:36:00+03:00,1762.0,86.5,89.5,,9.0,23.68499946594238,35.53499984741211,3,0.1,1.0,0.0
2025-02-02T23:37:00+00:00,2025-02-03T02:37:00+03:00,1771.0,82.5,88.5,,9.0,23.70999908447266,35.67000007629395,3,0.1,1.0,0.0
2025-02-02T23:38:00+00:00,2025-02-03T02:38:00+03:00,1789.0,80.5,82.0,,9.0,23.72999954223633,35.73500061035156,2,0.5,1.0,0.0
2025-02-02T23:39:00+00:00,2025-02-03T02:39:00+03:00,1785.0,85.5,90.5,,9.0,23.70999908447266,35.7549991607666,2,0.1,1.0,0.0
2025-02-02T23:40:00+00:00,2025-02-03T02:40:00+03:00,1812.0,87.5,90.5,,9.0,23.75,35.78000068664551,2,0.1,1.0,0.0
2025-02-02T23:41:00+00:00,2025-02-03T02:41:00+03:00,1825.0,82.0,87.5,,9.0,23.73499965667725,35.76000022888184,3,3.0,1.0,0.0
2025-02-02T23:42:00+00:00,2025-02-03T02:42:00+03:00,1833.5,83.5,91.5,,9.0,23.72499942779541,35.73499870300293,3,3.0,1.0,0.0
2025-02-02T23:43:00+00:00,2025-02-03T02:43:00+03:00,1831.0,81.5,90.0,,9.0,23.71999931335449,35.7450008392334,3,3.0,1.0,0.0
2025-02-02T23:44:00+00:00,2025-02-03T02:44:00+03:00,1828.0,80.0,83.5,,9.0,23.71000003814697,35.7400016784668,3,3.0,1.0,0.0
2025-02-02T23:45:00+00:00,2025-02-03T02:45:00+03:00,1823.0,83.0,89.0,,9.0,23.71500015258789,35.80000114440918,3,3.0,1.0,0.0
2025-02-02T23:46:00+00:00,2025-02-03T02:46:00+03:00,1827.0,85.5,91.5,,9.0,23.73999977111816,35.84499931335449,3,3.0,1.0,0.0
2025-02-02T23:47:00+00:00,2025-02-03T02:47:00+03:00,1831.5,82.0,83.5,,9.0,23.74499988555908,35.89499855041504,3,3.0,1.0,0.0
2025-02-02T23:48:00+00:00,2025-02-03T02:48:00+03:00,1851.5,82.5,88.0,,9.0,23.70999908447266,35.97000122070312,3,3.0,1.0,0.0
2025-02-02T23:49:00+00:00,2025-02-03T02:49:00+03:00,1869.5,80.5,85.5,,9.0,23.73499965667725,35.96000099182129,3,3.0,1.0,0.0
2025-02-02T23:50:00+00:00,2025-02-03T02:50:00+03:00,1880.0,82.0,86.5,,9.0,23.70999908447266,36.01499938964844,3,3.0,1.0,0.0
2025-02-02T23:51:00+00:00,2025-02-03T02:51:00+03:00,1893.5,82.0,86.0,,9.0,23.76000022888184,36.10499954223633,3,3.0,1.0,0.0
2025-02-02T23:52:00+00:00,2025-02-03T02:52:00+03:00,1905.5,82.0,86.0,,9.0,23.78499984741211,36.125,3,3.0,1.0,0.0
2025-02-02T23:53:00+00:00,2025-02-03T02:53:00+03:00,1918.5,80.5,84.5,,9.0,23.80999946594238,36.11999893188477,3,3.0,1.0,0.0
2025-02-02T23:54:00+00:00,2025-02-03T02:54:00+03:00,1925.5,78.5,86.0,,9.0,23.80000019073486,36.125,3,3.0,1.0,0.0
2025-02-02T23:55:00+00:00,2025-02-03T02:55:00+03:00,1936.5,79.5,86.5,,9.0,23.77500057220459,36.19000053405762,3,3.0,1.0,0.0
2025-02-02T23:56:00+00:00,2025-02-03T02:56:00+03:00,1949.0,83.5,85.0,,9.0,23.78500080108643,36.28999900817871,3,3.0,1.0,0.0
2025-02-02T23:57:00+00:00,2025-02-03T02:57:00+03:00,1966.5,80.0,85.0,,9.0,23.78999996185303,36.30500030517578,3,3.0,1.0,0.0
2025-02-02T23:58:00+00:00,2025-02-03T02:58:00+03:00,1988.5,77.5,81.0,,9.0,23.79500007629395,36.38999938964844,3,3.0,1.0,0.0
2025-02-02T23:59:00+00:00,2025-02-03T02:59:00+03:00,2017.5,80.5,87.0,,9.0,23.80499935150146,36.52999877929688,3,3.0,1.0,0.0
2025-02-03T00:00:00+00:00,2025-02-03T03:00:00+03:00,2044.5,79.0,86.5,,9.0,23.82499980926514,36.55500030517578,3,3.0,1.0,0.0
2025-02-03T00:01:00+00:00,2025-02-03T03:01:00+03:00,2069.5,77.5,84.5,,9.0,23.8149995803833,36.76000022888184,3,3.0,1.0,0.0
2025-02-03T00:02:00+00:00,2025-02-03T03:02:00+03:00,2089.0,77.5,80.0,,9.0,23.79000091552734,36.75,3,3.0,1.0,0.0
2025-02-03T00:03:00+00:00,2025-02-03T03:03:00+03:00,2102.0,72.5,77.0,,8.0,23.78999996185303,36.84499931335449,3,3.0,1.0,0.0
2025-02-03T00:04:00+00:00,2025-02-03T03:04:00+03:00,2115.5,74.0,77.0,,8.0,23.80000019073486,36.88000106811523,3,3.0,1.0,0.0
2025-02-03T00:05:00+00:00,2025-02-03T03:05:00+03:00,2122.0,73.0,78.0,,8.0,23.80999946594238,36.88500022888184,3,3.0,1.0,0.0
2025-02-03T00:06:00+00:00,2025-02-03T03:06:00+03:00,2134.0,75.0,78.0,,9.0,23.78000068664551,36.97999954223633,3,3.0,1.0,0.0
2025-02-03T00:07:00+00:00,2025-02-03T03:07:00+03:00,2146.5,78.0,82.0,,9.0,23.76000022888184,37.09499931335449,3,3.0,1.0,0.0
2025-02-03T00:08:00+00:00,2025-02-03T03:08:00+03:00,2156.5,80.0,86.0,,9.0,23.78999996185303,37.07000160217285,3,3.0,1.0,0.0
2025-02-03T00:09:00+00:00,2025-02-03T03:09:00+03:00,2154.0,76.0,81.0,,9.0,23.81999969482422,37.05500030517578,3,3.0,1.0,0.0
2025-02-03T00:10:00+00:00,2025-02-03T03:10:00+03:00,2150.0,76.0,83.0,,9.0,23.80999946594238,37.11499977111816,3,3.0,1.0,0.0
2025-02-03T00:11:00+00:00,2025-02-03T03:11:00+03:00,2156.5,75.0,78.5,,9.0,23.82499980926514,37.15500068664551,3,3.0,1.0,0.0
2025-02-03T00:12:00+00:00,2025-02-03T03:12:00+03:00,2165.5,77.0,83.5,,9.0,23.84000015258789,37.19000053405762,3,3.0,1.0,0.0
2025-02-03T00:13:00+00:00,2025-02-03T03:13:00+03:00,2181.0,77.5,81.0,,9.0,23.83500003814697,37.26499938964844,3,3.0,1.0,0.0
2025-02-03T00:14:00+00:00,2025-02-03T03:14:00+03:00,2191.5,76.0,82.0,,9.0,23.83500003814697,37.28499984741211,3,3.0,1.0,0.0
2025-02-03T00:15:00+00:00,2025-02-03T03:15:00+03:00,2196.5,68.5,71.5,,8.0,23.86000061035156,37.32499885559082,3,3.0,1.0,0.0
2025-02-03T00:16:00+00:00,2025-02-03T03:16:00+03:00,2208.0,73.0,80.0,,8.0,23.875,37.39500045776367,3,3.0,1.0,0.0
2025-02-03T00:17:00+00:00,2025-02-03T03:17:00+03:00,2222.0,73.0,76.0,,8.0,23.89999961853027,37.41999816894531,3,3.0,1.0,0.0
2025-02-03T00:18:00+00:00,2025-02-03T03:18:00+03:00,2236.5,71.0,76.5,,8.0,23.88499927520752,37.45499992370605,3,3.0,1.0,0.0
2025-02-03T00:19:00+00:00,2025-02-03T03:19:00+03:00,2231.0,68.0,71.0,,8.0,23.875,37.59499931335449,2,0.5,1.0,0.0
2025-02-03T00:20:00+00:00,2025-02-03T03:20:00+03:00,2243.0,68.5,73.0,,8.0,23.92500019073486,37.65499877929688,2,0.1,1.0,0.0
2025-02-03T00:21:00+00:00,2025-02-03T03:21:00+03:00,2252.5,72.0,80.0,,8.0,23.95000076293945,37.75,2,0.1,1.0,0.0
2025-02-03T00:22:00+00:00,2025-02-03T03:22:00+03:00,2263.5,69.5,77.0,,8.0,23.93000030517578,37.875,2,0.1,1.0,0.0
2025-02-03T00:23:00+00:00,2025-02-03T03:23:00+03:00,2274.0,70.5,73.0,,8.0,23.90999984741211,38.0,2,0.1,1.0,0.0
2025-02-03T00:24:00+00:00,2025-02-03T03:24:00+03:00,2280.0,71.5,76.0,,8.0,23.92500019073486,38.03499984741211,2,0.1,1.0,0.0
2025-02-03T00:25:00+00:00,2025-02-03T03:25:00+03:00,2277.5,73.5,79.0,,8.0,23.92000007629395,37.98000144958496,2,0.1,1.0,0.0
2025-02-03T00:26:00+00:00,2025-02-03T03:26:00+03:00,2276.5,68.0,70.5,,8.0,23.92000007629395,38.02999877929688,2,0.1,1.0,0.0
2025-02-03T00:27:00+00:00,2025-02-03T03:27:00+03:00,2280.0,70.0,74.0,,8.0,23.91499996185303,38.05000114440918,2,0.1,1.0,0.0
2025-02-03T00:28:00+00:00,2025-02-03T03:28:00+03:00,2280.5,68.5,74.0,,8.0,23.9350004196167,38.02000045776367,2,0.1,1.0,0.0
2025-02-03T00:29:00+00:00,2025-02-03T03:29:00+03:00,2278.0,74.0,78.0,,8.0,23.93000030517578,38.0,2,0.1,1.0,0.0
2025-02-03T00:30:00+00:00,2025-02-03T03:30:00+03:00,2277.5,70.5,74.0,,8.0,23.94500064849854,37.95999908447266,2,0.1,1.0,0.0
2025-02-03T00:31:00+00:00,2025-02-03T03:31:00+03:00,2275.5,69.0,75.0,,8.0,23.95000076293945,37.94499969482422,2,0.1,1.0,0.0
2025-02-03T00:32:00+00:00,2025-02-03T03:32:00+03:00,2275.0,67.0,70.0,,8.0,23.94500064849854,37.94499969482422,2,0.1,1.0,0.0
2025-02-03T00:33:00+00:00,2025-02-03T03:33:00+03:00,2272.5,72.0,80.0,,8.0,23.92500019073486,37.92499923706055,2,0.1,1.0,0.0
2025-02-03T00:34:00+00:00,2025-02-03T03:34:00+03:00,2270.0,70.0,75.0,,8.0,23.88999938964844,37.89500045776367,2,0.1,1.0,0.0
2025-02-03T00:35:00+00:00,2025-02-03T03:35:00+03:00,2266.5,67.0,75.5,,8.0,23.91499996185303,37.91500091552734,2,0.1,1.0,0.0
2025-02-03T00:36:00+00:00,2025-02-03T03:36:00+03:00,2264.0,68.0,75.5,,8.0,23.91499996185303,37.88500022888184,2,0.1,1.0,0.0
2025-02-03T00:37:00+00:00,2025-02-03T03:37:00+03:00,2262.5,62.0,64.0,,8.0,23.90999984741211,37.92499923706055,2,0.1,1.0,0.0
2025-02-03T00:38:00+00:00,2025-02-03T03:38:00+03:00,2262.0,66.0,70.0,,8.0,23.90499973297119,37.9900016784668,2,0.1,1.0,0.0
2025-02-03T00:39:00+00:00,2025-02-03T03:39:00+03:00,2262.5,69.5,74.5,,8.0,23.88000011444092,37.95000076293945,2,0.1,1.0,0.0
2025-02-03T00:40:00+00:00,2025-02-03T03:40:00+03:00,2255.0,68.0,74.5,,8.0,23.93000030517578,37.98500061035156,2,0.1,1.0,0.0
2025-02-03T00:41:00+00:00,2025-02-03T03:41:00+03:00,2260.5,65.0,68.5,,8.0,23.89499950408936,37.98000144958496,2,0.1,1.0,0.0
2025-02-03T00:42:00+00:00,2025-02-03T03:42:00+03:00,2262.5,63.0,68.5,,8.0,23.90499973297119,37.98999977111816,2,0.1,1.0,0.0
2025-02-03T00:43:00+00:00,2025-02-03T03:43:00+03:00,2263.5,63.0,67.5,,8.0,23.92000007629395,37.89999961853027,2,0.1,1.0,0.0
2025-02-03T00:44:00+00:00,2025-02-03T03:44:00+03:00,2262.0,63.5,67.0,,8.0,23.93000030517578,37.98500061035156,2,0.1,1.0,0.0
2025-02-03T00:45:00+00:00,2025-02-03T03:45:00+03:00,2268.5,63.0,69.5,,8.0,23.93000030517578,38.01999855041504,2,0.1,1.0,0.0
2025-02-03T00:46:00+00:00,2025-02-03T03:46:00+03:00,2274.0,64.0,68.5,,8.0,23.95499992370605,38.10999870300293,2,0.1,1.0,0.0
2025-02-03T00:47:00+00:00,2025-02-03T03:47:00+03:00,2271.5,64.0,68.5,,8.0,23.94500064849854,38.10499954223633,2,0.1,1.0,0.0
2025-02-03T00:48:00+00:00,2025-02-03T03:48:00+03:00,2272.5,65.5,67.0,,8.0,23.94500064849854,38.19000053405762,2,0.1,1.0,0.0
2025-02-03T00:49:00+00:00,2025-02-03T03:49:00+03:00,2278.0,61.0,70.0,,8.0,23.9350004196167,38.26499938964844,2,0.1,1.0,0.0
2025-02-03T00:50:00+00:00,2025-02-03T03:50:00+03:00,2281.0,64.0,68.0,,8.0,23.92000007629395,38.22000122070312,2,0.1,1.0,0.0
2025-02-03T00:51:00+00:00,2025-02-03T03:51:00+03:00,2274.5,61.5,66.0,,8.0,23.89499950408936,38.23500061035156,2,0.1,1.0,0.0
2025-02-03T00:52:00+00:00,2025-02-03T03:52:00+03:00,2272.5,61.5,64.5,,8.0,23.86999988555908,38.25,2,0.1,1.0,0.0
2025-02-03T00:53:00+00:00,2025-02-03T03:53:00+03:00,2270.0,65.5,70.0,,8.0,23.92000007629395,38.18499946594238,3,0.5,1.0,0.0
2025-02-03T00:54:00+00:00,2025-02-03T03:54:00+03:00,2269.0,61.0,63.0,,8.0,23.94000053405762,38.13999938964844,3,0.0,1.0,0.0
2025-02-03T00:55:00+00:00,2025-02-03T03:55:00+03:00,2265.0,61.5,63.5,,8.0,23.94499969482422,38.04500007629395,3,0.0,1.0,0.0
2025-02-03T00:56:00+00:00,2025-02-03T03:56:00+03:00,2259.0,61.0,65.0,,8.0,23.94000053405762,37.93499946594238,3,0.0,1.0,0.0
2025-02-03T00:57:00+00:00,2025-02-03T03:57:00+03:00,2256.0,62.0,67.0,,8.0,23.94999980926514,38.15999984741211,3,0.0,1.0,0.0
2025-02-03T00:58:00+00:00,2025-02-03T03:58:00+03:00,2252.5,62.0,67.0,,8.0,23.94000053405762,38.39999961853027,3,0.0,1.0,0.0
2025-02-03T00:59:00+00:00,2025-02-03T03:59:00+03:00,2259.5,57.0,64.0,,8.0,23.9399995803833,38.48999977111816,3,0.0,1.0,0.0
2025-02-03T01:00:00+00:00,2025-02-03T04:00:00+03:00,2266.0,59.5,65.0,,8.0,23.93000030517578,38.69499969482422,3,0.0,1.0,0.0
2025-02-03T01:01:00+00:00,2025-02-03T04:01:00+03:00,2281.0,60.0,64.0,,8.0,23.94999980926514,38.85499954223633,3,0.0,1.0,0.0
2025-02-03T01:02:00+00:00,2025-02-03T04:02:00+03:00,2290.0,61.0,65.5,,8.0,23.94999980926514,38.95499992370605,3,0.0,1.0,0.0
2025-02-03T01:03:00+00:00,2025-02-03T04:03:00+03:00,2302.0,62.5,66.5,,8.0,23.97499942779541,39.06000137329102,3,0.0,1.0,0.0
2025-02-03T01:04:00+00:00,2025-02-03T04:04:00+03:00,2322.0,59.5,64.5,,8.0,23.96999931335449,39.05500030517578,3,0.0,1.0,0.0
2025-02-03T01:05:00+00:00,2025-02-03T04:05:00+03:00,2330.0,61.5,63.5,,8.0,24.00500011444092,39.03499984741211,3,0.0,1.0,0.0
2025-02-03T01:06:00+00:00,2025-02-03T04:06:00+03:00,2335.5,57.0,59.0,,8.0,23.96999931335449,39.06000137329102,3,0.0,1.0,0.0
2025-02-03T01:07:00+00:00,2025-02-03T04:07:00+03:00,2336.0,59.5,69.0,,8.0,23.97499942779541,39.10499954223633,3,0.0,1.0,0.0
2025-02-03T01:08:00+00:00,2025-02-03T04:08:00+03:00,2343.0,62.0,64.5,,8.0,23.98499965667725,39.19499969482422,2,0.5,1.0,0.0
2025-02-03T01:09:00+00:00,2025-02-03T04:09:00+03:00,2354.5,55.5,61.5,,8.0,23.97999954223633,39.30500030517578,2,0.1,1.0,0.0
2025-02-03T01:10:00+00:00,2025-02-03T04:10:00+03:00,2363.0,58.0,60.5,,8.0,23.98499965667725,39.34999847412109,2,0.1,1.0,0.0
2025-02-03T01:11:00+00:00,2025-02-03T04:11:00+03:00,2380.0,58.0,63.0,,8.0,24.03499984741211,39.43999862670898,3,0.5,1.0,0.0
2025-02-03T01:12:00+00:00,2025-02-03T04:12:00+03:00,2391.5,59.5,64.0,,8.0,24.03000068664551,39.39999961853027,3,0.1,1.0,0.0
2025-02-03T01:13:00+00:00,2025-02-03T04:13:00+03:00,2399.0,62.0,64.0,,8.0,24.03000068664551,39.28999900817871,3,0.1,1.0,0.0
2025-02-03T01:14:00+00:00,2025-02-03T04:14:00+03:00,2395.0,63.0,65.0,,8.0,24.03000068664551,39.22500038146973,3,0.1,1.0,0.0
2025-02-03T01:15:00+00:00,2025-02-03T04:15:00+03:00,2386.0,60.0,63.0,,8.0,24.01500034332275,39.31999969482422,3,0.1,1.0,0.0
2025-02-03T01:16:00+00:00,2025-02-03T04:16:00+03:00,2387.5,58.5,61.5,,8.0,24.02500057220459,39.39500045776367,3,0.1,1.0,0.0
2025-02-03T01:17:00+00:00,2025-02-03T04:17:00+03:00,2397.5,60.5,63.0,,8.0,24.01000022888184,39.34500122070312,3,0.1,1.0,0.0
2025-02-03T01:18:00+00:00,2025-02-03T04:18:00+03:00,2403.5,62.0,64.0,,8.0,24.01500034332275,39.42000007629395,3,0.1,1.0,0.0
2025-02-03T01:19:00+00:00,2025-02-03T04:19:00+03:00,2403.5,59.5,64.0,,8.0,24.01000022888184,39.55000114440918,3,0.1,1.0,0.0
2025-02-03T01:20:00+00:00,2025-02-03T04:20:00+03:00,2407.0,62.0,67.0,,8.0,24.01000022888184,39.68499946594238,3,0.1,1.0,0.0
2025-02-03T01:21:00+00:00,2025-02-03T04:21:00+03:00,2419.5,63.0,66.5,,8.0,23.99499988555908,39.92499923706055,3,0.1,1.0,0.0
2025-02-03T01:22:00+00:00,2025-02-03T04:22:00+03:00,2439.5,62.5,66.0,,8.0,24.03000068664551,39.91499900817871,3,0.1,1.0,0.0
2025-02-03T01:23:00+00:00,2025-02-03T04:23:00+03:00,2445.0,58.5,62.0,,8.0,24.02000045776367,39.75,3,0.1,1.0,0.0
2025-02-03T01:24:00+00:00,2025-02-03T04:24:00+03:00,2433.5,62.0,64.5,,8.0,24.04999923706055,39.72999954223633,3,0.1,1.0,0.0
2025-02-03T01:25:00+00:00,2025-02-03T04:25:00+03:00,2428.5,60.0,66.0,,8.0,24.05499935150146,39.70999908447266,3,0.1,1.0,0.0
2025-02-03T01:26:00+00:00,2025-02-03T04:26:00+03:00,2429.5,62.0,65.5,,8.0,24.05499935150146,39.72999954223633,3,0.1,1.0,0.0
2025-02-03T01:27:00+00:00,2025-02-03T04:27:00+03:00,2431.0,57.5,59.5,,8.0,24.08500003814697,39.7549991607666,3,0.1,1.0,0.0
2025-02-03T01:28:00+00:00,2025-02-03T04:28:00+03:00,2435.0,61.5,66.5,,8.0,24.05999946594238,39.73999977111816,3,0.1,1.0,0.0
2025-02-03T01:29:00+00:00,2025-02-03T04:29:00+03:00,2441.0,58.5,64.0,,8.0,24.07499980926514,39.75500106811523,3,0.1,1.0,0.0
2025-02-03T01:30:00+00:00,2025-02-03T04:30:00+03:00,2442.0,63.0,69.5,,8.0,24.05499935150146,39.79500007629395,3,0.1,1.0,0.0
2025-02-03T01:31:00+00:00,2025-02-03T04:31:00+03:00,2442.5,60.5,66.0,,8.0,24.04999923706055,39.85000038146973,3,0.1,1.0,0.0
2025-02-03T01:32:00+00:00,2025-02-03T04:32:00+03:00,2457.0,59.0,61.0,,8.0,24.09000015258789,39.82999992370605,3,0.1,1.0,0.0
2025-02-03T01:33:00+00:00,2025-02-03T04:33:00+03:00,2456.5,59.5,61.5,,8.0,24.07499980926514,39.8700008392334,3,0.1,1.0,0.0
2025-02-03T01:34:00+00:00,2025-02-03T04:34:00+03:00,2458.5,62.0,64.5,,8.0,24.11999988555908,39.86499977111816,3,0.1,1.0,0.0
2025-02-03T01:35:00+00:00,2025-02-03T04:35:00+03:00,2462.5,60.0,69.5,,8.0,24.10000038146973,39.82500076293945,3,0.1,1.0,0.0
2025-02-03T01:36:00+00:00,2025-02-03T04:36:00+03:00,2458.5,61.5,66.0,,8.0,24.07999992370605,39.82999992370605,2,0.5,1.0,0.0
2025-02-03T01:37:00+00:00,2025-02-03T04:37:00+03:00,2462.0,62.5,66.0,,8.0,24.09500026702881,39.89500045776367,2,0.2,1.0,0.0
2025-02-03T01:38:00+00:00,2025-02-03T04:38:00+03:00,2466.0,59.5,65.0,,8.0,24.09000015258789,39.95499992370605,2,0.2,1.0,0.0
2025-02-03T01:39:00+00:00,2025-02-03T04:39:00+03:00,2359.0,96.0,103.0,,9.0,24.15500068664551,36.59000015258789,2,0.2,1.0,0.0
2025-02-03T01:40:00+00:00,2025-02-03T04:40:00+03:00,1785.0,104.5,115.5,,9.0,24.23000049591064,34.1200008392334,2,0.2,1.0,0.0
2025-02-03T01:41:00+00:00,2025-02-03T04:41:00+03:00,1362.0,104.0,111.5,,9.0,24.28000068664551,32.93999862670898,2,0.2,1.0,0.0
2025-02-03T01:42:00+00:00,2025-02-03T04:42:00+03:00,1192.5,105.0,110.0,,9.0,24.31999969482422,32.43499946594238,2,0.2,1.0,0.0
2025-02-03T01:43:00+00:00,2025-02-03T04:43:00+03:00,1123.5,100.0,109.0,,9.0,24.32999992370605,31.80500030517578,2,0.2,1.0,0.0
2025-02-03T01:44:00+00:00,2025-02-03T04:44:00+03:00,1078.5,102.0,107.0,,9.0,24.38999938964844,31.52999973297119,2,0.2,1.0,0.0
2025-02-03T01:45:00+00:00,2025-02-03T04:45:00+03:00,1053.0,100.0,109.0,,9.0,24.39999961853027,31.61500072479248,3,0.5,1.0,0.0
2025-02-03T01:46:00+00:00,2025-02-03T04:46:00+03:00,1099.0,82.5,87.5,,9.0,24.40499973297119,33.82500076293945,3,0.1,1.0,0.0
2025-02-03T01:47:00+00:00,2025-02-03T04:47:00+03:00,1581.5,70.0,74.0,,8.0,24.35499954223633,36.55500030517578,3,0.1,1.0,0.0
2025-02-03T01:48:00+00:00,2025-02-03T04:48:00+03:00,1890.0,74.0,81.0,,8.0,24.30000019073486,37.09499931335449,3,0.1,1.0,0.0
2025-02-03T01:49:00+00:00,2025-02-03T04:49:00+03:00,1979.0,77.0,82.0,,9.0,24.27000045776367,37.34000015258789,3,0.1,1.0,0.0
2025-02-03T01:50:00+00:00,2025-02-03T04:50:00+03:00,1996.0,77.0,82.5,,9.0,24.23999977111816,37.39999961853027, ,0.1,1.0,0.0
2025-02-03T01:51:00+00:00,2025-02-03T04:51:00+03:00,1993.5,76.0,76.0,,9.0,24.1850004196167,37.57000160217285, ,0.1,1.0,0.0
2025-02-03T01:52:00+00:00,2025-02-03T04:52:00+03:00,1996.5,70.0,75.0,,8.0,24.17000007629395,37.76000022888184, ,0.1,1.0,0.0
2025-02-03T01:53:00+00:00,2025-02-03T04:53:00+03:00,2012.0,74.5,78.0,,8.0,24.15999984741211,37.96500015258789, ,0.1,1.0,0.0
2025-02-03T01:54:00+00:00,2025-02-03T04:54:00+03:00,2038.0,67.5,77.0,,8.0,24.15499973297119,38.15499877929688, ,0.1,1.0,0.0
2025-02-03T01:55:00+00:00,2025-02-03T04:55:00+03:00,2057.5,68.5,72.5,,8.0,24.10000038146973,38.27000045776367, ,0.1,1.0,0.0
2025-02-03T01:56:00+00:00,2025-02-03T04:56:00+03:00,2066.5,72.0,75.5,,8.0,24.11499977111816,38.35000038146973, ,0.1,1.0,0.0
2025-02-03T01:57:00+00:00,2025-02-03T04:57:00+03:00,2074.5,69.0,75.0,,8.0,24.11999988555908,38.45000076293945, ,0.1,1.0,0.0
2025-02-03T01:58:00+00:00,2025-02-03T04:58:00+03:00,2087.0,69.5,74.0,,8.0,24.09999942779541,38.61499977111816, ,0.1,1.0,0.0
2025-02-03T01:59:00+00:00,2025-02-03T04:59:00+03:00,2101.0,70.0,73.5,,8.0,24.10000038146973,38.68499946594238, ,0.1,1.0,0.0
2025-02-03T02:00:00+00:00,2025-02-03T05:00:00+03:00,2108.5,69.0,74.0,,8.0,24.09500026702881,38.71500015258789, ,0.1,1.0,0.0
2025-02-03T02:01:00+00:00,2025-02-03T05:01:00+03:00,2115.5,66.5,70.5,,8.0,24.08500003814697,38.85000038146973, ,0.1,1.0,0.0
2025-02-03T02:02:00+00:00,2025-02-03T05:02:00+03:00,2135.5,70.0,74.5,,8.0,24.10500049591064,38.8849983215332, ,0.1,1.0,0.0
2025-02-03T02:03:00+00:00,2025-02-03T05:03:00+03:00,2140.0,72.5,77.5,,8.0,24.10000038146973,38.90999984741211, ,0.1,1.0,0.0
2025-02-03T02:04:00+00:00,2025-02-03T05:04:00+03:00,2144.5,69.0,72.0,,8.0,24.09000015258789,39.03000068664551, ,0.1,1.0,0.0
2025-02-03T02:05:00+00:00,2025-02-03T05:05:00+03:00,2143.5,62.0,68.0,,8.0,24.05500030517578,39.02999877929688, ,0.1,1.0,0.0
2025-02-03T02:06:00+00:00,2025-02-03T05:06:00+03:00,2143.5,69.0,71.5,,8.0,24.07499980926514,39.06999969482422, ,0.1,1.0,0.0
2025-02-03T02:07:00+00:00,2025-02-03T05:07:00+03:00,2145.0,68.0,73.5,,8.0,24.06999969482422,39.16500091552734, ,0.1,1.0,0.0
2025-02-03T02:08:00+00:00,2025-02-03T05:08:00+03:00,2155.0,69.0,75.5,,8.0,24.04500007629395,39.28499984741211, ,0.1,1.0,0.0
2025-02-03T02:09:00+00:00,2025-02-03T05:09:00+03:00,2157.0,69.0,74.0,,8.0,24.05499935150146,39.2400016784668, ,0.1,1.0,0.0
2025-02-03T02:10:00+00:00,2025-02-03T05:10:00+03:00,2160.0,68.0,71.5,,8.0,24.07499980926514,39.20999908447266, ,0.1,1.0,0.0
2025-02-03T02:11:00+00:00,2025-02-03T05:11:00+03:00,2160.5,65.0,68.0,,8.0,24.0649995803833,39.29500007629395, ,0.1,1.0,0.0
2025-02-03T02:12:00+00:00,2025-02-03T05:12:00+03:00,2168.0,66.5,69.0,,8.0,24.08500003814697,39.3700008392334, ,0.1,1.0,0.0
2025-02-03T02:13:00+00:00,2025-02-03T05:13:00+03:00,2179.0,67.5,74.5,,8.0,24.09500026702881,39.54500007629395, ,0.1,1.0,0.0
2025-02-03T02:14:00+00:00,2025-02-03T05:14:00+03:00,2193.0,66.5,77.0,,8.0,24.07499980926514,39.56000137329102, ,0.1,1.0,0.0
2025-02-03T02:15:00+00:00,2025-02-03T05:15:00+03:00,2207.0,64.5,68.5,,8.0,24.05499935150146,39.63999938964844, ,0.1,1.0,0.0
2025-02-03T02:16:00+00:00,2025-02-03T05:16:00+03:00,2216.5,63.0,68.0,,8.0,24.0649995803833,39.71000099182129, ,0.1,1.0,0.0
2025-02-03T02:17:00+00:00,2025-02-03T05:17:00+03:00,2222.5,66.5,68.0,,8.0,24.05000019073486,39.69499969482422, ,0.1,1.0,0.0
2025-02-03T02:18:00+00:00,2025-02-03T05:18:00+03:00,2230.5,64.5,70.0,,8.0,24.10000038146973,39.73999977111816, ,0.1,1.0,0.0
2025-02-03T02:19:00+00:00,2025-02-03T05:19:00+03:00,2231.5,63.0,65.0,,8.0,24.10000038146973,39.7549991607666, ,0.1,1.0,0.0
2025-02-03T02:20:00+00:00,2025-02-03T05:20:00+03:00,2236.0,61.0,69.5,,8.0,24.14000034332275,39.76999855041504, ,0.1,1.0,0.0
2025-02-03T02:21:00+00:00,2025-02-03T05:21:00+03:00,2238.0,61.5,65.5,,8.0,24.14499950408936,39.78000068664551, ,0.1,1.0,0.0
2025-02-03T02:22:00+00:00,2025-02-03T05:22:00+03:00,2239.5,61.0,66.0,,8.0,24.15499973297119,39.80500030517578, ,0.1,1.0,0.0
2025-02-03T02:23:00+00:00,2025-02-03T05:23:00+03:00,2254.5,61.5,67.0,,8.0,24.13999938964844,39.84000015258789, ,0.1,1.0,0.0
2025-02-03T02:24:00+00:00,2025-02-03T05:24:00+03:00,2260.0,59.5,65.0,,8.0,24.15499973297119,39.93999862670898, ,0.1,1.0,0.0
2025-02-03T02:25:00+00:00,2025-02-03T05:25:00+03:00,2264.0,60.5,66.0,,8.0,24.13999938964844,39.90999984741211, ,0.1,1.0,0.0
2025-02-03T02:26:00+00:00,2025-02-03T05:26:00+03:00,2269.0,66.0,70.5,,8.0,24.15999984741211,40.0, ,0.1,1.0,0.0
2025-02-03T02:27:00+00:00,2025-02-03T05:27:00+03:00,2278.5,63.5,66.0,,8.0,24.14499950408936,40.08500099182129, ,0.1,1.0,0.0
2025-02-03T02:28:00+00:00,2025-02-03T05:28:00+03:00,2282.5,63.5,68.0,,8.0,24.15499973297119,40.1299991607666, ,0.1,1.0,0.0
2025-02-03T02:29:00+00:00,2025-02-03T05:29:00+03:00,2285.5,60.0,65.0,,8.0,24.14999961853027,40.125, ,0.1,1.0,0.0
2025-02-03T02:30:00+00:00,2025-02-03T05:30:00+03:00,2278.0,63.0,66.0,,8.0,24.15499973297119,40.1299991607666, ,0.1,1.0,0.0
2025-02-03T02:31:00+00:00,2025-02-03T05:31:00+03:00,2257.5,61.5,66.5,,8.0,24.15499973297119,40.15000152587891, ,0.1,1.0,0.0
2025-02-03T02:32:00+00:00,2025-02-03T05:32:00+03:00,2241.5,64.0,70.0,,8.0,24.13999938964844,40.13500022888184, ,0.1,1.0,0.0
2025-02-03T02:33:00+00:00,2025-02-03T05:33:00+03:00,2237.5,61.5,64.5,,8.0,24.15499973297119,40.20499992370605, ,0.1,1.0,0.0
2025-02-03T02:34:00+00:00,2025-02-03T05:34:00+03:00,2239.5,55.5,56.0,,8.0,24.13000011444092,40.18000030517578, ,0.1,1.0,0.0
2025-02-03T02:35:00+00:00,2025-02-03T05:35:00+03:00,2244.5,58.0,62.5,,8.0,24.13499927520752,40.16499900817871, ,0.1,1.0,0.0
2025-02-03T02:36:00+00:00,2025-02-03T05:36:00+03:00,2246.0,57.0,61.5,,8.0,24.13999938964844,40.1200008392334, ,0.1,1.0,0.0
2025-02-03T02:37:00+00:00,2025-02-03T05:37:00+03:00,2249.0,63.5,64.5,,8.0,24.14499950408936,40.06000137329102, ,0.1,1.0,0.0
2025-02-03T02:38:00+00:00,2025-02-03T05:38:00+03:00,2245.0,54.5,60.0,,8.0,24.15999984741211,40.04999923706055, ,0.1,1.0,0.0
2025-02-03T02:39:00+00:00,2025-02-03T05:39:00+03:00,2244.0,56.5,58.0,,8.0,24.14499950408936,40.07999992370605, ,0.1,1.0,0.0
2025-02-03T02:40:00+00:00,2025-02-03T05:40:00+03:00,2247.0,61.5,63.5,,8.0,24.11000061035156,40.17500114440918, ,0.1,1.0,0.0
2025-02-03T02:41:00+00:00,2025-02-03T05:41:00+03:00,2251.0,53.5,55.5,,8.0,24.09500026702881,40.17499923706055, ,0.1,1.0,0.0
2025-02-03T02:42:00+00:00,2025-02-03T05:42:00+03:00,2251.0,59.0,62.0,,8.0,24.10500049591064,40.21500015258789, ,0.1,1.0,0.0
2025-02-03T02:43:00+00:00,2025-02-03T05:43:00+03:00,2257.0,58.0,60.5,,8.0,24.08500003814697,40.21500015258789, ,0.1,1.0,0.0
2025-02-03T02:44:00+00:00,2025-02-03T05:44:00+03:00,2263.0,56.0,61.0,,8.0,24.07999992370605,40.21500015258789, ,0.1,1.0,0.0
2025-02-03T02:45:00+00:00,2025-02-03T05:45:00+03:00,2268.0,56.0,59.0,,8.0,24.13500022888184,40.19499969482422, ,0.1,1.0,0.0
2025-02-03T02:46:00+00:00,2025-02-03T05:46:00+03:00,2273.0,58.0,64.5,,8.0,24.14999961853027,40.14999961853027, ,0.1,1.0,0.0
2025-02-03T02:47:00+00:00,2025-02-03T05:47:00+03:00,2270.5,53.5,56.5,,8.0,24.14000034332275,40.07000160217285, ,0.1,1.0,0.0
2025-02-03T02:48:00+00:00,2025-02-03T05:48:00+03:00,2271.0,55.0,58.5,,8.0,24.10000038146973,40.11499977111816, ,0.1,1.0,0.0
2025-02-03T02:49:00+00:00,2025-02-03T05:49:00+03:00,2270.0,54.0,59.5,,8.0,24.125,40.16500091552734, ,0.1,1.0,0.0
2025-02-03T02:50:00+00:00,2025-02-03T05:50:00+03:00,2273.5,58.5,61.5,,8.0,24.10000038146973,40.22999954223633, ,0.1,1.0,0.0
2025-02-03T02:51:00+00:00,2025-02-03T05:51:00+03:00,2277.0,51.0,53.5,,8.0,24.07999992370605,40.28999900817871, ,0.1,1.0,0.0
2025-02-03T02:52:00+00:00,2025-02-03T05:52:00+03:00,2280.5,53.0,56.5,,8.0,24.07999992370605,40.29500007629395, ,0.1,1.0,0.0
2025-02-03T02:53:00+00:00,2025-02-03T05:53:00+03:00,2278.5,52.0,52.5,,8.0,24.09000015258789,40.28499984741211, ,0.1,1.0,0.0
2025-02-03T02:54:00+00:00,2025-02-03T05:54:00+03:00,2273.0,52.0,54.5,,8.0,24.1200008392334,40.28499984741211, ,0.1,1.0,0.0
2025-02-03T02:55:00+00:00,2025-02-03T05:55:00+03:00,2270.5,52.5,59.0,,8.0,24.13500022888184,40.26499938964844, ,0.1,1.0,0.0
2025-02-03T02:56:00+00:00,2025-02-03T05:56:00+03:00,2267.5,53.5,57.5,,8.0,24.125,40.18499946594238, ,0.1,1.0,0.0
2025-02-03T02:57:00+00:00,2025-02-03T05:57:00+03:00,2267.0,55.0,58.0,,8.0,24.11999988555908,40.08500099182129, ,0.1,1.0,0.0
2025-02-03T02:58:00+00:00,2025-02-03T05:58:00+03:00,2255.5,52.0,54.5,,8.0,24.11499977111816,40.20499992370605, ,0.1,1.0,0.0
2025-02-03T02:59:00+00:00,2025-02-03T05:59:00+03:00,2252.5,50.5,54.5,,8.0,24.14000034332275,40.46000099182129, ,0.1,1.0,0.0
2025-02-03T03:00:00+00:00,2025-02-03T06:00:00+03:00,2279.5,52.5,58.0,,8.0,24.13999938964844,40.66499900817871, ,0.1,1.0,0.0
2025-02-03T03:01:00+00:00,2025-02-03T06:01:00+03:00,2301.5,47.5,52.5,,8.0,24.15999984741211,40.72500038146973, ,0.1,1.0,0.0
2025-02-03T03:02:00+00:00,2025-02-03T06:02:00+03:00,2308.0,57.5,63.5,,8.0,24.1899995803833,39.91999816894531, ,0.1,1.0,0.0
2025-02-03T03:03:00+00:00,2025-02-03T06:03:00+03:00,2166.0,53.0,58.0,,8.0,24.23999977111816,40.16499900817871, ,0.1,1.0,0.0
2025-02-03T03:04:00+00:00,2025-02-03T06:04:00+03:00,2208.5,51.5,56.5,,8.0,24.23499965667725,40.56999969482422, ,0.1,1.0,0.0
2025-02-03T03:05:00+00:00,2025-02-03T06:05:00+03:00,2287.0,56.5,59.5,,8.0,24.22499942779541,40.6299991607666, ,0.1,1.0,0.0
2025-02-03T03:06:00+00:00,2025-02-03T06:06:00+03:00,2300.5,51.5,54.0,,8.0,24.19499969482422,40.66500091552734, ,0.1,1.0,0.0
2025-02-03T03:07:00+00:00,2025-02-03T06:07:00+03:00,2306.5,51.0,53.0,,8.0,24.20999908447266,40.65999984741211, ,0.1,1.0,0.0
2025-02-03T03:08:00+00:00,2025-02-03T06:08:00+03:00,2316.5,53.0,60.5,,8.0,24.19000053405762,40.7450008392334, ,0.1,1.0,0.0
2025-02-03T03:09:00+00:00,2025-02-03T06:09:00+03:00,2326.5,52.0,53.5,,8.0,24.17000007629395,40.85000038146973, ,0.1,1.0,0.0
2025-02-03T03:10:00+00:00,2025-02-03T06:10:00+03:00,2337.0,52.5,56.0,,8.0,24.18000030517578,40.83500099182129, ,0.1,1.0,0.0
2025-02-03T03:11:00+00:00,2025-02-03T06:11:00+03:00,2346.5,53.0,54.5,,8.0,24.19499969482422,40.85000038146973, ,0.1,1.0,0.0
2025-02-03T03:12:00+00:00,2025-02-03T06:12:00+03:00,2350.0,52.0,55.0,,8.0,24.1850004196167,40.82000160217285, ,0.1,1.0,0.0
2025-02-03T03:13:00+00:00,2025-02-03T06:13:00+03:00,2349.0,52.5,55.5,,8.0,24.19999980926514,40.83500099182129, ,0.1,1.0,0.0
2025-02-03T03:14:00+00:00,2025-02-03T06:14:00+03:00,2352.0,52.0,57.0,,8.0,24.1850004196167,40.84999847412109, ,0.1,1.0,0.0
2025-02-03T03:15:00+00:00,2025-02-03T06:15:00+03:00,2357.5,50.5,52.0,,8.0,24.20499992370605,40.88999938964844, ,0.1,1.0,0.0
2025-02-03T03:16:00+00:00,2025-02-03T06:16:00+03:00,2372.0,51.0,53.0,,8.0,24.19999980926514,40.93000030517578, ,0.1,1.0,0.0
2025-02-03T03:17:00+00:00,2025-02-03T06:17:00+03:00,2379.0,51.0,56.5,,8.0,24.19000053405762,40.89500045776367, ,0.1,1.0,0.0
2025-02-03T03:18:00+00:00,2025-02-03T06:18:00+03:00,2375.5,48.5,52.5,,8.0,24.19999980926514,40.88000106811523, ,0.1,1.0,0.0
2025-02-03T03:19:00+00:00,2025-02-03T06:19:00+03:00,2384.5,54.0,57.0,,8.0,24.1850004196167,40.96500015258789, ,0.1,1.0,0.0
2025-02-03T03:20:00+00:00,2025-02-03T06:20:00+03:00,2393.0,50.0,53.0,,8.0,24.19000053405762,41.0, ,0.1,1.0,0.0
2025-02-03T03:21:00+00:00,2025-02-03T06:21:00+03:00,2403.0,52.5,56.0,,8.0,24.19499969482422,40.97500038146973, ,0.1,1.0,0.0
2025-02-03T03:22:00+00:00,2025-02-03T06:22:00+03:00,2403.0,49.0,50.0,,8.0,24.22000026702881,40.94000053405762, ,0.1,1.0,0.0
2025-02-03T03:23:00+00:00,2025-02-03T06:23:00+03:00,2402.0,52.5,54.5,,8.0,24.20499992370605,40.93499946594238, ,0.1,1.0,0.0
2025-02-03T03:24:00+00:00,2025-02-03T06:24:00+03:00,2403.5,48.5,50.0,,8.0,24.20999908447266,40.99499893188477, ,0.1,1.0,0.0
2025-02-03T03:25:00+00:00,2025-02-03T06:25:00+03:00,2405.5,51.0,57.0,,8.0,24.21999931335449,41.0, ,0.1,1.0,0.0
2025-02-03T03:26:00+00:00,2025-02-03T06:26:00+03:00,2408.5,50.5,53.0,,8.0,24.20499992370605,41.01000022888184, ,0.1,1.0,0.0
2025-02-03T03:27:00+00:00,2025-02-03T06:27:00+03:00,2408.0,52.0,53.0,,8.0,24.20999908447266,41.0049991607666, ,0.1,1.0,0.0
2025-02-03T03:28:00+00:00,2025-02-03T06:28:00+03:00,2407.5,49.0,51.5,,8.0,24.19000053405762,41.01499938964844, ,0.1,1.0,0.0
2025-02-03T03:29:00+00:00,2025-02-03T06:29:00+03:00,2410.5,48.5,54.5,,8.0,24.21999931335449,41.03999900817871, ,0.1,1.0,0.0
2025-02-03T03:30:00+00:00,2025-02-03T06:30:00+03:00,2417.0,53.5,56.5,,8.0,24.23999977111816,41.02999877929688, ,0.1,1.0,0.0
2025-02-03T03:31:00+00:00,2025-02-03T06:31:00+03:00,2418.0,49.0,53.0,,8.0,24.23999977111816,41.04999923706055, ,0.1,1.0,0.0
2025-02-03T03:32:00+00:00,2025-02-03T06:32:00+03:00,,,,,,,, ,0.1,1.0,0.0
2025-02-03T03:33:00+00:00,2025-02-03T06:33:00+03:00,2422.0,53.0,54.0,,8.0,24.22999954223633,41.13000106811523, ,0.1,1.0,0.0
2025-02-03T03:34:00+00:00,2025-02-03T06:34:00+03:00,2423.5,47.5,51.5,,8.0,24.25,41.21000099182129, ,0.1,1.0,0.0
2025-02-03T03:35:00+00:00,2025-02-03T06:35:00+03:00,2427.5,51.5,55.0,,8.0,24.22499942779541,41.27499961853027, ,0.1,1.0,0.0
2025-02-03T03:36:00+00:00,2025-02-03T06:36:00+03:00,2433.0,52.5,55.0,,8.0,24.23499965667725,41.46000099182129, ,0.1,1.0,0.0
2025-02-03T03:37:00+00:00,2025-02-03T06:37:00+03:00,2445.5,50.0,52.5,,8.0,24.22499942779541,41.67000007629395, ,0.1,1.0,0.0
2025-02-03T03:38:00+00:00,2025-02-03T06:38:00+03:00,2455.5,50.0,53.5,,8.0,24.19999980926514,41.78999900817871, ,0.1,1.0,0.0
2025-02-03T03:39:00+00:00,2025-02-03T06:39:00+03:00,2464.5,50.0,52.0,,8.0,24.19499969482422,41.80500030517578, ,0.1,1.0,0.0
2025-02-03T03:40:00+00:00,2025-02-03T06:40:00+03:00,2470.5,51.0,53.0,,8.0,24.20000076293945,41.80999946594238, ,0.1,1.0,0.0
2025-02-03T03:41:00+00:00,2025-02-03T06:41:00+03:00,2471.0,52.5,56.0,,8.0,24.21999931335449,41.84499931335449, ,0.1,1.0,0.0
2025-02-03T03:42:00+00:00,2025-02-03T06:42:00+03:00,2470.0,49.0,52.0,,8.0,24.20499992370605,41.875, ,0.1,1.0,0.0
2025-02-03T03:43:00+00:00,2025-02-03T06:43:00+03:00,2470.0,53.0,55.5,,8.0,24.21500015258789,41.85000038146973, ,0.1,1.0,0.0
2025-02-03T03:44:00+00:00,2025-02-03T06:44:00+03:00,2470.0,52.5,58.0,,8.0,24.24499988555908,41.84499931335449, ,0.1,1.0,0.0
2025-02-03T03:45:00+00:00,2025-02-03T06:45:00+03:00,2474.0,50.0,50.5,,8.0,24.23499965667725,41.89500045776367, ,0.1,1.0,0.0
2025-02-03T03:46:00+00:00,2025-02-03T06:46:00+03:00,2477.5,52.0,57.5,,8.0,24.21500015258789,41.95999908447266, ,0.1,1.0,0.0
2025-02-03T03:47:00+00:00,2025-02-03T06:47:00+03:00,2489.0,48.5,51.0,,8.0,24.22999954223633,41.94999885559082, ,0.1,1.0,0.0
2025-02-03T03:48:00+00:00,2025-02-03T06:48:00+03:00,2494.0,50.5,51.0,,8.0,24.26000022888184,42.01499938964844, ,0.1,1.0,0.0
2025-02-03T03:49:00+00:00,2025-02-03T06:49:00+03:00,2495.5,51.0,56.5,,8.0,24.23499965667725,42.09499931335449, ,0.1,1.0,0.0
2025-02-03T03:50:00+00:00,2025-02-03T06:50:00+03:00,2497.0,52.5,57.0,,8.0,24.26000022888184,42.14500045776367, ,0.1,1.0,0.0
2025-02-03T03:51:00+00:00,2025-02-03T06:51:00+03:00,2503.0,50.5,52.5,,9.0,24.23999977111816,42.1299991607666, ,0.1,1.0,0.0
2025-02-03T03:52:00+00:00,2025-02-03T06:52:00+03:00,2511.5,50.0,54.0,,9.0,24.22999954223633,42.18000030517578, ,0.1,1.0,0.0
2025-02-03T03:53:00+00:00,2025-02-03T06:53:00+03:00,2520.0,47.5,50.5,,9.0,24.26000022888184,42.15000152587891, ,0.1,1.0,0.0
2025-02-03T03:54:00+00:00,2025-02-03T06:54:00+03:00,2528.0,51.5,57.0,,9.0,24.26500034332275,42.125, ,0.1,1.0,0.0
2025-02-03T03:55:00+00:00,2025-02-03T06:55:00+03:00,2526.0,49.5,50.5,,9.0,24.25,42.125, ,0.1,1.0,0.0
2025-02-03T03:56:00+00:00,2025-02-03T06:56:00+03:00,2529.0,49.5,55.5,,9.0,24.27000045776367,42.15999984741211, ,0.1,1.0,0.0
2025-02-03T03:57:00+00:00,2025-02-03T06:57:00+03:00,2533.5,52.0,57.5,,9.0,24.25,42.14999961853027, ,0.1,1.0,0.0
2025-02-03T03:58:00+00:00,2025-02-03T06:58:00+03:00,2536.0,52.5,56.5,,9.0,24.26500034332275,42.11999893188477, ,0.1,1.0,0.0
2025-02-03T03:59:00+00:00,2025-02-03T06:59:00+03:00,2543.0,50.0,55.5,,9.0,24.25,42.18000030517578, ,0.1,1.0,0.0
2025-02-03T04:00:00+00:00,2025-02-03T07:00:00+03:00,2545.5,51.5,54.0,,9.0,24.25500011444092,42.23500061035156, ,0.1,1.0,0.0
2025-02-03T04:01:00+00:00,2025-02-03T07:01:00+03:00,2547.5,50.5,52.5,,9.0,24.23999977111816,42.25500106811523, ,0.1,1.0,0.0
2025-02-03T04:02:00+00:00,2025-02-03T07:02:00+03:00,2552.5,50.0,52.0,,9.0,24.23999977111816,42.18000030517578, ,0.1,1.0,0.0
2025-02-03T04:03:00+00:00,2025-02-03T07:03:00+03:00,2553.0,50.0,53.5,,9.0,24.25,42.25, ,0.1,1.0,0.0
2025-02-03T04:04:00+00:00,2025-02-03T07:04:00+03:00,2554.5,53.0,56.5,,9.0,24.23999977111816,42.32500076293945, ,0.1,1.0,0.0
2025-02-03T04:05:00+00:00,2025-02-03T07:05:00+03:00,2558.5,50.5,55.0,,9.0,24.20499992370605,42.34000015258789, ,0.1,1.0,0.0
2025-02-03T04:06:00+00:00,2025-02-03T07:06:00+03:00,2564.0,54.5,58.0,,9.0,24.20499992370605,42.34000015258789, ,0.1,1.0,0.0
2025-02-03T04:07:00+00:00,2025-02-03T07:07:00+03:00,2565.0,49.5,53.0,,9.0,24.22499942779541,42.30000114440918, ,0.1,1.0,0.0
2025-02-03T04:08:00+00:00,2025-02-03T07:08:00+03:00,2563.5,52.5,54.5,,9.0,24.23999977111816,42.32500076293945, ,0.1,1.0,0.0
2025-02-03T04:09:00+00:00,2025-02-03T07:09:00+03:00,2564.0,52.0,54.5,,9.0,24.25,42.32000160217285, ,0.1,1.0,0.0
2025-02-03T04:10:00+00:00,2025-02-03T07:10:00+03:00,2567.0,48.0,52.0,,9.0,24.27500057220459,42.29500007629395, ,0.1,1.0,0.0
2025-02-03T04:11:00+00:00,2025-02-03T07:11:00+03:00,2566.5,54.0,57.5,,9.0,24.26000022888184,42.34000015258789, ,0.1,1.0,0.0
2025-02-03T04:12:00+00:00,2025-02-03T07:12:00+03:00,2575.0,54.0,56.0,,9.0,24.26000022888184,42.44000053405762, ,0.1,1.0,0.0
2025-02-03T04:13:00+00:00,2025-02-03T07:13:00+03:00,2585.5,47.5,50.5,,9.0,24.22999954223633,42.5, ,0.1,1.0,0.0
2025-02-03T04:14:00+00:00,2025-02-03T07:14:00+03:00,2589.0,67.5,70.5,,9.0,24.24499988555908,41.67999839782715, ,0.1,1.0,0.0
2025-02-03T04:15:00+00:00,2025-02-03T07:15:00+03:00,2325.5,55.0,57.0,,8.0,24.30499935150146,41.40999984741211, ,0.1,1.0,0.0
2025-02-03T04:16:00+00:00,2025-02-03T07:16:00+03:00,2363.0,51.5,57.0,,8.0,24.30999946594238,42.26000022888184, ,0.1,1.0,0.0
2025-02-03T04:17:00+00:00,2025-02-03T07:17:00+03:00,2507.5,53.0,55.0,,9.0,24.27999973297119,42.32500076293945, ,0.1,1.0,0.0
2025-02-03T04:18:00+00:00,2025-02-03T07:18:00+03:00,2536.0,54.5,59.5,,9.0,24.26000022888184,42.30500030517578, ,0.1,1.0,0.0
2025-02-03T04:19:00+00:00,2025-02-03T07:19:00+03:00,2537.5,53.0,56.5,,9.0,24.27000045776367,42.31999969482422, ,0.1,1.0,0.0
2025-02-03T04:20:00+00:00,2025-02-03T07:20:00+03:00,2531.5,49.0,50.0,,9.0,24.22999954223633,42.40499877929688, ,0.1,1.0,0.0
2025-02-03T04:21:00+00:00,2025-02-03T07:21:00+03:00,2536.0,50.5,55.5,,9.0,24.24499988555908,42.51499938964844, ,0.1,1.0,0.0
2025-02-03T04:22:00+00:00,2025-02-03T07:22:00+03:00,2543.5,54.0,58.0,,9.0,24.22999954223633,42.54500007629395, ,0.1,1.0,0.0
2025-02-03T04:23:00+00:00,2025-02-03T07:23:00+03:00,2546.5,50.5,54.0,,9.0,24.26000022888184,42.55999946594238, ,0.1,1.0,0.0
2025-02-03T04:24:00+00:00,2025-02-03T07:24:00+03:00,2541.0,55.5,58.5,,9.0,24.29000091552734,42.55500030517578, ,0.1,1.0,0.0
2025-02-03T04:25:00+00:00,2025-02-03T07:25:00+03:00,2543.5,52.0,56.0,,9.0,24.26999950408936,42.4950008392334, ,0.1,1.0,0.0
2025-02-03T04:26:00+00:00,2025-02-03T07:26:00+03:00,2539.0,54.0,57.0,,9.0,24.24499988555908,42.41499900817871, ,0.1,1.0,0.0
2025-02-03T04:27:00+00:00,2025-02-03T07:27:00+03:00,2250.0,83.5,90.0,,9.0,24.23999977111816,39.13500022888184, ,0.1,1.0,0.0
2025-02-03T04:28:00+00:00,2025-02-03T07:28:00+03:00,1757.5,66.5,73.5,,8.0,24.30000019073486,40.40500068664551, ,0.1,1.0,0.0
2025-02-03T04:29:00+00:00,2025-02-03T07:29:00+03:00,2057.0,58.5,62.0,,8.0,24.3100004196167,41.93499946594238, ,0.1,1.0,0.0
2025-02-03T04:30:00+00:00,2025-02-03T07:30:00+03:00,2318.5,63.5,66.5,,8.0,24.3100004196167,41.73999977111816, ,0.1,1.0,0.0
2025-02-03T04:31:00+00:00,2025-02-03T07:31:00+03:00,2040.0,94.5,100.0,,9.0,24.30000019073486,38.6150016784668, ,0.1,1.0,0.0
2025-02-03T04:32:00+00:00,2025-02-03T07:32:00+03:00,1449.0,76.5,83.0,,9.0,24.34500026702881,38.71000099182129, ,0.1,1.0,0.0
2025-02-03T04:33:00+00:00,2025-02-03T07:33:00+03:00,1725.0,62.0,66.0,,7.0,24.3149995803833,40.90999984741211, ,0.1,1.0,0.0
2025-02-03T04:34:00+00:00,2025-02-03T07:34:00+03:00,2073.5,58.5,65.5,,8.0,24.31999969482422,41.18499946594238, ,0.1,1.0,0.0
2025-02-03T04:35:00+00:00,2025-02-03T07:35:00+03:00,2193.5,62.0,67.5,,8.0,24.29500007629395,41.26000022888184, ,0.1,1.0,0.0
2025-02-03T04:36:00+00:00,2025-02-03T07:36:00+03:00,2207.0,63.0,65.5,,8.0,24.25,41.40000152587891, ,0.1,1.0,0.0
2025-02-03T04:37:00+00:00,2025-02-03T07:37:00+03:00,2210.0,60.0,64.0,,8.0,24.26000022888184,41.55999946594238, ,0.1,1.0,0.0
2025-02-03T04:38:00+00:00,2025-02-03T07:38:00+03:00,2214.5,62.0,69.5,,8.0,24.23499965667725,41.55999946594238, ,0.1,1.0,0.0
2025-02-03T04:39:00+00:00,2025-02-03T07:39:00+03:00,2215.5,62.5,68.0,,8.0,24.22499942779541,41.54000091552734, ,0.1,1.0,0.0
2025-02-03T04:40:00+00:00,2025-02-03T07:40:00+03:00,2215.5,60.5,65.5,,8.0,24.21999931335449,41.54999923706055, ,0.1,1.0,0.0
2025-02-03T04:41:00+00:00,2025-02-03T07:41:00+03:00,2215.0,62.0,66.0,,8.0,24.22999954223633,41.64500045776367, ,0.1,1.0,0.0
2025-02-03T04:42:00+00:00,2025-02-03T07:42:00+03:00,2218.5,61.0,65.0,,8.0,24.19000053405762,41.71500015258789, ,0.1,1.0,0.0
2025-02-03T04:43:00+00:00,2025-02-03T07:43:00+03:00,2229.5,58.0,59.5,,8.0,24.21999931335449,41.78499984741211, ,0.1,1.0,0.0
2025-02-03T04:44:00+00:00,2025-02-03T07:44:00+03:00,2236.5,57.0,61.0,,8.0,24.21499919891357,41.95499992370605, ,0.1,1.0,0.0
2025-02-03T04:45:00+00:00,2025-02-03T07:45:00+03:00,2244.0,61.0,64.5,,8.0,24.23999977111816,42.48999977111816, ,0.1,1.0,0.0
2025-02-03T04:46:00+00:00,2025-02-03T07:46:00+03:00,2259.0,60.0,63.0,,8.0,24.23999977111816,42.51000022888184, ,0.1,1.0,0.0
2025-02-03T04:47:00+00:00,2025-02-03T07:47:00+03:00,2262.0,58.5,62.0,,8.0,24.21999931335449,42.34500122070312, ,0.1,1.0,0.0
2025-02-03T04:48:00+00:00,2025-02-03T07:48:00+03:00,2247.5,62.5,70.0,,8.0,24.23999977111816,42.21999931335449, ,0.1,1.0,0.0
2025-02-03T04:49:00+00:00,2025-02-03T07:49:00+03:00,2233.5,62.0,70.0,,8.0,24.28000068664551,42.5049991607666, ,0.1,1.0,0.0
2025-02-03T04:50:00+00:00,2025-02-03T07:50:00+03:00,2203.5,79.0,84.5,,9.0,24.25500011444092,40.85500144958496, ,0.1,1.0,0.0
2025-02-03T04:51:00+00:00,2025-02-03T07:51:00+03:00,1608.5,93.5,99.0,,9.0,24.30499935150146,37.6200008392334, ,0.1,1.0,0.0
2025-02-03T04:52:00+00:00,2025-02-03T07:52:00+03:00,1309.0,79.5,86.5,,9.0,24.36000061035156,37.98999977111816, ,0.1,1.0,0.0
2025-02-03T04:53:00+00:00,2025-02-03T07:53:00+03:00,1508.0,65.5,70.5,,8.0,24.34500026702881,40.83499908447266, ,0.1,1.0,0.0
2025-02-03T04:54:00+00:00,2025-02-03T07:54:00+03:00,1894.0,66.5,70.5,,8.0,24.27000045776367,41.43999862670898, ,0.1,1.0,0.0
2025-02-03T04:55:00+00:00,2025-02-03T07:55:00+03:00,2007.0,63.5,70.5,,8.0,24.23999977111816,41.60499954223633, ,0.1,1.0,0.0
2025-02-03T04:56:00+00:00,2025-02-03T07:56:00+03:00,2045.5,62.0,65.0,,8.0,24.22500038146973,41.73500061035156, ,0.1,1.0,0.0
2025-02-03T04:57:00+00:00,2025-02-03T07:57:00+03:00,2061.5,62.5,70.5,,8.0,24.20499992370605,41.82499885559082, ,0.1,1.0,0.0
2025-02-03T04:58:00+00:00,2025-02-03T07:58:00+03:00,2072.0,61.5,63.5,,8.0,24.18000030517578,42.00500106811523, ,0.1,1.0,0.0
2025-02-03T04:59:00+00:00,2025-02-03T07:59:00+03:00,2079.5,66.0,78.0,,8.0,24.17500019073486,42.15499877929688, ,0.1,1.0,0.0
2025-02-03T05:00:00+00:00,2025-02-03T08:00:00+03:00,2089.5,61.5,66.5,,8.0,24.19000053405762,42.22999954223633, ,0.1,1.0,0.0
2025-02-03T05:01:00+00:00,2025-02-03T08:01:00+03:00,2098.0,65.0,68.0,,8.0,24.1850004196167,42.35000038146973, ,0.1,1.0,0.0
2025-02-03T05:02:00+00:00,2025-02-03T08:02:00+03:00,2110.0,61.0,65.5,,8.0,24.17500019073486,42.39999961853027, ,0.1,1.0,0.0
2025-02-03T05:03:00+00:00,2025-02-03T08:03:00+03:00,2121.5,61.0,67.0,,8.0,24.19500064849854,42.46999931335449, ,0.1,1.0,0.0
2025-02-03T05:04:00+00:00,2025-02-03T08:04:00+03:00,2131.5,59.5,67.5,,8.0,24.22499942779541,42.46500015258789, ,0.1,1.0,0.0
2025-02-03T05:05:00+00:00,2025-02-03T08:05:00+03:00,2134.5,63.0,66.0,,8.0,24.20000076293945,42.52000045776367, ,0.1,1.0,0.0
2025-02-03T05:06:00+00:00,2025-02-03T08:06:00+03:00,2141.0,64.5,73.0,,8.0,24.19999980926514,42.57999992370605, ,0.1,1.0,0.0
2025-02-03T05:07:00+00:00,2025-02-03T08:07:00+03:00,2151.0,59.0,63.0,,8.0,24.20000076293945,42.70000076293945, ,0.1,1.0,0.0
2025-02-03T05:08:00+00:00,2025-02-03T08:08:00+03:00,2155.0,63.0,67.0,,8.0,24.21000003814697,42.75, ,0.1,1.0,0.0
2025-02-03T05:09:00+00:00,2025-02-03T08:09:00+03:00,2162.5,63.0,68.5,,8.0,24.20999908447266,42.88999938964844, ,0.1,1.0,0.0
2025-02-03T05:10:00+00:00,2025-02-03T08:10:00+03:00,2174.0,59.0,62.5,,8.0,24.19500064849854,43.03499984741211, ,0.1,1.0,0.0
2025-02-03T05:11:00+00:00,2025-02-03T08:11:00+03:00,2193.0,63.0,68.0,,8.0,24.22999954223633,42.98499870300293, ,0.1,1.0,0.0
2025-02-03T05:12:00+00:00,2025-02-03T08:12:00+03:00,2194.0,61.0,67.5,,8.0,24.20000076293945,43.03000068664551, ,0.1,1.0,0.0
2025-02-03T05:13:00+00:00,2025-02-03T08:13:00+03:00,2194.5,62.0,67.0,,8.0,24.19000053405762,43.09000015258789, ,0.1,1.0,0.0
2025-02-03T05:14:00+00:00,2025-02-03T08:14:00+03:00,2194.0,56.5,62.0,,8.0,24.1850004196167,43.11000061035156, ,0.1,1.0,0.0
2025-02-03T05:15:00+00:00,2025-02-03T08:15:00+03:00,2198.5,58.5,66.0,,8.0,24.15999984741211,43.20000076293945, ,0.1,1.0,0.0
2025-02-03T05:16:00+00:00,2025-02-03T08:16:00+03:00,2204.5,58.5,64.0,,8.0,24.1850004196167,43.21000099182129, ,0.1,1.0,0.0
2025-02-03T05:17:00+00:00,2025-02-03T08:17:00+03:00,2202.0,63.5,69.5,,8.0,24.1850004196167,42.1299991607666, ,0.1,1.0,0.0
2025-02-03T05:18:00+00:00,2025-02-03T08:18:00+03:00,1742.0,75.0,82.0,,9.0,24.23999977111816,39.35999870300293, ,0.1,1.0,0.0
2025-02-03T05:19:00+00:00,2025-02-03T08:19:00+03:00,1327.0,77.5,84.0,,9.0,24.24499988555908,38.65999984741211, ,0.1,1.0,0.0
2025-02-03T05:20:00+00:00,2025-02-03T08:20:00+03:00,1086.0,76.0,83.5,,9.0,24.29000091552734,38.1349983215332, ,0.1,1.0,0.0
2025-02-03T05:21:00+00:00,2025-02-03T08:21:00+03:00,1138.5,66.5,73.5,,8.0,24.30999946594238,39.84999847412109, ,0.1,1.0,0.0
2025-02-03T05:22:00+00:00,2025-02-03T08:22:00+03:00,1556.5,63.0,69.0,,7.0,24.28000068664551,41.57999992370605, ,0.1,1.0,0.0
2025-02-03T05:23:00+00:00,2025-02-03T08:23:00+03:00,1795.5,66.5,69.0,,8.0,24.26500034332275,41.71000099182129, ,0.1,1.0,0.0
2025-02-03T05:24:00+00:00,2025-02-03T08:24:00+03:00,1843.5,66.0,70.0,,8.0,24.22500038146973,41.56500053405762, ,0.1,1.0,0.0
2025-02-03T05:25:00+00:00,2025-02-03T08:25:00+03:00,1797.5,65.0,70.5,,8.0,24.21999931335449,41.69499969482422, ,0.1,1.0,0.0
2025-02-03T05:26:00+00:00,2025-02-03T08:26:00+03:00,1776.5,66.0,72.5,,8.0,24.23499965667725,42.18499946594238, ,0.1,1.0,0.0
2025-02-03T05:27:00+00:00,2025-02-03T08:27:00+03:00,1801.0,66.0,68.5,,8.0,24.22499942779541,42.32500076293945, ,0.1,1.0,0.0
2025-02-03T05:28:00+00:00,2025-02-03T08:28:00+03:00,1816.5,64.5,70.0,,7.0,24.19999980926514,42.375, ,0.1,1.0,0.0
2025-02-03T05:29:00+00:00,2025-02-03T08:29:00+03:00,1817.0,67.0,75.0,,8.0,24.19500064849854,42.43000030517578, ,0.1,1.0,0.0
2025-02-03T05:30:00+00:00,2025-02-03T08:30:00+03:00,1820.5,65.0,73.0,,8.0,24.22000026702881,42.4950008392334, ,0.1,1.0,0.0
2025-02-03T05:31:00+00:00,2025-02-03T08:31:00+03:00,1832.5,68.5,74.0,,8.0,24.23499965667725,42.58500099182129, ,0.1,1.0,0.0
2025-02-03T05:32:00+00:00,2025-02-03T08:32:00+03:00,1839.0,57.5,64.5,,7.0,24.21999931335449,42.64500045776367, ,0.1,1.0,0.0
2025-02-03T05:33:00+00:00,2025-02-03T08:33:00+03:00,1842.0,64.0,67.5,,7.0,24.20499992370605,42.69499969482422, ,0.1,1.0,0.0
2025-02-03T05:34:00+00:00,2025-02-03T08:34:00+03:00,1842.0,65.0,67.0,,8.0,24.21000003814697,42.7599983215332, ,0.1,1.0,0.0
2025-02-03T05:35:00+00:00,2025-02-03T08:35:00+03:00,1844.5,64.5,75.5,,7.0,24.20000076293945,42.84000015258789, ,0.1,1.0,0.0
2025-02-03T05:36:00+00:00,2025-02-03T08:36:00+03:00,1848.0,63.5,67.5,,7.0,24.19000053405762,42.90000152587891, ,0.1,1.0,0.0
2025-02-03T05:37:00+00:00,2025-02-03T08:37:00+03:00,1848.5,66.0,71.0,,8.0,24.20999908447266,42.93499946594238, ,0.1,1.0,0.0
2025-02-03T05:38:00+00:00,2025-02-03T08:38:00+03:00,1850.5,65.0,69.0,,8.0,24.19499969482422,43.01500129699707, ,0.1,1.0,0.0
2025-02-03T05:39:00+00:00,2025-02-03T08:39:00+03:00,1853.0,63.0,69.0,,7.0,24.16499996185303,43.11000061035156, ,0.1,1.0,0.0
2025-02-03T05:40:00+00:00,2025-02-03T08:40:00+03:00,1858.5,69.0,73.5,,8.0,24.15999984741211,43.15999984741211, ,0.1,1.0,0.0
2025-02-03T05:41:00+00:00,2025-02-03T08:41:00+03:00,1875.0,58.5,62.5,,7.0,24.17500019073486,43.22500038146973, ,0.1,1.0,0.0
2025-02-03T05:42:00+00:00,2025-02-03T08:42:00+03:00,1877.5,66.5,72.5,,8.0,24.17000007629395,43.38999938964844, ,0.1,1.0,0.0
2025-02-03T05:43:00+00:00,2025-02-03T08:43:00+03:00,1875.5,66.0,67.5,,8.0,24.14999961853027,43.44000053405762, ,0.1,1.0,0.0
2025-02-03T05:44:00+00:00,2025-02-03T08:44:00+03:00,1876.0,64.5,73.0,,7.0,24.16499996185303,43.40500068664551, ,0.1,1.0,0.0
2025-02-03T05:45:00+00:00,2025-02-03T08:45:00+03:00,1874.5,63.5,72.5,,7.0,24.17500019073486,43.40999984741211, ,0.1,1.0,0.0
2025-02-03T05:46:00+00:00,2025-02-03T08:46:00+03:00,1881.0,63.0,70.5,,7.0,24.18000030517578,43.44000053405762, ,0.1,1.0,0.0
2025-02-03T05:47:00+00:00,2025-02-03T08:47:00+03:00,1698.5,65.0,72.0,,8.0,24.15000057220459,40.625, ,0.1,1.0,0.0
2025-02-03T05:48:00+00:00,2025-02-03T08:48:00+03:00,1290.5,65.0,75.5,,8.0,24.08500003814697,38.90999984741211, ,0.1,1.0,0.0
2025-02-03T05:49:00+00:00,2025-02-03T08:49:00+03:00,1094.0,65.5,70.5,,8.0,24.11499977111816,38.30000114440918, ,0.1,1.0,0.0
2025-02-03T05:50:00+00:00,2025-02-03T08:50:00+03:00,1039.0,68.0,76.0,,8.0,24.11499977111816,38.04000091552734, ,0.1,1.0,0.0
2025-02-03T05:51:00+00:00,2025-02-03T08:51:00+03:00,1025.5,64.0,67.5,,7.0,24.13500022888184,37.94499969482422, ,0.1,1.0,0.0
2025-02-03T05:52:00+00:00,2025-02-03T08:52:00+03:00,1033.0,60.0,67.0,,7.0,24.13000011444092,37.88500022888184, ,0.1,1.0,0.0
2025-02-03T05:53:00+00:00,2025-02-03T08:53:00+03:00,1055.5,64.5,70.5,,7.0,24.13500022888184,37.80999946594238, ,0.1,1.0,0.0
2025-02-03T05:54:00+00:00,2025-02-03T08:54:00+03:00,1072.5,61.5,68.0,,7.0,24.10000038146973,37.85500144958496, ,0.1,1.0,0.0
2025-02-03T05:55:00+00:00,2025-02-03T08:55:00+03:00,1093.0,62.5,69.0,,7.0,24.03499984741211,37.88999938964844, ,0.1,1.0,0.0
2025-02-03T05:56:00+00:00,2025-02-03T08:56:00+03:00,1110.5,64.0,69.0,,7.0,23.98999977111816,38.35499954223633, ,0.1,1.0,0.0
2025-02-03T05:57:00+00:00,2025-02-03T08:57:00+03:00,1140.0,62.0,71.0,,7.0,23.99499988555908,38.79500007629395, ,0.1,1.0,0.0
2025-02-03T05:58:00+00:00,2025-02-03T08:58:00+03:00,1152.0,65.0,69.5,,8.0,24.03999996185303,38.26999855041504, ,0.1,1.0,0.0
2025-02-03T05:59:00+00:00,2025-02-03T08:59:00+03:00,1146.0,64.5,69.5,,7.0,24.04000091552734,37.89999961853027, ,0.1,1.0,0.0
2025-02-03T06:00:00+00:00,2025-02-03T09:00:00+03:00,1140.0,62.5,67.0,,7.0,24.01000022888184,37.61499977111816, ,0.1,1.0,0.0
2025-02-03T06:01:00+00:00,2025-02-03T09:01:00+03:00,1131.0,62.0,68.0,,7.0,23.99499988555908,38.03999900817871, ,0.1,1.0,0.0
2025-02-03T06:02:00+00:00,2025-02-03T09:02:00+03:00,1140.0,61.5,64.5,,7.0,23.94499969482422,38.95999908447266, ,0.1,1.0,0.0
2025-02-03T06:03:00+00:00,2025-02-03T09:03:00+03:00,1176.5,63.5,68.0,,7.0,23.88000011444092,39.31500053405762, ,0.1,1.0,0.0
2025-02-03T06:04:00+00:00,2025-02-03T09:04:00+03:00,1191.0,63.0,70.5,,7.0,23.88499927520752,39.34499931335449, ,0.1,1.0,0.0
2025-02-03T06:05:00+00:00,2025-02-03T09:05:00+03:00,1192.5,61.5,65.0,,7.0,23.93000030517578,39.38500022888184, ,0.1,1.0,0.0
2025-02-03T06:06:00+00:00,2025-02-03T09:06:00+03:00,1193.0,59.5,64.0,,7.0,23.93000030517578,39.48999977111816, ,0.1,1.0,0.0
2025-02-03T06:07:00+00:00,2025-02-03T09:07:00+03:00,1193.0,59.5,62.5,,7.0,23.91499996185303,39.56999969482422, ,0.1,1.0,0.0
2025-02-03T06:08:00+00:00,2025-02-03T09:08:00+03:00,1192.5,85.5,89.5,,9.0,23.95999908447266,39.41500091552734, ,0.1,1.0,0.0
2025-02-03T06:09:00+00:00,2025-02-03T09:09:00+03:00,1186.0,120.5,130.5,,9.0,24.0,39.26499938964844, ,0.1,1.0,0.0
2025-02-03T06:10:00+00:00,2025-02-03T09:10:00+03:00,1166.0,162.5,174.5,,9.0,24.06500053405762,38.96500015258789, ,0.1,1.0,0.0
2025-02-03T06:11:00+00:00,2025-02-03T09:11:00+03:00,1152.5,152.5,163.0,,9.0,24.06999969482422,38.96500015258789, ,0.1,1.0,0.0
2025-02-03T06:12:00+00:00,2025-02-03T09:12:00+03:00,1151.5,192.0,209.5,,9.0,24.10999965667725,38.97499847412109, ,0.1,1.0,0.0
2025-02-03T06:13:00+00:00,2025-02-03T09:13:00+03:00,1150.0,155.5,168.0,,9.0,24.11999988555908,38.96000099182129, ,0.1,1.0,0.0
2025-02-03T06:14:00+00:00,2025-02-03T09:14:00+03:00,1159.0,174.0,186.0,,9.0,24.07999992370605,38.375, ,0.1,1.0,0.0
2025-02-03T06:15:00+00:00,2025-02-03T09:15:00+03:00,1158.5,203.5,220.0,,9.0,24.10500049591064,37.57999992370605, ,0.1,1.0,0.0
2025-02-03T06:16:00+00:00,2025-02-03T09:16:00+03:00,1138.5,185.0,200.0,,9.0,24.10000038146973,37.38999938964844, ,0.1,1.0,0.0
2025-02-03T06:17:00+00:00,2025-02-03T09:17:00+03:00,1121.5,180.0,195.0,,9.0,24.11000061035156,37.18000030517578, ,0.1,1.0,0.0
2025-02-03T06:18:00+00:00,2025-02-03T09:18:00+03:00,1114.0,175.5,191.5,,9.0,24.14499950408936,37.06999969482422, ,0.1,1.0,0.0
2025-02-03T06:19:00+00:00,2025-02-03T09:19:00+03:00,1114.0,166.0,181.5,,9.0,24.125,37.2599983215332, ,0.1,1.0,0.0
2025-02-03T06:20:00+00:00,2025-02-03T09:20:00+03:00,1118.0,149.0,163.0,,9.0,24.11999988555908,37.69000053405762, ,0.1,1.0,0.0
2025-02-03T06:21:00+00:00,2025-02-03T09:21:00+03:00,1143.5,143.5,155.0,,9.0,24.05999946594238,38.28499984741211, ,0.1,1.0,0.0
2025-02-03T06:22:00+00:00,2025-02-03T09:22:00+03:00,1169.0,138.5,150.0,,9.0,24.05999946594238,38.3700008392334, ,0.1,1.0,0.0
2025-02-03T06:23:00+00:00,2025-02-03T09:23:00+03:00,1181.0,139.0,147.0,,9.0,24.0649995803833,38.52000045776367, ,0.1,1.0,0.0
2025-02-03T06:24:00+00:00,2025-02-03T09:24:00+03:00,1191.5,141.5,151.5,,9.0,24.05999946594238,38.61000061035156, ,0.1,1.0,0.0
2025-02-03T06:25:00+00:00,2025-02-03T09:25:00+03:00,1200.5,135.5,140.5,,9.0,24.04000091552734,38.72999954223633, ,0.1,1.0,0.0
2025-02-03T06:26:00+00:00,2025-02-03T09:26:00+03:00,1208.0,132.5,147.0,,9.0,24.02000045776367,38.88000106811523, ,0.1,1.0,0.0
2025-02-03T06:27:00+00:00,2025-02-03T09:27:00+03:00,1212.0,131.0,139.0,,9.0,24.01000022888184,39.04500007629395, ,0.1,1.0,0.0
2025-02-03T06:28:00+00:00,2025-02-03T09:28:00+03:00,1217.0,134.5,146.5,,9.0,24.03000068664551,39.13500022888184, ,0.1,1.0,0.0
2025-02-03T06:29:00+00:00,2025-02-03T09:29:00+03:00,1226.0,134.0,145.5,,9.0,24.01500034332275,39.24499893188477, ,0.1,1.0,0.0
2025-02-03T06:30:00+00:00,2025-02-03T09:30:00+03:00,1234.5,136.0,150.0,,9.0,24.05000019073486,39.34000015258789, ,0.1,1.0,0.0
2025-02-03T06:31:00+00:00,2025-02-03T09:31:00+03:00,1237.5,138.5,150.5,,9.0,24.01500034332275,39.48499870300293, ,0.1,1.0,0.0
2025-02-03T06:32:00+00:00,2025-02-03T09:32:00+03:00,1241.5,137.5,146.5,,9.0,23.96999931335449,39.59499931335449, ,0.1,1.0,0.0
2025-02-03T06:33:00+00:00,2025-02-03T09:33:00+03:00,1248.0,135.0,145.0,,9.0,23.97499942779541,39.65999984741211, ,0.1,1.0,0.0
2025-02-03T06:34:00+00:00,2025-02-03T09:34:00+03:00,1251.5,130.0,136.5,,9.0,24.02000045776367,39.69499969482422, ,0.1,1.0,0.0
2025-02-03T06:35:00+00:00,2025-02-03T09:35:00+03:00,1254.5,128.5,143.0,,9.0,24.02000045776367,39.69999885559082, ,0.1,1.0,0.0
2025-02-03T06:36:00+00:00,2025-02-03T09:36:00+03:00,1257.0,131.5,140.0,,9.0,23.98999977111816,39.76000022888184, ,0.1,1.0,0.0
2025-02-03T06:37:00+00:00,2025-02-03T09:37:00+03:00,1264.0,128.0,137.5,,9.0,24.02500057220459,39.80500030517578, ,0.1,1.0,0.0
2025-02-03T06:38:00+00:00,2025-02-03T09:38:00+03:00,1270.0,129.0,136.5,,9.0,23.99499988555908,39.89500045776367, ,0.1,1.0,0.0
2025-02-03T06:39:00+00:00,2025-02-03T09:39:00+03:00,1276.5,134.0,147.5,,9.0,23.98999977111816,39.95000076293945, ,0.1,1.0,0.0
2025-02-03T06:40:00+00:00,2025-02-03T09:40:00+03:00,1283.5,134.0,145.0,,9.0,24.01000022888184,40.03999900817871, ,0.1,1.0,0.0
2025-02-03T06:41:00+00:00,2025-02-03T09:41:00+03:00,1291.0,141.5,155.0,,9.0,23.97999954223633,40.06500053405762, ,0.1,1.0,0.0
2025-02-03T06:42:00+00:00,2025-02-03T09:42:00+03:00,1291.0,139.5,148.5,,9.0,24.02000045776367,40.03499984741211, ,0.1,1.0,0.0
2025-02-03T06:43:00+00:00,2025-02-03T09:43:00+03:00,1294.0,145.5,159.5,,9.0,24.0,40.06999969482422, ,0.1,1.0,0.0
2025-02-03T06:44:00+00:00,2025-02-03T09:44:00+03:00,1294.5,162.0,171.0,,9.0,24.00500011444092,40.14500045776367, ,0.1,1.0,0.0
2025-02-03T06:45:00+00:00,2025-02-03T09:45:00+03:00,1293.0,166.0,176.5,,9.0,24.03000068664551,40.09499931335449, ,0.1,1.0,0.0
2025-02-03T06:46:00+00:00,2025-02-03T09:46:00+03:00,1289.5,163.5,178.0,,9.0,24.01000022888184,40.02000045776367, ,0.1,1.0,0.0
2025-02-03T06:47:00+00:00,2025-02-03T09:47:00+03:00,1283.0,167.5,181.0,,9.0,24.03000068664551,39.98999977111816, ,0.1,1.0,0.0
2025-02-03T06:48:00+00:00,2025-02-03T09:48:00+03:00,1278.5,166.5,181.5,,9.0,24.0649995803833,40.01499938964844, ,0.1,1.0,0.0
2025-02-03T06:49:00+00:00,2025-02-03T09:49:00+03:00,1277.0,165.5,182.0,,9.0,24.05999946594238,40.03499984741211, ,0.1,1.0,0.0
2025-02-03T06:50:00+00:00,2025-02-03T09:50:00+03:00,1277.5,157.5,172.5,,9.0,24.07499980926514,40.01499938964844, ,0.1,1.0,0.0
2025-02-03T06:51:00+00:00,2025-02-03T09:51:00+03:00,1277.5,163.5,179.0,,9.0,24.10500049591064,40.0099983215332, ,0.1,1.0,0.0
2025-02-03T06:52:00+00:00,2025-02-03T09:52:00+03:00,1278.0,161.0,177.5,,9.0,24.07999992370605,39.95499992370605, ,0.1,1.0,0.0
2025-02-03T06:53:00+00:00,2025-02-03T09:53:00+03:00,1278.0,163.5,183.0,,9.0,24.0649995803833,39.98999977111816, ,0.1,1.0,0.0
2025-02-03T06:54:00+00:00,2025-02-03T09:54:00+03:00,1274.5,172.0,187.5,,9.0,24.05499935150146,40.03999900817871, ,0.1,1.0,0.0
2025-02-03T06:55:00+00:00,2025-02-03T09:55:00+03:00,1275.0,165.5,182.0,,9.0,24.05500030517578,40.06999969482422, ,0.1,1.0,0.0
2025-02-03T06:56:00+00:00,2025-02-03T09:56:00+03:00,1276.5,162.0,185.5,,9.0,24.06500053405762,40.05500030517578, ,0.1,1.0,0.0
2025-02-03T06:57:00+00:00,2025-02-03T09:57:00+03:00,1269.0,158.5,173.0,,9.0,24.02000045776367,40.07000160217285, ,0.1,1.0,0.0
2025-02-03T06:58:00+00:00,2025-02-03T09:58:00+03:00,1272.5,157.5,170.0,,9.0,24.05999946594238,40.06500053405762, ,0.1,1.0,0.0
2025-02-03T06:59:00+00:00,2025-02-03T09:59:00+03:00,1275.5,161.5,174.0,,9.0,24.0649995803833,40.06500053405762, ,0.1,1.0,0.0
2025-02-03T07:00:00+00:00,2025-02-03T10:00:00+03:00,1276.0,158.0,173.0,,9.0,24.04500007629395,40.04500007629395, ,0.1,1.0,0.0
2025-02-03T07:01:00+00:00,2025-02-03T10:01:00+03:00,1274.5,153.0,166.0,,9.0,24.05499935150146,40.06999969482422, ,0.1,1.0,0.0
2025-02-03T07:02:00+00:00,2025-02-03T10:02:00+03:00,1271.5,156.0,169.5,,9.0,24.04500007629395,40.05999946594238, ,0.1,1.0,0.0
2025-02-03T07:03:00+00:00,2025-02-03T10:03:00+03:00,1273.5,157.0,167.5,,9.0,24.04999923706055,40.02999877929688, ,0.1,1.0,0.0
2025-02-03T07:04:00+00:00,2025-02-03T10:04:00+03:00,1272.0,156.5,169.0,,9.0,24.04999923706055,40.01499938964844, ,0.1,1.0,0.0
2025-02-03T07:05:00+00:00,2025-02-03T10:05:00+03:00,1270.0,162.0,172.5,,9.0,24.0649995803833,40.02499961853027, ,0.1,1.0,0.0
2025-02-03T07:06:00+00:00,2025-02-03T10:06:00+03:00,1271.5,153.5,163.0,,9.0,24.05999946594238,39.96500015258789, ,0.1,1.0,0.0
2025-02-03T07:07:00+00:00,2025-02-03T10:07:00+03:00,1270.5,157.5,172.0,,9.0,24.05499935150146,39.9900016784668, ,0.1,1.0,0.0
2025-02-03T07:08:00+00:00,2025-02-03T10:08:00+03:00,1268.5,156.0,167.0,,9.0,24.01500034332275,40.02000045776367, ,0.1,1.0,0.0
2025-02-03T07:09:00+00:00,2025-02-03T10:09:00+03:00,1268.0,160.5,176.0,,9.0,24.04999923706055,40.03499984741211, ,0.1,1.0,0.0
2025-02-03T07:10:00+00:00,2025-02-03T10:10:00+03:00,1266.5,153.0,165.0,,9.0,24.05499935150146,40.04500007629395, ,0.1,1.0,0.0
2025-02-03T07:11:00+00:00,2025-02-03T10:11:00+03:00,1265.5,154.5,172.5,,9.0,24.02000045776367,40.04999923706055, ,0.1,1.0,0.0
2025-02-03T07:12:00+00:00,2025-02-03T10:12:00+03:00,1265.5,155.0,170.5,,9.0,24.04500007629395,40.03000068664551, ,0.1,1.0,0.0
2025-02-03T07:13:00+00:00,2025-02-03T10:13:00+03:00,1264.0,163.5,177.5,,9.0,24.04000091552734,40.02499961853027, ,0.1,1.0,0.0
2025-02-03T07:14:00+00:00,2025-02-03T10:14:00+03:00,1265.0,151.0,170.0,,9.0,24.05000019073486,40.01499938964844, ,0.1,1.0,0.0
2025-02-03T07:15:00+00:00,2025-02-03T10:15:00+03:00,1264.0,154.5,163.0,,9.0,24.07499980926514,39.98500061035156, ,0.1,1.0,0.0
2025-02-03T07:16:00+00:00,2025-02-03T10:16:00+03:00,1264.5,156.0,165.0,,9.0,24.07499980926514,39.94499969482422, ,0.1,1.0,0.0
2025-02-03T07:17:00+00:00,2025-02-03T10:17:00+03:00,1263.0,154.0,166.5,,9.0,24.05000019073486,39.94499969482422, ,0.1,1.0,0.0
2025-02-03T07:18:00+00:00,2025-02-03T10:18:00+03:00,1266.5,158.0,170.0,,9.0,24.04999923706055,39.97000122070312, ,0.1,1.0,0.0
2025-02-03T07:19:00+00:00,2025-02-03T10:19:00+03:00,1263.5,155.0,172.0,,9.0,24.06999969482422,39.94499969482422, ,0.1,1.0,0.0
2025-02-03T07:20:00+00:00,2025-02-03T10:20:00+03:00,1263.5,149.0,158.5,,9.0,24.05000019073486,39.93000030517578, ,0.1,1.0,0.0
2025-02-03T07:21:00+00:00,2025-02-03T10:21:00+03:00,1262.0,154.0,165.5,,9.0,24.07999992370605,39.91499900817871, ,0.1,1.0,0.0
2025-02-03T07:22:00+00:00,2025-02-03T10:22:00+03:00,1260.0,155.0,160.5,,9.0,24.06999969482422,39.90000152587891, ,0.1,1.0,0.0
2025-02-03T07:23:00+00:00,2025-02-03T10:23:00+03:00,1259.0,149.0,162.0,,9.0,24.01500034332275,39.97500038146973, ,0.1,1.0,0.0
2025-02-03T07:24:00+00:00,2025-02-03T10:24:00+03:00,1258.5,147.5,161.5,,9.0,24.01000022888184,39.98999977111816, ,0.1,1.0,0.0
2025-02-03T07:25:00+00:00,2025-02-03T10:25:00+03:00,1259.5,154.5,162.0,,9.0,24.02000045776367,39.98500061035156, ,0.1,1.0,0.0
2025-02-03T07:26:00+00:00,2025-02-03T10:26:00+03:00,1258.0,153.0,164.0,,9.0,24.01000022888184,39.97999954223633, ,0.1,1.0,0.0
2025-02-03T07:27:00+00:00,2025-02-03T10:27:00+03:00,1258.0,148.5,156.5,,9.0,24.01500034332275,39.97500038146973, ,0.1,1.0,0.0
2025-02-03T07:28:00+00:00,2025-02-03T10:28:00+03:00,1258.0,152.0,164.0,,9.0,24.01000022888184,39.9900016784668, ,0.1,1.0,0.0
2025-02-03T07:29:00+00:00,2025-02-03T10:29:00+03:00,1257.5,153.0,164.5,,9.0,24.03000068664551,39.98999977111816, ,0.1,1.0,0.0
2025-02-03T07:30:00+00:00,2025-02-03T10:30:00+03:00,1256.0,153.0,172.5,,9.0,24.03500080108643,39.96000099182129, ,0.1,1.0,0.0
2025-02-03T07:31:00+00:00,2025-02-03T10:31:00+03:00,1255.0,150.5,166.0,,9.0,24.02000045776367,39.98500061035156, ,0.1,1.0,0.0
2025-02-03T07:32:00+00:00,2025-02-03T10:32:00+03:00,1255.5,150.0,164.5,,9.0,24.03500080108643,40.0, ,0.1,1.0,0.0
2025-02-03T07:33:00+00:00,2025-02-03T10:33:00+03:00,1255.0,148.5,160.5,,9.0,24.05000019073486,39.97500038146973, ,0.1,1.0,0.0
2025-02-03T07:34:00+00:00,2025-02-03T10:34:00+03:00,1255.0,146.5,160.5,,9.0,24.05000019073486,39.97500038146973, ,0.1,1.0,0.0
2025-02-03T07:35:00+00:00,2025-02-03T10:35:00+03:00,1256.0,152.0,164.5,,9.0,24.02000045776367,39.96500015258789, ,0.1,1.0,0.0
2025-02-03T07:36:00+00:00,2025-02-03T10:36:00+03:00,1255.5,150.0,163.5,,9.0,24.00500011444092,39.9950008392334, ,0.1,1.0,0.0
2025-02-03T07:37:00+00:00,2025-02-03T10:37:00+03:00,1254.5,155.0,162.5,,9.0,23.99499988555908,40.0, ,0.1,1.0,0.0
2025-02-03T07:38:00+00:00,2025-02-03T10:38:00+03:00,1253.0,154.5,166.5,,9.0,24.00500011444092,40.00500106811523, ,0.1,1.0,0.0
2025-02-03T07:39:00+00:00,2025-02-03T10:39:00+03:00,1253.0,142.5,154.0,,9.0,24.03499984741211,39.98000144958496, ,0.1,1.0,0.0
2025-02-03T07:40:00+00:00,2025-02-03T10:40:00+03:00,1252.5,151.0,169.0,,9.0,24.02000045776367,39.94499969482422, ,0.1,1.0,0.0
2025-02-03T07:41:00+00:00,2025-02-03T10:41:00+03:00,1251.0,144.0,152.5,,9.0,24.02500057220459,39.95000076293945, ,0.1,1.0,0.0
2025-02-03T07:42:00+00:00,2025-02-03T10:42:00+03:00,1250.0,151.0,161.5,,9.0,24.0,39.95499992370605, ,0.1,1.0,0.0
2025-02-03T07:43:00+00:00,2025-02-03T10:43:00+03:00,1248.0,150.0,164.0,,9.0,24.01000022888184,39.96500015258789, ,0.1,1.0,0.0
2025-02-03T07:44:00+00:00,2025-02-03T10:44:00+03:00,1249.5,151.0,160.5,,9.0,24.01500034332275,39.94000053405762, ,0.1,1.0,0.0
2025-02-03T07:45:00+00:00,2025-02-03T10:45:00+03:00,1250.0,145.5,157.5,,9.0,24.0,39.93999862670898, ,0.1,1.0,0.0
2025-02-03T07:46:00+00:00,2025-02-03T10:46:00+03:00,1249.5,153.5,165.5,,9.0,24.01500034332275,39.93999862670898, ,0.1,1.0,0.0
2025-02-03T07:47:00+00:00,2025-02-03T10:47:00+03:00,1245.0,170.5,182.0,,9.0,24.08500003814697,39.6349983215332, ,0.1,1.0,0.0
2025-02-03T07:48:00+00:00,2025-02-03T10:48:00+03:00,1234.0,182.0,202.5,,9.0,24.11000061035156,39.39500045776367, ,0.1,1.0,0.0
2025-02-03T07:49:00+00:00,2025-02-03T10:49:00+03:00,1220.0,156.0,171.0,,9.0,24.11000061035156,39.27000045776367, ,0.1,1.0,0.0
2025-02-03T07:50:00+00:00,2025-02-03T10:50:00+03:00,1217.0,154.5,172.0,,9.0,24.07999992370605,39.2549991607666, ,0.1,1.0,0.0
2025-02-03T07:51:00+00:00,2025-02-03T10:51:00+03:00,1221.5,154.0,167.5,,9.0,24.05999946594238,39.22500038146973, ,0.1,1.0,0.0
2025-02-03T07:52:00+00:00,2025-02-03T10:52:00+03:00,1214.5,163.0,180.5,,9.0,24.0,39.28499984741211, ,0.1,1.0,0.0
2025-02-03T07:53:00+00:00,2025-02-03T10:53:00+03:00,1216.0,161.5,185.5,,9.0,24.01500034332275,39.3700008392334, ,0.1,1.0,0.0
2025-02-03T07:54:00+00:00,2025-02-03T10:54:00+03:00,1215.5,165.5,177.5,,9.0,24.01500034332275,39.28499984741211, ,0.1,1.0,0.0
2025-02-03T07:55:00+00:00,2025-02-03T10:55:00+03:00,1217.5,200.0,215.5,,9.0,24.02000045776367,39.02000045776367, ,0.1,1.0,0.0
2025-02-03T07:56:00+00:00,2025-02-03T10:56:00+03:00,1177.5,300.0,336.5,,9.0,24.0600004196167,37.14999961853027, ,0.1,1.0,0.0
2025-02-03T07:57:00+00:00,2025-02-03T10:57:00+03:00,1086.0,307.5,345.0,,9.0,24.14000034332275,36.47999954223633, ,0.1,1.0,0.0
2025-02-03T07:58:00+00:00,2025-02-03T10:58:00+03:00,1022.5,292.5,332.5,,9.0,24.15999984741211,36.31500053405762, ,0.1,1.0,0.0
2025-02-03T07:59:00+00:00,2025-02-03T10:59:00+03:00,999.0,301.0,338.0,,9.0,24.1850004196167,36.13000106811523, ,0.1,1.0,0.0
2025-02-03T08:00:00+00:00,2025-02-03T11:00:00+03:00,979.0,305.0,353.0,,9.0,24.19999980926514,35.48500061035156, ,0.1,1.0,0.0
2025-02-03T08:01:00+00:00,2025-02-03T11:01:00+03:00,968.5,250.5,277.5,,9.0,24.14000034332275,35.88999938964844, ,0.1,1.0,0.0
2025-02-03T08:02:00+00:00,2025-02-03T11:02:00+03:00,976.0,292.5,325.0,,9.0,24.07999992370605,34.70999908447266, ,0.1,1.0,0.0
2025-02-03T08:03:00+00:00,2025-02-03T11:03:00+03:00,954.0,305.0,339.5,,9.0,24.07499980926514,34.77499961853027, ,0.1,1.0,0.0
2025-02-03T08:04:00+00:00,2025-02-03T11:04:00+03:00,942.5,299.5,332.0,,9.0,24.00500011444092,34.97999954223633, ,0.1,1.0,0.0
2025-02-03T08:05:00+00:00,2025-02-03T11:05:00+03:00,944.5,265.5,288.0,,9.0,24.00500011444092,35.85499954223633, ,0.1,1.0,0.0
2025-02-03T08:06:00+00:00,2025-02-03T11:06:00+03:00,982.0,257.0,283.0,,9.0,23.97999954223633,36.30500030517578, ,0.1,1.0,0.0
2025-02-03T08:07:00+00:00,2025-02-03T11:07:00+03:00,997.5,271.5,304.0,,9.0,24.04000091552734,36.29000091552734, ,0.1,1.0,0.0
2025-02-03T08:08:00+00:00,2025-02-03T11:08:00+03:00,981.0,273.5,307.0,,9.0,24.14999961853027,35.6200008392334, ,0.1,1.0,0.0
2025-02-03T08:09:00+00:00,2025-02-03T11:09:00+03:00,973.0,265.0,301.0,,9.0,24.19500064849854,35.17499923706055, ,0.1,1.0,0.0
2025-02-03T08:10:00+00:00,2025-02-03T11:10:00+03:00,968.5,266.0,300.5,,9.0,24.21999931335449,35.18499946594238, ,0.1,1.0,0.0
2025-02-03T08:11:00+00:00,2025-02-03T11:11:00+03:00,962.5,260.5,283.5,,9.0,24.20999908447266,35.34000015258789, ,0.1,1.0,0.0
2025-02-03T08:12:00+00:00,2025-02-03T11:12:00+03:00,959.0,259.5,287.0,,9.0,24.21499919891357,35.28000068664551, ,0.1,1.0,0.0
2025-02-03T08:13:00+00:00,2025-02-03T11:13:00+03:00,957.0,256.5,287.5,,9.0,24.19999980926514,35.65499877929688, ,0.1,1.0,0.0
2025-02-03T08:14:00+00:00,2025-02-03T11:14:00+03:00,960.0,248.5,277.0,,9.0,24.11999988555908,35.93000030517578, ,0.1,1.0,0.0
2025-02-03T08:15:00+00:00,2025-02-03T11:15:00+03:00,973.5,258.0,283.5,,9.0,24.0600004196167,35.98500061035156, ,0.1,1.0,0.0
2025-02-03T08:16:00+00:00,2025-02-03T11:16:00+03:00,981.0,260.5,287.0,,9.0,24.07499980926514,35.6299991607666, ,0.1,1.0,0.0
2025-02-03T08:17:00+00:00,2025-02-03T11:17:00+03:00,979.5,241.0,265.5,,9.0,24.03000068664551,35.90500068664551, ,0.1,1.0,0.0
2025-02-03T08:18:00+00:00,2025-02-03T11:18:00+03:00,980.0,241.5,275.0,,9.0,24.02500057220459,36.27000045776367, ,0.1,1.0,0.0
2025-02-03T08:19:00+00:00,2025-02-03T11:19:00+03:00,990.5,237.0,262.5,,9.0,23.88000011444092,35.98999977111816, ,0.1,1.0,0.0
2025-02-03T08:20:00+00:00,2025-02-03T11:20:00+03:00,987.5,236.0,261.0,,9.0,23.84000015258789,36.07500076293945, ,0.1,1.0,0.0
2025-02-03T08:21:00+00:00,2025-02-03T11:21:00+03:00,980.0,239.0,270.5,,9.0,23.69999980926514,36.04500007629395, ,0.1,1.0,0.0
2025-02-03T08:22:00+00:00,2025-02-03T11:22:00+03:00,978.5,238.0,263.5,,9.0,23.65499973297119,36.13000106811523, ,0.1,1.0,0.0
2025-02-03T08:23:00+00:00,2025-02-03T11:23:00+03:00,977.5,228.0,261.5,,9.0,23.61000061035156,35.98999977111816, ,0.1,1.0,0.0
2025-02-03T08:24:00+00:00,2025-02-03T11:24:00+03:00,973.5,232.0,256.0,,9.0,23.55500030517578,36.04500007629395, ,0.1,1.0,0.0
2025-02-03T08:25:00+00:00,2025-02-03T11:25:00+03:00,969.0,224.0,245.5,,9.0,23.55999946594238,35.9950008392334, ,0.1,1.0,0.0
2025-02-03T08:26:00+00:00,2025-02-03T11:26:00+03:00,966.5,223.0,246.5,,9.0,23.51500034332275,35.89999961853027, ,0.1,1.0,0.0
2025-02-03T08:27:00+00:00,2025-02-03T11:27:00+03:00,960.0,217.5,251.0,,9.0,23.44999980926514,35.8700008392334, ,0.1,1.0,0.0
2025-02-03T08:28:00+00:00,2025-02-03T11:28:00+03:00,958.5,222.5,244.0,,9.0,23.44500064849854,35.90000152587891, ,0.1,1.0,0.0
2025-02-03T08:29:00+00:00,2025-02-03T11:29:00+03:00,954.0,213.0,242.5,,9.0,23.44500064849854,35.85499954223633, ,0.1,1.0,0.0
2025-02-03T08:30:00+00:00,2025-02-03T11:30:00+03:00,948.5,213.0,240.0,,9.0,23.42500019073486,35.7549991607666, ,0.1,1.0,0.0
2025-02-03T08:31:00+00:00,2025-02-03T11:31:00+03:00,944.5,214.0,238.0,,9.0,23.44000053405762,35.7599983215332, ,0.1,1.0,0.0
2025-02-03T08:32:00+00:00,2025-02-03T11:32:00+03:00,943.0,212.0,232.0,,9.0,23.42000007629395,35.78500175476074, ,0.1,1.0,0.0
2025-02-03T08:33:00+00:00,2025-02-03T11:33:00+03:00,942.5,211.5,233.5,,9.0,23.38499927520752,35.73500061035156, ,0.1,1.0,0.0
2025-02-03T08:34:00+00:00,2025-02-03T11:34:00+03:00,939.5,208.5,228.0,,9.0,23.41499996185303,35.81000137329102, ,0.1,1.0,0.0
2025-02-03T08:35:00+00:00,2025-02-03T11:35:00+03:00,937.5,204.0,225.5,,9.0,23.41499996185303,35.70999908447266, ,0.1,1.0,0.0
2025-02-03T08:36:00+00:00,2025-02-03T11:36:00+03:00,932.5,198.0,213.5,,9.0,23.36000061035156,35.67000007629395, ,0.1,1.0,0.0
2025-02-03T08:37:00+00:00,2025-02-03T11:37:00+03:00,928.0,198.0,219.0,,9.0,23.3700008392334,35.65500068664551, ,0.1,1.0,0.0
2025-02-03T08:38:00+00:00,2025-02-03T11:38:00+03:00,924.5,199.0,224.5,,9.0,23.32499980926514,35.69499969482422, ,0.1,1.0,0.0
2025-02-03T08:39:00+00:00,2025-02-03T11:39:00+03:00,924.0,195.0,215.5,,9.0,23.29999923706055,35.45499992370605, ,0.1,1.0,0.0
2025-02-03T08:40:00+00:00,2025-02-03T11:40:00+03:00,920.5,193.5,214.0,,9.0,23.29500007629395,35.46499824523926, ,0.1,1.0,0.0
2025-02-03T08:41:00+00:00,2025-02-03T11:41:00+03:00,915.5,189.0,214.0,,9.0,23.27499961853027,35.38500022888184, ,0.1,1.0,0.0
2025-02-03T08:42:00+00:00,2025-02-03T11:42:00+03:00,910.5,185.0,203.5,,9.0,23.29000091552734,35.44499969482422, ,0.1,1.0,0.0
2025-02-03T08:43:00+00:00,2025-02-03T11:43:00+03:00,905.5,185.0,203.0,,9.0,23.26500034332275,35.40999984741211, ,0.1,1.0,0.0
2025-02-03T08:44:00+00:00,2025-02-03T11:44:00+03:00,904.0,185.0,209.0,,9.0,23.29000091552734,35.3799991607666, ,0.1,1.0,0.0
2025-02-03T08:45:00+00:00,2025-02-03T11:45:00+03:00,901.5,188.0,204.0,,9.0,23.28000068664551,35.30500030517578, ,0.1,1.0,0.0
2025-02-03T08:46:00+00:00,2025-02-03T11:46:00+03:00,900.0,186.5,204.0,,9.0,23.28000068664551,35.31000137329102, ,0.1,1.0,0.0
2025-02-03T08:47:00+00:00,2025-02-03T11:47:00+03:00,896.5,181.0,198.5,,9.0,23.26000022888184,35.32999992370605, ,0.1,1.0,0.0
2025-02-03T08:48:00+00:00,2025-02-03T11:48:00+03:00,895.0,180.0,204.0,,9.0,23.26000022888184,35.31999969482422, ,0.1,1.0,0.0
2025-02-03T08:49:00+00:00,2025-02-03T11:49:00+03:00,891.5,171.5,189.0,,9.0,23.27000045776367,35.34499931335449, ,0.1,1.0,0.0
2025-02-03T08:50:00+00:00,2025-02-03T11:50:00+03:00,889.0,176.0,197.0,,9.0,23.26500034332275,35.23500061035156, ,0.1,1.0,0.0
2025-02-03T08:51:00+00:00,2025-02-03T11:51:00+03:00,886.5,168.5,191.0,,9.0,23.28000068664551,35.27500152587891, ,0.1,1.0,0.0
2025-02-03T08:52:00+00:00,2025-02-03T11:52:00+03:00,882.5,170.5,194.0,,9.0,23.28499984741211,35.06500053405762, ,0.1,1.0,0.0
2025-02-03T08:53:00+00:00,2025-02-03T11:53:00+03:00,880.0,169.0,187.0,,9.0,23.28000068664551,35.17500114440918, ,0.1,1.0,0.0
2025-02-03T08:54:00+00:00,2025-02-03T11:54:00+03:00,879.0,167.5,185.5,,9.0,23.26000022888184,35.06000137329102, ,0.1,1.0,0.0
2025-02-03T08:55:00+00:00,2025-02-03T11:55:00+03:00,878.0,170.0,191.5,,9.0,23.26000022888184,35.13999938964844, ,0.1,1.0,0.0
2025-02-03T08:56:00+00:00,2025-02-03T11:56:00+03:00,878.0,168.0,181.5,,9.0,23.25,35.24499893188477, ,0.1,1.0,0.0
2025-02-03T08:57:00+00:00,2025-02-03T11:57:00+03:00,880.0,160.5,174.0,,9.0,23.26000022888184,35.3799991607666, ,0.1,1.0,0.0
2025-02-03T08:58:00+00:00,2025-02-03T11:58:00+03:00,881.0,165.0,184.0,,9.0,23.28000068664551,35.43499946594238, ,0.1,1.0,0.0
2025-02-03T08:59:00+00:00,2025-02-03T11:59:00+03:00,882.5,169.0,181.5,,9.0,23.26500034332275,35.47500038146973, ,0.1,1.0,0.0
2025-02-03T09:00:00+00:00,2025-02-03T12:00:00+03:00,885.5,163.5,178.5,,9.0,23.25,35.44000053405762, ,0.1,1.0,0.0
2025-02-03T09:01:00+00:00,2025-02-03T12:01:00+03:00,883.0,169.0,186.5,,9.0,23.26500034332275,35.41499900817871, ,0.1,1.0,0.0
2025-02-03T09:02:00+00:00,2025-02-03T12:02:00+03:00,879.5,158.5,172.0,,9.0,23.26000022888184,35.43000030517578, ,0.1,1.0,0.0
2025-02-03T09:03:00+00:00,2025-02-03T12:03:00+03:00,878.5,163.0,179.5,,9.0,23.30500030517578,35.43999862670898, ,0.1,1.0,0.0
2025-02-03T09:04:00+00:00,2025-02-03T12:04:00+03:00,878.0,159.5,170.0,,9.0,23.31999969482422,35.41500091552734, ,0.1,1.0,0.0
2025-02-03T09:05:00+00:00,2025-02-03T12:05:00+03:00,876.5,153.0,173.0,,9.0,23.35500049591064,35.3650016784668, ,0.1,1.0,0.0
2025-02-03T09:06:00+00:00,2025-02-03T12:06:00+03:00,873.5,156.5,171.0,,9.0,23.31999969482422,35.30000114440918, ,0.1,1.0,0.0
2025-02-03T09:07:00+00:00,2025-02-03T12:07:00+03:00,868.0,155.5,170.5,,9.0,23.30999946594238,35.33499908447266, ,0.1,1.0,0.0
2025-02-03T09:08:00+00:00,2025-02-03T12:08:00+03:00,868.5,149.0,167.5,,9.0,23.31999969482422,35.34499931335449, ,0.1,1.0,0.0
2025-02-03T09:09:00+00:00,2025-02-03T12:09:00+03:00,866.0,150.0,171.5,,9.0,23.34500026702881,35.35499954223633, ,0.1,1.0,0.0
2025-02-03T09:10:00+00:00,2025-02-03T12:10:00+03:00,864.0,150.0,169.5,,9.0,23.3100004196167,35.33500099182129, ,0.1,1.0,0.0
2025-02-03T09:11:00+00:00,2025-02-03T12:11:00+03:00,863.0,149.5,167.0,,9.0,23.3149995803833,35.29500007629395, ,0.1,1.0,0.0
2025-02-03T09:12:00+00:00,2025-02-03T12:12:00+03:00,862.0,153.5,173.5,,9.0,23.32999992370605,35.36000061035156, ,0.1,1.0,0.0
2025-02-03T09:13:00+00:00,2025-02-03T12:13:00+03:00,861.0,144.5,158.5,,9.0,23.36499977111816,35.25, ,0.1,1.0,0.0
2025-02-03T09:14:00+00:00,2025-02-03T12:14:00+03:00,858.0,145.5,163.5,,9.0,23.31999969482422,35.26499938964844, ,0.1,1.0,0.0
2025-02-03T09:15:00+00:00,2025-02-03T12:15:00+03:00,857.0,146.0,167.0,,9.0,23.32999992370605,35.23999977111816, ,0.1,1.0,0.0
2025-02-03T09:16:00+00:00,2025-02-03T12:16:00+03:00,855.5,144.0,157.0,,9.0,23.29500007629395,35.20999908447266, ,0.1,1.0,0.0
2025-02-03T09:17:00+00:00,2025-02-03T12:17:00+03:00,851.5,148.5,166.0,,9.0,23.29500007629395,35.22999954223633, ,0.1,1.0,0.0
2025-02-03T09:18:00+00:00,2025-02-03T12:18:00+03:00,847.0,145.0,163.0,,9.0,23.26000022888184,35.18999862670898, ,0.1,1.0,0.0
2025-02-03T09:19:00+00:00,2025-02-03T12:19:00+03:00,844.0,145.0,157.0,,9.0,23.27000045776367,35.31999969482422, ,0.1,1.0,0.0
2025-02-03T09:20:00+00:00,2025-02-03T12:20:00+03:00,844.0,143.0,156.5,,9.0,23.26500034332275,35.28499984741211, ,0.1,1.0,0.0
2025-02-03T09:21:00+00:00,2025-02-03T12:21:00+03:00,842.5,142.5,158.5,,9.0,23.28499984741211,35.20499992370605, ,0.1,1.0,0.0
2025-02-03T09:22:00+00:00,2025-02-03T12:22:00+03:00,841.5,136.5,151.5,,9.0,23.29500007629395,35.18499946594238, ,0.1,1.0,0.0
2025-02-03T09:23:00+00:00,2025-02-03T12:23:00+03:00,838.5,137.0,155.0,,9.0,23.30500030517578,35.18000030517578, ,0.1,1.0,0.0
2025-02-03T09:24:00+00:00,2025-02-03T12:24:00+03:00,835.5,133.5,144.0,,9.0,23.34000015258789,35.17000007629395, ,0.1,1.0,0.0
2025-02-03T09:25:00+00:00,2025-02-03T12:25:00+03:00,834.5,133.5,151.0,,9.0,23.34000015258789,34.98999977111816, ,0.1,1.0,0.0
2025-02-03T09:26:00+00:00,2025-02-03T12:26:00+03:00,831.0,140.0,150.5,,9.0,23.33500003814697,35.02499961853027, ,0.1,1.0,0.0
2025-02-03T09:27:00+00:00,2025-02-03T12:27:00+03:00,828.0,131.5,150.5,,9.0,23.34000015258789,34.84499931335449, ,0.1,1.0,0.0
2025-02-03T09:28:00+00:00,2025-02-03T12:28:00+03:00,825.5,132.0,142.5,,9.0,23.32499980926514,35.01000022888184, ,0.1,1.0,0.0
2025-02-03T09:29:00+00:00,2025-02-03T12:29:00+03:00,823.0,130.0,145.0,,9.0,23.30499935150146,35.0, ,0.1,1.0,0.0
2025-02-03T09:30:00+00:00,2025-02-03T12:30:00+03:00,821.0,129.0,141.0,,9.0,23.3149995803833,35.02499961853027, ,0.1,1.0,0.0
2025-02-03T09:31:00+00:00,2025-02-03T12:31:00+03:00,819.5,128.0,141.5,,9.0,23.29000091552734,35.0, ,0.1,1.0,0.0
2025-02-03T09:32:00+00:00,2025-02-03T12:32:00+03:00,819.5,134.0,147.5,,9.0,23.32499980926514,34.96500015258789, ,0.1,1.0,0.0
2025-02-03T09:33:00+00:00,2025-02-03T12:33:00+03:00,816.0,127.0,137.5,,9.0,23.29999923706055,34.97000122070312, ,0.1,1.0,0.0
2025-02-03T09:34:00+00:00,2025-02-03T12:34:00+03:00,811.5,126.5,138.5,,9.0,23.29500007629395,34.91499900817871, ,0.1,1.0,0.0
2025-02-03T09:35:00+00:00,2025-02-03T12:35:00+03:00,809.5,124.5,142.5,,9.0,23.30500030517578,34.89999961853027, ,0.1,1.0,0.0
2025-02-03T09:36:00+00:00,2025-02-03T12:36:00+03:00,809.0,124.5,133.5,,9.0,23.32999992370605,34.92000007629395, ,0.1,1.0,0.0
2025-02-03T09:37:00+00:00,2025-02-03T12:37:00+03:00,807.5,127.5,142.0,,9.0,23.30499935150146,34.92500114440918, ,0.1,1.0,0.0
2025-02-03T09:38:00+00:00,2025-02-03T12:38:00+03:00,806.0,125.5,133.5,,9.0,23.27000045776367,34.95499992370605, ,0.1,1.0,0.0
2025-02-03T09:39:00+00:00,2025-02-03T12:39:00+03:00,803.0,124.0,139.5,,9.0,23.30499935150146,34.90499877929688, ,0.1,1.0,0.0
2025-02-03T09:40:00+00:00,2025-02-03T12:40:00+03:00,801.0,119.5,129.0,,9.0,23.32499980926514,34.80999946594238, ,0.1,1.0,0.0
2025-02-03T09:41:00+00:00,2025-02-03T12:41:00+03:00,799.0,119.5,131.5,,9.0,23.32499980926514,34.73499870300293, ,0.1,1.0,0.0
2025-02-03T09:42:00+00:00,2025-02-03T12:42:00+03:00,796.5,121.0,135.5,,9.0,23.28000068664551,34.82500076293945, ,0.1,1.0,0.0
2025-02-03T09:43:00+00:00,2025-02-03T12:43:00+03:00,795.5,118.0,133.5,,9.0,23.3149995803833,34.84000015258789, ,0.1,1.0,0.0
2025-02-03T09:44:00+00:00,2025-02-03T12:44:00+03:00,793.0,119.5,128.0,,9.0,23.33500003814697,34.7450008392334, ,0.1,1.0,0.0
2025-02-03T09:45:00+00:00,2025-02-03T12:45:00+03:00,792.5,118.0,132.0,,9.0,23.35500049591064,34.81500053405762, ,0.1,1.0,0.0
2025-02-03T09:46:00+00:00,2025-02-03T12:46:00+03:00,791.5,118.0,122.5,,9.0,23.31999969482422,34.81499862670898, ,0.1,1.0,0.0
2025-02-03T09:47:00+00:00,2025-02-03T12:47:00+03:00,791.0,118.0,131.0,,9.0,23.27500057220459,34.78999900817871, ,0.1,1.0,0.0
2025-02-03T09:48:00+00:00,2025-02-03T12:48:00+03:00,789.0,108.5,116.5,,9.0,23.27500057220459,34.73999977111816, ,0.1,1.0,0.0
2025-02-03T09:49:00+00:00,2025-02-03T12:49:00+03:00,786.0,111.0,128.0,,9.0,23.28999996185303,34.76000022888184, ,0.1,1.0,0.0
2025-02-03T09:50:00+00:00,2025-02-03T12:50:00+03:00,784.5,109.0,126.0,,9.0,23.27000045776367,34.72999954223633, ,0.1,1.0,0.0
2025-02-03T09:51:00+00:00,2025-02-03T12:51:00+03:00,782.0,115.0,121.5,,9.0,23.21999931335449,34.76499938964844, ,0.1,1.0,0.0
2025-02-03T09:52:00+00:00,2025-02-03T12:52:00+03:00,779.0,113.5,122.5,,9.0,23.26000022888184,34.78000068664551, ,0.1,1.0,0.0
2025-02-03T09:53:00+00:00,2025-02-03T12:53:00+03:00,779.5,111.5,122.0,,9.0,23.21999931335449,34.82499885559082, ,0.1,1.0,0.0
2025-02-03T09:54:00+00:00,2025-02-03T12:54:00+03:00,776.5,109.5,119.5,,9.0,23.23999977111816,34.78499984741211, ,0.1,1.0,0.0
2025-02-03T09:55:00+00:00,2025-02-03T12:55:00+03:00,775.0,106.5,119.0,,9.0,23.27000045776367,34.78999900817871, ,0.1,1.0,0.0
2025-02-03T09:56:00+00:00,2025-02-03T12:56:00+03:00,774.0,105.5,116.0,,9.0,23.27000045776367,34.65999984741211, ,0.1,1.0,0.0
2025-02-03T09:57:00+00:00,2025-02-03T12:57:00+03:00,772.5,108.0,122.0,,9.0,23.28000068664551,34.63000106811523, ,0.1,1.0,0.0
2025-02-03T09:58:00+00:00,2025-02-03T12:58:00+03:00,767.0,101.0,110.5,,9.0,23.29000091552734,34.56500053405762, ,0.1,1.0,0.0
2025-02-03T09:59:00+00:00,2025-02-03T12:59:00+03:00,766.0,102.0,112.5,,9.0,23.24499988555908,34.52000045776367, ,0.1,1.0,0.0
2025-02-03T10:00:00+00:00,2025-02-03T13:00:00+03:00,761.5,101.0,116.0,,9.0,23.20999908447266,34.55000114440918, ,0.1,1.0,0.0
2025-02-03T10:01:00+00:00,2025-02-03T13:01:00+03:00,760.0,103.0,118.0,,9.0,23.22499942779541,34.57999992370605, ,0.1,1.0,0.0
2025-02-03T10:02:00+00:00,2025-02-03T13:02:00+03:00,759.5,104.0,119.5,,9.0,23.20499992370605,34.61000061035156, ,0.1,1.0,0.0
2025-02-03T10:03:00+00:00,2025-02-03T13:03:00+03:00,759.5,99.0,111.0,,9.0,23.19000053405762,34.57999992370605, ,0.1,1.0,0.0
2025-02-03T10:04:00+00:00,2025-02-03T13:04:00+03:00,759.5,103.5,115.0,,9.0,23.21499919891357,34.6200008392334, ,0.1,1.0,0.0
2025-02-03T10:05:00+00:00,2025-02-03T13:05:00+03:00,759.0,99.5,109.0,,9.0,23.23499965667725,34.52999877929688, ,0.1,1.0,0.0
2025-02-03T10:06:00+00:00,2025-02-03T13:06:00+03:00,753.5,98.5,114.5,,9.0,23.21999931335449,34.54500007629395, ,0.1,1.0,0.0
2025-02-03T10:07:00+00:00,2025-02-03T13:07:00+03:00,751.5,100.0,116.0,,9.0,23.22999954223633,34.52499961853027, ,0.1,1.0,0.0
2025-02-03T10:08:00+00:00,2025-02-03T13:08:00+03:00,751.0,97.0,103.5,,9.0,23.21999931335449,34.56999969482422, ,0.1,1.0,0.0
2025-02-03T10:09:00+00:00,2025-02-03T13:09:00+03:00,750.0,96.0,103.5,,9.0,23.21999931335449,34.53999900817871, ,0.1,1.0,0.0
2025-02-03T10:10:00+00:00,2025-02-03T13:10:00+03:00,748.0,99.5,107.5,,9.0,23.22999954223633,34.47000122070312, ,0.1,1.0,0.0
2025-02-03T10:11:00+00:00,2025-02-03T13:11:00+03:00,744.5,94.0,103.5,,9.0,23.21999931335449,34.35000038146973, ,0.1,1.0,0.0
2025-02-03T10:12:00+00:00,2025-02-03T13:12:00+03:00,741.5,95.5,111.5,,9.0,23.20499992370605,34.32500076293945, ,0.1,1.0,0.0
2025-02-03T10:13:00+00:00,2025-02-03T13:13:00+03:00,738.5,90.5,100.5,,9.0,23.17500019073486,34.30999946594238, ,0.1,1.0,0.0
2025-02-03T10:14:00+00:00,2025-02-03T13:14:00+03:00,737.0,95.5,107.5,,9.0,23.19999980926514,34.36499977111816, ,0.1,1.0,0.0
2025-02-03T10:15:00+00:00,2025-02-03T13:15:00+03:00,736.5,91.5,97.5,,9.0,23.19500064849854,34.36999893188477, ,0.1,1.0,0.0
2025-02-03T10:16:00+00:00,2025-02-03T13:16:00+03:00,736.0,91.5,97.5,,9.0,23.17500019073486,34.39499855041504, ,0.1,1.0,0.0
2025-02-03T10:17:00+00:00,2025-02-03T13:17:00+03:00,733.5,91.5,103.0,,9.0,23.19000053405762,34.34500122070312, ,0.1,1.0,0.0
2025-02-03T10:18:00+00:00,2025-02-03T13:18:00+03:00,732.0,89.0,98.0,,9.0,23.20000076293945,34.31999969482422, ,0.1,1.0,0.0
2025-02-03T10:19:00+00:00,2025-02-03T13:19:00+03:00,728.5,88.0,98.5,,9.0,23.1850004196167,34.32000160217285, ,0.1,1.0,0.0
2025-02-03T10:20:00+00:00,2025-02-03T13:20:00+03:00,728.0,95.0,105.5,,9.0,23.17000007629395,34.25, ,0.1,1.0,0.0
2025-02-03T10:21:00+00:00,2025-02-03T13:21:00+03:00,727.0,87.0,93.0,,9.0,23.16499996185303,34.32500076293945, ,0.1,1.0,0.0
2025-02-03T10:22:00+00:00,2025-02-03T13:22:00+03:00,728.0,91.0,96.5,,9.0,23.17000007629395,34.36000061035156, ,0.1,1.0,0.0
2025-02-03T10:23:00+00:00,2025-02-03T13:23:00+03:00,726.5,91.0,101.0,,9.0,23.17500019073486,34.32499885559082, ,0.1,1.0,0.0
2025-02-03T10:24:00+00:00,2025-02-03T13:24:00+03:00,725.0,86.0,92.0,,9.0,23.19000053405762,34.27499961853027, ,0.1,1.0,0.0
2025-02-03T10:25:00+00:00,2025-02-03T13:25:00+03:00,,,,,,,, ,0.1,1.0,0.0
2025-02-03T10:26:00+00:00,2025-02-03T13:26:00+03:00,720.0,93.0,105.0,,9.0,23.14999961853027,34.27000045776367, ,0.1,1.0,0.0
2025-02-03T10:27:00+00:00,2025-02-03T13:27:00+03:00,719.0,85.0,94.5,,9.0,23.14500045776367,34.2450008392334, ,0.1,1.0,0.0
2025-02-03T10:28:00+00:00,2025-02-03T13:28:00+03:00,716.5,85.5,94.0,,9.0,23.15499973297119,34.20499992370605, ,0.1,1.0,0.0
2025-02-03T10:29:00+00:00,2025-02-03T13:29:00+03:00,715.0,86.0,93.5,,9.0,23.1850004196167,34.2450008392334, ,0.1,1.0,0.0
2025-02-03T10:30:00+00:00,2025-02-03T13:30:00+03:00,715.0,85.0,94.5,,9.0,23.19000053405762,34.18499946594238, ,0.1,1.0,0.0
2025-02-03T10:31:00+00:00,2025-02-03T13:31:00+03:00,712.5,79.0,82.5,,9.0,23.18000030517578,34.13500022888184, ,0.1,1.0,0.0
2025-02-03T10:32:00+00:00,2025-02-03T13:32:00+03:00,711.0,81.5,93.5,,9.0,23.18000030517578,34.08000183105469, ,0.1,1.0,0.0
2025-02-03T10:33:00+00:00,2025-02-03T13:33:00+03:00,709.0,80.0,90.5,,9.0,23.20000076293945,34.14999961853027, ,0.1,1.0,0.0
2025-02-03T10:34:00+00:00,2025-02-03T13:34:00+03:00,707.5,81.0,90.5,,9.0,23.21499919891357,34.07500076293945, ,0.1,1.0,0.0
2025-02-03T10:35:00+00:00,2025-02-03T13:35:00+03:00,706.0,78.0,89.0,,9.0,23.19000053405762,34.04000091552734, ,0.1,1.0,0.0
2025-02-03T10:36:00+00:00,2025-02-03T13:36:00+03:00,703.5,78.0,88.0,,9.0,23.17500019073486,34.04500007629395, ,0.1,1.0,0.0
2025-02-03T10:37:00+00:00,2025-02-03T13:37:00+03:00,701.5,78.5,87.0,,9.0,23.16499996185303,34.11499977111816, ,0.1,1.0,0.0
2025-02-03T10:38:00+00:00,2025-02-03T13:38:00+03:00,700.0,78.5,84.5,,9.0,23.15999984741211,34.11000061035156, ,0.1,1.0,0.0
2025-02-03T10:39:00+00:00,2025-02-03T13:39:00+03:00,697.5,75.5,80.5,,9.0,23.15499973297119,34.11000061035156, ,0.1,1.0,0.0
2025-02-03T10:40:00+00:00,2025-02-03T13:40:00+03:00,696.0,75.5,82.0,,9.0,23.19000053405762,34.06999969482422, ,0.1,1.0,0.0
2025-02-03T10:41:00+00:00,2025-02-03T13:41:00+03:00,695.0,79.0,85.0,,9.0,23.17500019073486,33.98500061035156, ,0.1,1.0,0.0
2025-02-03T10:42:00+00:00,2025-02-03T13:42:00+03:00,694.5,76.0,83.5,,9.0,23.1850004196167,34.04500007629395, ,0.1,1.0,0.0
2025-02-03T10:43:00+00:00,2025-02-03T13:43:00+03:00,694.0,78.0,84.0,,9.0,23.21000003814697,34.09499931335449, ,0.1,1.0,0.0
2025-02-03T10:44:00+00:00,2025-02-03T13:44:00+03:00,692.5,74.0,84.5,,8.0,23.21499919891357,34.09000015258789, ,0.1,1.0,0.0
2025-02-03T10:45:00+00:00,2025-02-03T13:45:00+03:00,692.0,78.0,84.0,,9.0,23.21999931335449,34.02000045776367, ,0.1,1.0,0.0
2025-02-03T10:46:00+00:00,2025-02-03T13:46:00+03:00,691.5,72.0,79.5,,8.0,23.1899995803833,33.8799991607666, ,0.1,1.0,0.0
2025-02-03T10:47:00+00:00,2025-02-03T13:47:00+03:00,689.5,78.0,87.0,,9.0,23.20499992370605,33.875, ,0.1,1.0,0.0
2025-02-03T10:48:00+00:00,2025-02-03T13:48:00+03:00,687.5,71.5,80.0,,8.0,23.17500019073486,33.89000129699707, ,0.1,1.0,0.0
2025-02-03T10:49:00+00:00,2025-02-03T13:49:00+03:00,684.0,72.5,85.5,,8.0,23.19000053405762,33.90999984741211, ,0.1,1.0,0.0
2025-02-03T10:50:00+00:00,2025-02-03T13:50:00+03:00,683.5,70.0,76.0,,8.0,23.17500019073486,33.90999984741211, ,0.1,1.0,0.0
2025-02-03T10:51:00+00:00,2025-02-03T13:51:00+03:00,682.5,72.0,78.5,,8.0,23.15999984741211,33.83500099182129, ,0.1,1.0,0.0
2025-02-03T10:52:00+00:00,2025-02-03T13:52:00+03:00,682.0,69.0,74.0,,8.0,23.17500019073486,33.88999938964844, ,0.1,1.0,0.0
2025-02-03T10:53:00+00:00,2025-02-03T13:53:00+03:00,681.5,73.0,78.0,,8.0,23.17000007629395,33.86000061035156, ,0.1,1.0,0.0
2025-02-03T10:54:00+00:00,2025-02-03T13:54:00+03:00,680.5,64.0,71.0,,7.0,23.15499973297119,33.78000068664551, ,0.1,1.0,0.0
2025-02-03T10:55:00+00:00,2025-02-03T13:55:00+03:00,679.0,65.0,73.5,,8.0,23.18000030517578,33.79500007629395, ,0.1,1.0,0.0
2025-02-03T10:56:00+00:00,2025-02-03T13:56:00+03:00,677.5,67.5,72.0,,8.0,23.15999984741211,33.69999885559082, ,0.1,1.0,0.0
2025-02-03T10:57:00+00:00,2025-02-03T13:57:00+03:00,675.5,62.5,69.5,,7.0,23.23499965667725,33.60999870300293, ,0.1,1.0,0.0
2025-02-03T10:58:00+00:00,2025-02-03T13:58:00+03:00,674.0,65.0,67.5,,8.0,23.1899995803833,33.58500099182129, ,0.1,1.0,0.0
2025-02-03T10:59:00+00:00,2025-02-03T13:59:00+03:00,671.0,68.0,76.0,,8.0,23.20000076293945,33.69499969482422, ,0.1,1.0,0.0
2025-02-03T11:00:00+00:00,2025-02-03T14:00:00+03:00,671.0,69.0,75.0,,8.0,23.1899995803833,33.61499977111816, ,0.1,1.0,0.0
2025-02-03T11:01:00+00:00,2025-02-03T14:01:00+03:00,671.0,66.5,78.5,,8.0,23.18000030517578,33.68499946594238, ,0.1,1.0,0.0
2025-02-03T11:02:00+00:00,2025-02-03T14:02:00+03:00,669.5,65.5,73.0,,8.0,23.15999984741211,33.65000152587891, ,0.1,1.0,0.0
2025-02-03T11:03:00+00:00,2025-02-03T14:03:00+03:00,667.5,64.5,68.5,,7.0,23.14999961853027,33.58499908447266, ,0.1,1.0,0.0
2025-02-03T11:04:00+00:00,2025-02-03T14:04:00+03:00,664.5,62.0,66.5,,7.0,23.15499973297119,33.52000045776367, ,0.1,1.0,0.0
2025-02-03T11:05:00+00:00,2025-02-03T14:05:00+03:00,662.0,64.5,69.0,,7.0,23.15999984741211,33.53000068664551, ,0.1,1.0,0.0
2025-02-03T11:06:00+00:00,2025-02-03T14:06:00+03:00,662.5,65.0,71.5,,8.0,23.17000007629395,33.50500106811523, ,0.1,1.0,0.0
2025-02-03T11:07:00+00:00,2025-02-03T14:07:00+03:00,660.0,62.5,69.5,,7.0,23.14999961853027,33.4900016784668, ,0.1,1.0,0.0
2025-02-03T11:08:00+00:00,2025-02-03T14:08:00+03:00,659.0,62.0,67.0,,7.0,23.17500019073486,33.5, ,0.1,1.0,0.0
2025-02-03T11:09:00+00:00,2025-02-03T14:09:00+03:00,657.5,60.5,68.5,,7.0,23.16499996185303,33.44999885559082, ,0.1,1.0,0.0
2025-02-03T11:10:00+00:00,2025-02-03T14:10:00+03:00,657.0,63.0,72.0,,7.0,23.15999984741211,33.40999984741211, ,0.1,1.0,0.0
2025-02-03T11:11:00+00:00,2025-02-03T14:11:00+03:00,655.0,61.0,66.0,,7.0,23.14999961853027,33.34000015258789, ,0.1,1.0,0.0
2025-02-03T11:12:00+00:00,2025-02-03T14:12:00+03:00,654.0,62.0,70.0,,7.0,23.17000007629395,33.34000015258789, ,0.1,1.0,0.0
2025-02-03T11:13:00+00:00,2025-02-03T14:13:00+03:00,652.5,58.0,63.0,,7.0,23.19000053405762,33.32500076293945, ,0.1,1.0,0.0
2025-02-03T11:14:00+00:00,2025-02-03T14:14:00+03:00,649.0,56.5,65.5,,7.0,23.18000030517578,33.34000015258789, ,0.1,1.0,0.0
2025-02-03T11:15:00+00:00,2025-02-03T14:15:00+03:00,647.0,57.0,62.0,,7.0,23.19000053405762,33.29500007629395, ,0.1,1.0,0.0
2025-02-03T11:16:00+00:00,2025-02-03T14:16:00+03:00,648.5,61.0,65.0,,7.0,23.13500022888184,33.28499984741211, ,0.1,1.0,0.0
2025-02-03T11:17:00+00:00,2025-02-03T14:17:00+03:00,648.0,53.5,60.5,,6.0,23.14999961853027,33.33500099182129, ,0.1,1.0,0.0
2025-02-03T11:18:00+00:00,2025-02-03T14:18:00+03:00,647.0,57.5,60.5,,7.0,23.15499973297119,33.27000045776367, ,0.1,1.0,0.0
2025-02-03T11:19:00+00:00,2025-02-03T14:19:00+03:00,646.0,58.0,64.5,,7.0,23.19499969482422,33.30999946594238, ,0.1,1.0,0.0
2025-02-03T11:20:00+00:00,2025-02-03T14:20:00+03:00,645.5,58.5,64.5,,7.0,23.21000003814697,33.28999900817871, ,0.1,1.0,0.0
2025-02-03T11:21:00+00:00,2025-02-03T14:21:00+03:00,644.0,58.5,64.0,,7.0,23.19000053405762,33.26500129699707, ,0.1,1.0,0.0
2025-02-03T11:22:00+00:00,2025-02-03T14:22:00+03:00,643.5,53.5,60.0,,6.0,23.18000030517578,33.29000091552734, ,0.1,1.0,0.0
2025-02-03T11:23:00+00:00,2025-02-03T14:23:00+03:00,641.0,60.0,66.0,,7.0,23.17000007629395,33.18000030517578, ,0.1,1.0,0.0
2025-02-03T11:24:00+00:00,2025-02-03T14:24:00+03:00,640.5,56.5,62.0,,7.0,23.16499996185303,33.2549991607666, ,0.1,1.0,0.0
2025-02-03T11:25:00+00:00,2025-02-03T14:25:00+03:00,639.5,56.5,62.5,,7.0,23.16499996185303,33.27499961853027, ,0.1,1.0,0.0
2025-02-03T11:26:00+00:00,2025-02-03T14:26:00+03:00,638.5,54.5,58.5,,6.0,23.15999984741211,33.26000022888184, ,0.1,1.0,0.0
2025-02-03T11:27:00+00:00,2025-02-03T14:27:00+03:00,638.5,54.5,59.0,,6.0,23.16499996185303,33.29999923706055, ,0.1,1.0,0.0
2025-02-03T11:28:00+00:00,2025-02-03T14:28:00+03:00,637.5,53.0,57.0,,6.0,23.15499973297119,33.29500007629395, ,0.1,1.0,0.0
2025-02-03T11:29:00+00:00,2025-02-03T14:29:00+03:00,635.5,53.0,56.0,,6.0,23.15999984741211,33.25500106811523, ,0.1,1.0,0.0
2025-02-03T11:30:00+00:00,2025-02-03T14:30:00+03:00,633.0,56.0,62.0,,7.0,23.15499973297119,33.25, ,0.1,1.0,0.0
2025-02-03T11:31:00+00:00,2025-02-03T14:31:00+03:00,632.5,54.5,62.0,,6.0,23.125,33.28999900817871, ,0.1,1.0,0.0
2025-02-03T11:32:00+00:00,2025-02-03T14:32:00+03:00,631.5,51.0,52.0,,6.0,23.13999938964844,33.19499969482422, ,0.1,1.0,0.0
2025-02-03T11:33:00+00:00,2025-02-03T14:33:00+03:00,630.0,50.0,53.0,,6.0,23.13000011444092,33.19499969482422, ,0.1,1.0,0.0
2025-02-03T11:34:00+00:00,2025-02-03T14:34:00+03:00,627.0,51.0,59.5,,6.0,23.1299991607666,33.13999938964844, ,0.1,1.0,0.0
2025-02-03T11:35:00+00:00,2025-02-03T14:35:00+03:00,627.0,48.5,51.0,,6.0,23.1200008392334,33.15999984741211, ,0.1,1.0,0.0
2025-02-03T11:36:00+00:00,2025-02-03T14:36:00+03:00,625.5,46.5,49.0,,6.0,23.15499973297119,33.10499954223633, ,0.1,1.0,0.0
2025-02-03T11:37:00+00:00,2025-02-03T14:37:00+03:00,624.0,51.5,58.0,,6.0,23.15499973297119,33.125, ,0.1,1.0,0.0
2025-02-03T11:38:00+00:00,2025-02-03T14:38:00+03:00,624.5,47.5,54.0,,6.0,23.15000057220459,33.06500053405762, ,0.1,1.0,0.0
2025-02-03T11:39:00+00:00,2025-02-03T14:39:00+03:00,623.5,51.5,55.0,,6.0,23.15999984741211,33.09000015258789, ,0.1,1.0,0.0
2025-02-03T11:40:00+00:00,2025-02-03T14:40:00+03:00,622.5,46.0,52.0,,6.0,23.15499973297119,33.10000038146973, ,0.1,1.0,0.0
2025-02-03T11:41:00+00:00,2025-02-03T14:41:00+03:00,620.0,49.5,54.0,,6.0,23.15499973297119,33.16499900817871, ,0.1,1.0,0.0
2025-02-03T11:42:00+00:00,2025-02-03T14:42:00+03:00,620.0,50.0,58.5,,6.0,23.17500019073486,33.09000015258789, ,0.1,1.0,0.0
2025-02-03T11:43:00+00:00,2025-02-03T14:43:00+03:00,619.5,50.5,52.0,,6.0,23.1850004196167,33.07999992370605, ,0.1,1.0,0.0
2025-02-03T11:44:00+00:00,2025-02-03T14:44:00+03:00,618.0,46.0,50.5,,6.0,23.19500064849854,32.875, ,0.1,1.0,0.0
2025-02-03T11:45:00+00:00,2025-02-03T14:45:00+03:00,614.0,48.5,55.0,,6.0,23.20499992370605,32.83500099182129, ,0.1,1.0,0.0
2025-02-03T11:46:00+00:00,2025-02-03T14:46:00+03:00,615.0,42.5,46.0,,5.0,23.20499992370605,32.89500045776367, ,0.1,1.0,0.0
2025-02-03T11:47:00+00:00,2025-02-03T14:47:00+03:00,615.0,48.5,52.5,,6.0,23.18000030517578,32.95999908447266, ,0.1,1.0,0.0
2025-02-03T11:48:00+00:00,2025-02-03T14:48:00+03:00,615.5,44.0,48.0,,5.0,23.16499996185303,32.95499992370605, ,0.1,1.0,0.0
2025-02-03T11:49:00+00:00,2025-02-03T14:49:00+03:00,614.0,46.0,46.5,,6.0,23.20499992370605,32.94499969482422, ,0.1,1.0,0.0
2025-02-03T11:50:00+00:00,2025-02-03T14:50:00+03:00,612.0,50.0,54.0,,6.0,23.19000053405762,33.0, ,0.1,1.0,0.0
2025-02-03T11:51:00+00:00,2025-02-03T14:51:00+03:00,612.0,42.0,45.0,,5.0,23.17500019073486,32.94000053405762, ,0.1,1.0,0.0
2025-02-03T11:52:00+00:00,2025-02-03T14:52:00+03:00,611.5,46.5,51.0,,6.0,23.17000007629395,32.92499923706055, ,0.1,1.0,0.0
2025-02-03T11:53:00+00:00,2025-02-03T14:53:00+03:00,609.5,44.5,50.0,,5.0,23.19000053405762,32.875, ,0.1,1.0,0.0
2025-02-03T11:54:00+00:00,2025-02-03T14:54:00+03:00,608.5,41.0,44.0,,5.0,23.16499996185303,32.77499961853027, ,0.1,1.0,0.0
2025-02-03T11:55:00+00:00,2025-02-03T14:55:00+03:00,607.5,44.5,49.0,,5.0,23.1850004196167,32.77499961853027, ,0.1,1.0,0.0
2025-02-03T11:56:00+00:00,2025-02-03T14:56:00+03:00,605.5,41.0,46.5,,5.0,23.19000053405762,32.79000091552734, ,0.1,1.0,0.0
2025-02-03T11:57:00+00:00,2025-02-03T14:57:00+03:00,605.5,44.0,47.5,,5.0,23.18000030517578,32.86499977111816, ,0.1,1.0,0.0
2025-02-03T11:58:00+00:00,2025-02-03T14:58:00+03:00,604.5,43.5,52.0,,5.0,23.13999938964844,32.86499977111816, ,0.1,1.0,0.0
2025-02-03T11:59:00+00:00,2025-02-03T14:59:00+03:00,604.5,45.0,48.5,,6.0,23.125,32.90500068664551, ,0.1,1.0,0.0
2025-02-03T12:00:00+00:00,2025-02-03T15:00:00+03:00,602.5,42.0,46.5,,5.0,23.15999984741211,32.86000061035156, ,0.1,1.0,0.0
2025-02-03T12:01:00+00:00,2025-02-03T15:01:00+03:00,603.5,42.0,46.0,,5.0,23.17500019073486,32.78999900817871, ,0.1,1.0,0.0
2025-02-03T12:02:00+00:00,2025-02-03T15:02:00+03:00,602.5,43.5,43.5,,5.0,23.15999984741211,32.80999946594238, ,0.1,1.0,0.0
2025-02-03T12:03:00+00:00,2025-02-03T15:03:00+03:00,602.0,46.5,53.5,,6.0,23.16499996185303,32.84000015258789, ,0.1,1.0,0.0
2025-02-03T12:04:00+00:00,2025-02-03T15:04:00+03:00,599.5,42.5,45.5,,5.0,23.16499996185303,32.81500053405762, ,0.1,1.0,0.0
2025-02-03T12:05:00+00:00,2025-02-03T15:05:00+03:00,599.0,38.0,45.0,,5.0,23.14499950408936,32.77000045776367, ,0.1,1.0,0.0
2025-02-03T12:06:00+00:00,2025-02-03T15:06:00+03:00,598.5,39.5,44.5,,5.0,23.1200008392334,32.76500129699707, ,0.1,1.0,0.0
2025-02-03T12:07:00+00:00,2025-02-03T15:07:00+03:00,598.0,41.0,47.5,,5.0,23.1200008392334,32.85499954223633, ,0.1,1.0,0.0
2025-02-03T12:08:00+00:00,2025-02-03T15:08:00+03:00,597.0,40.0,43.5,,5.0,23.11999988555908,32.83500099182129, ,0.1,1.0,0.0
2025-02-03T12:09:00+00:00,2025-02-03T15:09:00+03:00,598.0,37.0,40.0,,5.0,23.11000061035156,32.84999847412109, ,0.1,1.0,0.0
2025-02-03T12:10:00+00:00,2025-02-03T15:10:00+03:00,597.0,40.5,41.5,,5.0,23.09999942779541,32.84500122070312, ,0.1,1.0,0.0
2025-02-03T12:11:00+00:00,2025-02-03T15:11:00+03:00,595.0,39.0,41.5,,5.0,23.11500072479248,32.84999847412109, ,0.1,1.0,0.0
2025-02-03T12:12:00+00:00,2025-02-03T15:12:00+03:00,594.0,40.5,46.0,,5.0,23.09500026702881,32.88500022888184, ,0.1,1.0,0.0
2025-02-03T12:13:00+00:00,2025-02-03T15:13:00+03:00,592.5,36.5,40.0,,5.0,23.08500003814697,32.81500053405762, ,0.1,1.0,0.0
2025-02-03T12:14:00+00:00,2025-02-03T15:14:00+03:00,592.0,39.0,43.5,,5.0,23.10500049591064,32.82999992370605, ,0.1,1.0,0.0
2025-02-03T12:15:00+00:00,2025-02-03T15:15:00+03:00,591.0,39.0,40.0,,5.0,23.11499977111816,32.83500099182129, ,0.1,1.0,0.0
2025-02-03T12:16:00+00:00,2025-02-03T15:16:00+03:00,590.0,40.0,45.0,,5.0,23.13000011444092,32.82999992370605, ,0.1,1.0,0.0
2025-02-03T12:17:00+00:00,2025-02-03T15:17:00+03:00,589.0,39.5,41.0,,5.0,23.09500026702881,32.78499984741211, ,0.1,1.0,0.0
2025-02-03T12:18:00+00:00,2025-02-03T15:18:00+03:00,582.5,37.0,38.0,,5.0,23.1200008392334,32.79999923706055, ,0.1,1.0,0.0
2025-02-03T12:19:00+00:00,2025-02-03T15:19:00+03:00,584.0,38.0,41.0,,5.0,23.14499950408936,32.76000022888184, ,0.1,1.0,0.0
2025-02-03T12:20:00+00:00,2025-02-03T15:20:00+03:00,584.0,37.5,41.5,,5.0,23.15999984741211,32.69499969482422, ,0.1,1.0,0.0
2025-02-03T12:21:00+00:00,2025-02-03T15:21:00+03:00,582.5,36.0,37.0,,5.0,23.18000030517578,32.78000068664551, ,0.1,1.0,0.0
2025-02-03T12:22:00+00:00,2025-02-03T15:22:00+03:00,582.0,36.0,40.5,,5.0,23.21499919891357,32.66500091552734, ,0.1,1.0,0.0
2025-02-03T12:23:00+00:00,2025-02-03T15:23:00+03:00,582.5,37.5,40.5,,5.0,23.20499992370605,32.57999992370605, ,0.1,1.0,0.0
2025-02-03T12:24:00+00:00,2025-02-03T15:24:00+03:00,583.5,33.5,37.0,,4.0,23.19500064849854,32.59000015258789, ,0.1,1.0,0.0
2025-02-03T12:25:00+00:00,2025-02-03T15:25:00+03:00,581.0,35.0,39.0,,5.0,23.19000053405762,32.61499977111816, ,0.1,1.0,0.0
2025-02-03T12:26:00+00:00,2025-02-03T15:26:00+03:00,580.5,34.0,39.0,,4.0,23.20000076293945,32.57999992370605, ,0.1,1.0,0.0
2025-02-03T12:27:00+00:00,2025-02-03T15:27:00+03:00,579.0,33.5,35.0,,4.0,23.18000030517578,32.54000091552734, ,0.1,1.0,0.0
2025-02-03T12:28:00+00:00,2025-02-03T15:28:00+03:00,578.5,33.5,36.0,,4.0,23.1850004196167,32.47000122070312, ,0.1,1.0,0.0
2025-02-03T12:29:00+00:00,2025-02-03T15:29:00+03:00,576.5,33.0,34.5,,4.0,23.15999984741211,32.51000022888184, ,0.1,1.0,0.0
2025-02-03T12:30:00+00:00,2025-02-03T15:30:00+03:00,576.5,33.0,39.0,,4.0,23.20499992370605,32.48999977111816, ,0.1,1.0,0.0
2025-02-03T12:31:00+00:00,2025-02-03T15:31:00+03:00,575.5,33.5,37.0,,4.0,23.14499950408936,32.45000076293945, ,0.1,1.0,0.0
2025-02-03T12:32:00+00:00,2025-02-03T15:32:00+03:00,574.0,33.5,37.5,,4.0,23.13499927520752,32.48499870300293, ,0.1,1.0,0.0
2025-02-03T12:33:00+00:00,2025-02-03T15:33:00+03:00,572.0,33.5,39.0,,4.0,23.13999938964844,32.56999969482422, ,0.1,1.0,0.0
2025-02-03T12:34:00+00:00,2025-02-03T15:34:00+03:00,573.5,36.0,37.5,,5.0,23.14000034332275,32.60499954223633, ,0.1,1.0,0.0
2025-02-03T12:35:00+00:00,2025-02-03T15:35:00+03:00,573.5,34.0,35.0,,4.0,23.13999938964844,32.57500076293945, ,0.1,1.0,0.0
2025-02-03T12:36:00+00:00,2025-02-03T15:36:00+03:00,573.5,31.5,33.0,,4.0,23.14499950408936,32.57000160217285, ,0.1,1.0,0.0
2025-02-03T12:37:00+00:00,2025-02-03T15:37:00+03:00,572.0,33.0,39.0,,4.0,23.1200008392334,32.58500099182129, ,0.1,1.0,0.0
2025-02-03T12:38:00+00:00,2025-02-03T15:38:00+03:00,569.5,31.0,34.0,,4.0,23.15499973297119,32.53000068664551, ,0.1,1.0,0.0
2025-02-03T12:39:00+00:00,2025-02-03T15:39:00+03:00,569.0,31.5,33.5,,4.0,23.13000011444092,32.4950008392334, ,0.1,1.0,0.0
2025-02-03T12:40:00+00:00,2025-02-03T15:40:00+03:00,567.5,32.5,34.5,,4.0,23.10999965667725,32.52000045776367, ,0.1,1.0,0.0
2025-02-03T12:41:00+00:00,2025-02-03T15:41:00+03:00,567.5,33.0,35.5,,4.0,23.125,32.53499984741211, ,0.1,1.0,0.0
2025-02-03T12:42:00+00:00,2025-02-03T15:42:00+03:00,566.5,29.5,32.5,,4.0,23.11000061035156,32.57500076293945, ,0.1,1.0,0.0
2025-02-03T12:43:00+00:00,2025-02-03T15:43:00+03:00,566.5,32.0,36.0,,4.0,23.1200008392334,32.59000015258789, ,0.1,1.0,0.0
2025-02-03T12:44:00+00:00,2025-02-03T15:44:00+03:00,567.0,32.0,36.5,,4.0,23.1299991607666,32.61499977111816, ,0.1,1.0,0.0
2025-02-03T12:45:00+00:00,2025-02-03T15:45:00+03:00,567.0,31.0,31.5,,4.0,23.125,32.64500045776367, ,0.1,1.0,0.0
2025-02-03T12:46:00+00:00,2025-02-03T15:46:00+03:00,566.5,32.5,35.0,,4.0,23.10000038146973,32.65500068664551, ,0.1,1.0,0.0
2025-02-03T12:47:00+00:00,2025-02-03T15:47:00+03:00,565.5,32.0,37.0,,4.0,23.1299991607666,32.68000030517578, ,0.1,1.0,0.0
2025-02-03T12:48:00+00:00,2025-02-03T15:48:00+03:00,565.5,31.5,32.0,,4.0,23.13500022888184,32.71999931335449, ,0.1,1.0,0.0
2025-02-03T12:49:00+00:00,2025-02-03T15:49:00+03:00,565.5,30.5,32.5,,4.0,23.17000007629395,32.71000099182129, ,0.1,1.0,0.0
2025-02-03T12:50:00+00:00,2025-02-03T15:50:00+03:00,565.0,30.0,31.5,,4.0,23.1850004196167,32.69000053405762, ,0.1,1.0,0.0
2025-02-03T12:51:00+00:00,2025-02-03T15:51:00+03:00,565.0,30.5,34.5,,4.0,23.15999984741211,32.70499992370605, ,0.1,1.0,0.0
2025-02-03T12:52:00+00:00,2025-02-03T15:52:00+03:00,565.0,31.5,36.0,,4.0,23.15499973297119,32.68000030517578, ,0.1,1.0,0.0
2025-02-03T12:53:00+00:00,2025-02-03T15:53:00+03:00,565.5,29.5,32.5,,4.0,23.17500019073486,32.65000152587891, ,0.1,1.0,0.0
2025-02-03T12:54:00+00:00,2025-02-03T15:54:00+03:00,564.5,28.5,31.0,,4.0,23.1850004196167,32.63500022888184, ,0.1,1.0,0.0
2025-02-03T12:55:00+00:00,2025-02-03T15:55:00+03:00,562.0,30.5,33.5,,4.0,23.17500019073486,32.61999893188477, ,0.1,1.0,0.0
2025-02-03T12:56:00+00:00,2025-02-03T15:56:00+03:00,561.0,30.5,32.0,,4.0,23.1850004196167,32.65500068664551, ,0.1,1.0,0.0
2025-02-03T12:57:00+00:00,2025-02-03T15:57:00+03:00,560.5,28.0,30.0,,4.0,23.17500019073486,32.67499923706055, ,0.1,1.0,0.0
2025-02-03T12:58:00+00:00,2025-02-03T15:58:00+03:00,560.5,27.0,29.0,,4.0,23.15999984741211,32.65000152587891, ,0.1,1.0,0.0
2025-02-03T12:59:00+00:00,2025-02-03T15:59:00+03:00,560.5,29.5,32.5,,4.0,23.15999984741211,32.67499923706055, ,0.1,1.0,0.0
2025-02-03T13:00:00+00:00,2025-02-03T16:00:00+03:00,559.5,26.5,30.0,,4.0,23.15999984741211,32.69000053405762, ,0.1,1.0,0.0
2025-02-03T13:01:00+00:00,2025-02-03T16:01:00+03:00,560.0,29.0,31.0,,4.0,23.1850004196167,32.63500022888184, ,0.1,1.0,0.0
2025-02-03T13:02:00+00:00,2025-02-03T16:02:00+03:00,559.0,31.5,36.5,,4.0,23.16499996185303,32.66500091552734, ,0.1,1.0,0.0
2025-02-03T13:03:00+00:00,2025-02-03T16:03:00+03:00,558.0,28.0,31.5,,4.0,23.16499996185303,32.69999885559082, ,0.1,1.0,0.0
2025-02-03T13:04:00+00:00,2025-02-03T16:04:00+03:00,558.0,27.0,30.5,,4.0,23.11499977111816,32.68499946594238, ,0.1,1.0,0.0
2025-02-03T13:05:00+00:00,2025-02-03T16:05:00+03:00,556.5,28.5,31.5,,4.0,23.14499950408936,32.63999938964844, ,0.1,1.0,0.0
2025-02-03T13:06:00+00:00,2025-02-03T16:06:00+03:00,556.0,28.5,30.5,,4.0,23.125,32.57000160217285, ,0.1,1.0,0.0
2025-02-03T13:07:00+00:00,2025-02-03T16:07:00+03:00,555.0,26.0,29.0,,4.0,23.125,32.57000160217285, ,0.1,1.0,0.0
2025-02-03T13:08:00+00:00,2025-02-03T16:08:00+03:00,554.5,27.0,27.0,,4.0,23.11999988555908,32.60000038146973, ,0.1,1.0,0.0
2025-02-03T13:09:00+00:00,2025-02-03T16:09:00+03:00,555.0,28.0,30.5,,4.0,23.11500072479248,32.6200008392334, ,0.1,1.0,0.0
2025-02-03T13:10:00+00:00,2025-02-03T16:10:00+03:00,554.5,26.5,29.0,,4.0,23.13000011444092,32.625, ,0.1,1.0,0.0
2025-02-03T13:11:00+00:00,2025-02-03T16:11:00+03:00,554.5,27.5,30.5,,4.0,23.17000007629395,32.61999893188477, ,0.1,1.0,0.0
2025-02-03T13:12:00+00:00,2025-02-03T16:12:00+03:00,554.0,25.5,27.5,,4.0,23.16499996185303,32.64999961853027, ,0.1,1.0,0.0
2025-02-03T13:13:00+00:00,2025-02-03T16:13:00+03:00,556.0,27.5,29.5,,4.0,23.14499950408936,32.64000129699707, ,0.1,1.0,0.0
2025-02-03T13:14:00+00:00,2025-02-03T16:14:00+03:00,561.5,25.5,27.0,,4.0,23.1850004196167,32.65500068664551, ,0.1,1.0,0.0
2025-02-03T13:15:00+00:00,2025-02-03T16:15:00+03:00,563.5,23.5,25.5,,3.0,23.19000053405762,32.65499877929688, ,0.1,1.0,0.0
2025-02-03T13:16:00+00:00,2025-02-03T16:16:00+03:00,567.5,25.0,31.0,,4.0,23.16499996185303,32.77499961853027, ,0.1,1.0,0.0
2025-02-03T13:17:00+00:00,2025-02-03T16:17:00+03:00,596.5,26.0,30.5,,4.0,23.1850004196167,32.93000030517578, ,0.1,1.0,0.0
2025-02-03T13:18:00+00:00,2025-02-03T16:18:00+03:00,627.0,24.0,27.5,,3.0,23.21000003814697,33.01500129699707, ,0.1,1.0,0.0
2025-02-03T13:19:00+00:00,2025-02-03T16:19:00+03:00,649.0,25.0,27.0,,4.0,23.23999977111816,33.05999946594238, ,0.1,1.0,0.0
2025-02-03T13:20:00+00:00,2025-02-03T16:20:00+03:00,662.5,25.0,28.5,,4.0,23.28500080108643,33.06500053405762, ,0.1,1.0,0.0
2025-02-03T13:21:00+00:00,2025-02-03T16:21:00+03:00,671.5,25.5,29.0,,4.0,23.31999969482422,33.10000038146973, ,0.1,1.0,0.0
2025-02-03T13:22:00+00:00,2025-02-03T16:22:00+03:00,680.0,25.5,27.5,,4.0,23.35500049591064,33.0, ,0.1,1.0,0.0
2025-02-03T13:23:00+00:00,2025-02-03T16:23:00+03:00,680.5,23.0,24.0,,3.0,23.36000061035156,32.95999908447266, ,0.1,1.0,0.0
2025-02-03T13:24:00+00:00,2025-02-03T16:24:00+03:00,659.5,20.0,21.5,,3.0,23.39499950408936,32.74499893188477, ,0.1,1.0,0.0
2025-02-03T13:25:00+00:00,2025-02-03T16:25:00+03:00,637.0,21.0,22.0,,3.0,23.42000007629395,32.72000122070312, ,0.1,1.0,0.0
2025-02-03T13:26:00+00:00,2025-02-03T16:26:00+03:00,612.0,21.0,22.0,,3.0,23.47999954223633,32.38999938964844, ,0.1,1.0,0.0
2025-02-03T13:27:00+00:00,2025-02-03T16:27:00+03:00,609.5,21.0,24.0,,3.0,23.52000045776367,32.27000045776367, ,0.1,1.0,0.0
2025-02-03T13:28:00+00:00,2025-02-03T16:28:00+03:00,603.0,20.0,21.5,,3.0,23.53000068664551,32.38999938964844, ,0.1,1.0,0.0
2025-02-03T13:29:00+00:00,2025-02-03T16:29:00+03:00,599.5,23.5,24.5,,3.0,23.54000091552734,32.26499938964844, ,0.1,1.0,0.0
2025-02-03T13:30:00+00:00,2025-02-03T16:30:00+03:00,598.5,22.5,28.0,,3.0,23.53499984741211,32.25500106811523, ,0.1,1.0,0.0
2025-02-03T13:31:00+00:00,2025-02-03T16:31:00+03:00,596.5,21.0,23.0,,3.0,23.57999992370605,32.11499977111816, ,0.1,1.0,0.0
2025-02-03T13:32:00+00:00,2025-02-03T16:32:00+03:00,591.0,22.5,24.5,,3.0,23.58500003814697,32.11000061035156, ,0.1,1.0,0.0
2025-02-03T13:33:00+00:00,2025-02-03T16:33:00+03:00,592.0,21.0,22.0,,3.0,23.61000061035156,32.04000091552734, ,0.1,1.0,0.0
2025-02-03T13:34:00+00:00,2025-02-03T16:34:00+03:00,591.0,20.0,22.0,,3.0,23.64999961853027,31.92500019073486, ,0.1,1.0,0.0
2025-02-03T13:35:00+00:00,2025-02-03T16:35:00+03:00,584.5,21.5,26.0,,3.0,23.63499927520752,31.92999935150146, ,0.1,1.0,0.0
2025-02-03T13:36:00+00:00,2025-02-03T16:36:00+03:00,581.0,22.0,23.0,,3.0,23.66499996185303,31.82999992370605, ,0.1,1.0,0.0
2025-02-03T13:37:00+00:00,2025-02-03T16:37:00+03:00,581.0,24.0,27.0,,3.0,23.64499950408936,31.92500019073486, ,0.1,1.0,0.0
2025-02-03T13:38:00+00:00,2025-02-03T16:38:00+03:00,593.5,25.5,28.0,,4.0,23.63499927520752,32.0099983215332, ,0.1,1.0,0.0
2025-02-03T13:39:00+00:00,2025-02-03T16:39:00+03:00,594.5,21.5,23.5,,3.0,23.64499950408936,31.92999935150146, ,0.1,1.0,0.0
2025-02-03T13:40:00+00:00,2025-02-03T16:40:00+03:00,594.0,19.0,21.5,,3.0,23.64499950408936,31.92000007629395, ,0.1,1.0,0.0
2025-02-03T13:41:00+00:00,2025-02-03T16:41:00+03:00,598.5,23.0,25.5,,3.0,23.65999984741211,31.80499935150146, ,0.1,1.0,0.0
2025-02-03T13:42:00+00:00,2025-02-03T16:42:00+03:00,596.0,19.0,19.0,,3.0,23.6850004196167,31.75500011444092, ,0.1,1.0,0.0
2025-02-03T13:43:00+00:00,2025-02-03T16:43:00+03:00,585.5,20.5,24.0,,3.0,23.69000053405762,31.83500003814697, ,0.1,1.0,0.0
2025-02-03T13:44:00+00:00,2025-02-03T16:44:00+03:00,583.5,18.5,20.0,,3.0,23.67000007629395,31.85500049591064, ,0.1,1.0,0.0
2025-02-03T13:45:00+00:00,2025-02-03T16:45:00+03:00,584.0,20.5,20.5,,3.0,23.69999980926514,31.66499996185303, ,0.1,1.0,0.0
2025-02-03T13:46:00+00:00,2025-02-03T16:46:00+03:00,584.0,18.5,21.0,,3.0,23.72999954223633,31.60000038146973, ,0.1,1.0,0.0
2025-02-03T13:47:00+00:00,2025-02-03T16:47:00+03:00,585.0,17.5,20.5,,3.0,23.73999977111816,31.73499965667725, ,0.1,1.0,0.0
2025-02-03T13:48:00+00:00,2025-02-03T16:48:00+03:00,588.5,19.5,21.5,,3.0,23.71999931335449,31.72999954223633, ,0.1,1.0,0.0
2025-02-03T13:49:00+00:00,2025-02-03T16:49:00+03:00,593.0,20.0,21.0,,3.0,23.73999977111816,31.79500007629395, ,0.1,1.0,0.0
2025-02-03T13:50:00+00:00,2025-02-03T16:50:00+03:00,598.0,21.0,23.0,,3.0,23.71999931335449,31.82499980926514, ,0.1,1.0,0.0
2025-02-03T13:51:00+00:00,2025-02-03T16:51:00+03:00,595.5,18.0,19.0,,3.0,23.69999980926514,31.77499961853027, ,0.1,1.0,0.0
2025-02-03T13:52:00+00:00,2025-02-03T16:52:00+03:00,590.5,19.0,20.5,,3.0,23.71999931335449,31.77000045776367, ,0.1,1.0,0.0
2025-02-03T13:53:00+00:00,2025-02-03T16:53:00+03:00,592.0,20.0,21.0,,3.0,23.73999977111816,31.72999954223633, ,0.1,1.0,0.0
2025-02-03T13:54:00+00:00,2025-02-03T16:54:00+03:00,595.0,19.0,21.0,,3.0,23.69499969482422,31.77000045776367, ,0.1,1.0,0.0
2025-02-03T13:55:00+00:00,2025-02-03T16:55:00+03:00,601.0,17.0,20.0,,3.0,23.6850004196167,31.69999980926514, ,0.1,1.0,0.0
2025-02-03T13:56:00+00:00,2025-02-03T16:56:00+03:00,601.0,20.0,23.0,,3.0,23.64999961853027,31.70000076293945, ,0.1,1.0,0.0
2025-02-03T13:57:00+00:00,2025-02-03T16:57:00+03:00,600.5,19.0,21.5,,3.0,23.61999988555908,31.91499996185303, ,0.1,1.0,0.0
2025-02-03T13:58:00+00:00,2025-02-03T16:58:00+03:00,603.5,19.0,19.5,,3.0,23.60000038146973,31.88000011444092, ,0.1,1.0,0.0
2025-02-03T13:59:00+00:00,2025-02-03T16:59:00+03:00,606.5,17.5,20.0,,3.0,23.57499980926514,31.89500045776367, ,0.1,1.0,0.0
2025-02-03T14:00:00+00:00,2025-02-03T17:00:00+03:00,602.0,18.5,23.0,,3.0,23.61999988555908,31.63000011444092, ,0.1,1.0,0.0
2025-02-03T14:01:00+00:00,2025-02-03T17:01:00+03:00,594.0,16.5,17.0,,3.0,23.64499950408936,31.72999954223633, ,0.1,1.0,0.0
2025-02-03T14:02:00+00:00,2025-02-03T17:02:00+03:00,590.5,17.0,19.0,,3.0,23.63499927520752,31.69999980926514, ,0.1,1.0,0.0
2025-02-03T14:03:00+00:00,2025-02-03T17:03:00+03:00,590.5,16.5,16.5,,3.0,23.65999984741211,31.59999942779541, ,0.1,1.0,0.0
2025-02-03T14:04:00+00:00,2025-02-03T17:04:00+03:00,588.0,17.0,18.5,,3.0,23.6899995803833,31.61499977111816, ,0.1,1.0,0.0
2025-02-03T14:05:00+00:00,2025-02-03T17:05:00+03:00,587.0,16.0,16.5,,3.0,23.69000053405762,31.60500049591064, ,0.1,1.0,0.0
2025-02-03T14:06:00+00:00,2025-02-03T17:06:00+03:00,585.5,17.5,20.0,,3.0,23.67000007629395,31.49499988555908, ,0.1,1.0,0.0
2025-02-03T14:07:00+00:00,2025-02-03T17:07:00+03:00,584.0,16.5,18.5,,3.0,23.69999980926514,31.55000019073486, ,0.1,1.0,0.0
2025-02-03T14:08:00+00:00,2025-02-03T17:08:00+03:00,585.0,16.0,17.5,,3.0,23.71999931335449,31.46500015258789, ,0.1,1.0,0.0
2025-02-03T14:09:00+00:00,2025-02-03T17:09:00+03:00,584.5,15.5,16.0,,3.0,23.69000053405762,31.51000022888184, ,0.1,1.0,0.0
2025-02-03T14:10:00+00:00,2025-02-03T17:10:00+03:00,591.5,17.5,18.0,,3.0,23.71999931335449,31.46500015258789, ,0.1,1.0,0.0
2025-02-03T14:11:00+00:00,2025-02-03T17:11:00+03:00,591.5,18.0,18.5,,3.0,23.72999954223633,31.31500053405762, ,0.1,1.0,0.0
2025-02-03T14:12:00+00:00,2025-02-03T17:12:00+03:00,590.5,15.5,17.0,,3.0,23.72499942779541,31.26999950408936, ,0.1,1.0,0.0
2025-02-03T14:13:00+00:00,2025-02-03T17:13:00+03:00,589.5,16.0,16.0,,3.0,23.71499919891357,31.48999977111816, ,0.1,1.0,0.0
2025-02-03T14:14:00+00:00,2025-02-03T17:14:00+03:00,589.0,17.5,18.5,,3.0,23.71999931335449,31.35499954223633, ,0.1,1.0,0.0
2025-02-03T14:15:00+00:00,2025-02-03T17:15:00+03:00,588.5,17.0,18.5,,3.0,23.70499992370605,31.39499950408936, ,0.1,1.0,0.0
2025-02-03T14:16:00+00:00,2025-02-03T17:16:00+03:00,589.0,14.5,15.5,,2.0,23.73999977111816,31.30999946594238, ,0.1,1.0,0.0
2025-02-03T14:17:00+00:00,2025-02-03T17:17:00+03:00,589.5,15.0,16.5,,3.0,23.72499942779541,31.39999961853027, ,0.1,1.0,0.0
2025-02-03T14:18:00+00:00,2025-02-03T17:18:00+03:00,589.5,16.0,17.0,,3.0,23.72499942779541,31.34000015258789, ,0.1,1.0,0.0
2025-02-03T14:19:00+00:00,2025-02-03T17:19:00+03:00,590.0,15.5,16.5,,3.0,23.73499965667725,31.32499980926514, ,0.1,1.0,0.0
2025-02-03T14:20:00+00:00,2025-02-03T17:20:00+03:00,590.0,14.0,16.5,,2.0,23.77000045776367,31.22000026702881, ,0.1,1.0,0.0
2025-02-03T14:21:00+00:00,2025-02-03T17:21:00+03:00,590.5,14.5,16.0,,2.0,23.6850004196167,31.57499980926514, ,0.1,1.0,0.0
2025-02-03T14:22:00+00:00,2025-02-03T17:22:00+03:00,606.5,14.0,15.0,,3.0,23.6200008392334,31.60999965667725, ,0.1,1.0,0.0
2025-02-03T14:23:00+00:00,2025-02-03T17:23:00+03:00,617.0,15.5,18.5,,3.0,23.61500072479248,31.49499988555908, ,0.1,1.0,0.0
2025-02-03T14:24:00+00:00,2025-02-03T17:24:00+03:00,614.5,15.5,16.5,,3.0,23.61500072479248,31.60000038146973, ,0.1,1.0,0.0
2025-02-03T14:25:00+00:00,2025-02-03T17:25:00+03:00,612.5,14.5,18.5,,3.0,23.56999969482422,31.86999988555908, ,0.1,1.0,0.0
2025-02-03T14:26:00+00:00,2025-02-03T17:26:00+03:00,618.5,15.5,17.5,,3.0,23.55499935150146,31.92500019073486, ,0.1,1.0,0.0
2025-02-03T14:27:00+00:00,2025-02-03T17:27:00+03:00,615.0,16.5,19.0,,3.0,23.5600004196167,31.83500003814697, ,0.1,1.0,0.0
2025-02-03T14:28:00+00:00,2025-02-03T17:28:00+03:00,612.0,14.5,16.0,,3.0,23.5,31.88999938964844, ,0.1,1.0,0.0
2025-02-03T14:29:00+00:00,2025-02-03T17:29:00+03:00,614.0,16.0,18.5,,3.0,23.40000057220459,31.92000007629395, ,0.1,1.0,0.0
2025-02-03T14:30:00+00:00,2025-02-03T17:30:00+03:00,613.0,15.5,18.0,,3.0,23.33500003814697,32.09500122070312, ,0.1,1.0,0.0
2025-02-03T14:31:00+00:00,2025-02-03T17:31:00+03:00,616.0,16.0,17.0,,3.0,23.28500080108643,32.28999900817871, ,0.1,1.0,0.0
2025-02-03T14:32:00+00:00,2025-02-03T17:32:00+03:00,624.5,15.0,16.5,,3.0,23.23999977111816,32.48500061035156, ,0.1,1.0,0.0
2025-02-03T14:33:00+00:00,2025-02-03T17:33:00+03:00,641.5,15.5,19.0,,3.0,23.22999954223633,32.64000129699707, ,0.1,1.0,0.0
2025-02-03T14:34:00+00:00,2025-02-03T17:34:00+03:00,648.0,19.0,20.0,,3.0,23.25,32.80500030517578, ,0.1,1.0,0.0
2025-02-03T14:35:00+00:00,2025-02-03T17:35:00+03:00,649.0,16.0,17.0,,3.0,23.22999954223633,32.88999938964844, ,0.1,1.0,0.0
2025-02-03T14:36:00+00:00,2025-02-03T17:36:00+03:00,649.5,16.5,18.0,,3.0,23.20499992370605,33.0, ,0.1,1.0,0.0
2025-02-03T14:37:00+00:00,2025-02-03T17:37:00+03:00,649.5,15.5,15.5,,3.0,23.19499969482422,32.94499969482422, ,0.1,1.0,0.0
2025-02-03T14:38:00+00:00,2025-02-03T17:38:00+03:00,648.5,17.0,19.0,,3.0,23.19000053405762,32.90999984741211, ,0.1,1.0,0.0
2025-02-03T14:39:00+00:00,2025-02-03T17:39:00+03:00,650.5,16.5,16.5,,3.0,23.21000003814697,32.88500022888184, ,0.1,1.0,0.0
2025-02-03T14:40:00+00:00,2025-02-03T17:40:00+03:00,650.0,17.5,20.0,,3.0,23.18000030517578,32.90499877929688, ,0.1,1.0,0.0
2025-02-03T14:41:00+00:00,2025-02-03T17:41:00+03:00,650.5,16.0,19.5,,3.0,23.17000007629395,33.03999900817871, ,0.1,1.0,0.0
2025-02-03T14:42:00+00:00,2025-02-03T17:42:00+03:00,653.0,16.0,17.5,,3.0,23.17000007629395,33.02499961853027, ,0.1,1.0,0.0
2025-02-03T14:43:00+00:00,2025-02-03T17:43:00+03:00,654.5,18.5,21.5,,3.0,23.18000030517578,33.04500007629395, ,0.1,1.0,0.0
2025-02-03T14:44:00+00:00,2025-02-03T17:44:00+03:00,654.0,15.0,18.0,,3.0,23.16499996185303,33.02499961853027, ,0.1,1.0,0.0
2025-02-03T14:45:00+00:00,2025-02-03T17:45:00+03:00,650.5,16.0,19.0,,3.0,23.13500022888184,32.9950008392334, ,0.1,1.0,0.0
2025-02-03T14:46:00+00:00,2025-02-03T17:46:00+03:00,649.0,14.0,15.0,,3.0,23.11500072479248,33.05000114440918, ,0.1,1.0,0.0
2025-02-03T14:47:00+00:00,2025-02-03T17:47:00+03:00,648.5,14.0,14.0,,3.0,23.10500049591064,33.03999900817871, ,0.1,1.0,0.0
2025-02-03T14:48:00+00:00,2025-02-03T17:48:00+03:00,650.5,16.5,16.5,,3.0,23.11000061035156,33.0, ,0.1,1.0,0.0
2025-02-03T14:49:00+00:00,2025-02-03T17:49:00+03:00,650.5,14.0,16.0,,3.0,23.11500072479248,33.10000038146973, ,0.1,1.0,0.0
2025-02-03T14:50:00+00:00,2025-02-03T17:50:00+03:00,652.5,16.0,17.5,,3.0,23.125,33.02999877929688, ,0.1,1.0,0.0
2025-02-03T14:51:00+00:00,2025-02-03T17:51:00+03:00,651.5,17.0,21.0,,3.0,23.1200008392334,33.06999969482422, ,0.1,1.0,0.0
2025-02-03T14:52:00+00:00,2025-02-03T17:52:00+03:00,652.5,16.0,17.5,,3.0,23.1200008392334,33.11000061035156, ,0.1,1.0,0.0
2025-02-03T14:53:00+00:00,2025-02-03T17:53:00+03:00,654.0,14.0,16.0,,3.0,23.14499950408936,33.09000015258789, ,0.1,1.0,0.0
2025-02-03T14:54:00+00:00,2025-02-03T17:54:00+03:00,658.5,15.0,16.5,,3.0,23.17500019073486,33.09000015258789, ,0.1,1.0,0.0
2025-02-03T14:55:00+00:00,2025-02-03T17:55:00+03:00,660.0,14.5,16.5,,3.0,23.20499992370605,33.09500122070312, ,0.1,1.0,0.0
2025-02-03T14:56:00+00:00,2025-02-03T17:56:00+03:00,659.0,14.0,15.5,,3.0,23.21999931335449,33.03000068664551, ,0.1,1.0,0.0
2025-02-03T14:57:00+00:00,2025-02-03T17:57:00+03:00,659.5,14.0,16.0,,3.0,23.22499942779541,33.0099983215332, ,0.1,1.0,0.0
2025-02-03T14:58:00+00:00,2025-02-03T17:58:00+03:00,661.5,14.0,16.0,,3.0,23.19000053405762,32.96999931335449, ,0.1,1.0,0.0
2025-02-03T14:59:00+00:00,2025-02-03T17:59:00+03:00,661.5,15.5,17.0,,3.0,23.19000053405762,32.96500015258789, ,0.1,1.0,0.0
2025-02-03T15:00:00+00:00,2025-02-03T18:00:00+03:00,660.0,12.5,13.5,,3.0,23.19499969482422,32.89500045776367, ,0.1,1.0,0.0
2025-02-03T15:01:00+00:00,2025-02-03T18:01:00+03:00,659.0,14.5,15.0,,3.0,23.18000030517578,32.91499900817871, ,0.1,1.0,0.0
2025-02-03T15:02:00+00:00,2025-02-03T18:02:00+03:00,660.0,13.0,14.0,,3.0,23.18000030517578,32.94000053405762, ,0.1,1.0,0.0
2025-02-03T15:03:00+00:00,2025-02-03T18:03:00+03:00,659.0,13.0,13.5,,3.0,23.13499927520752,32.95999908447266, ,0.1,1.0,0.0
2025-02-03T15:04:00+00:00,2025-02-03T18:04:00+03:00,660.0,12.0,14.5,,3.0,23.11999988555908,32.96499824523926, ,0.1,1.0,0.0
2025-02-03T15:05:00+00:00,2025-02-03T18:05:00+03:00,660.0,12.5,13.0,,3.0,23.11500072479248,33.03999900817871, ,0.1,1.0,0.0
2025-02-03T15:06:00+00:00,2025-02-03T18:06:00+03:00,659.0,13.5,15.5,,3.0,23.11500072479248,32.97999954223633, ,0.1,1.0,0.0
2025-02-03T15:07:00+00:00,2025-02-03T18:07:00+03:00,660.5,12.5,14.0,,3.0,23.11000061035156,32.94999885559082, ,0.1,1.0,0.0
2025-02-03T15:08:00+00:00,2025-02-03T18:08:00+03:00,660.0,11.5,12.0,,3.0,23.11500072479248,32.93499946594238, ,0.1,1.0,0.0
2025-02-03T15:09:00+00:00,2025-02-03T18:09:00+03:00,659.0,11.0,12.5,,3.0,23.11000061035156,32.94499969482422, ,0.1,1.0,0.0
2025-02-03T15:10:00+00:00,2025-02-03T18:10:00+03:00,659.0,13.5,14.0,,3.0,23.125,33.05500030517578, ,0.1,1.0,0.0
2025-02-03T15:11:00+00:00,2025-02-03T18:11:00+03:00,,,,,,,, ,0.1,1.0,0.0
2025-02-03T15:12:00+00:00,2025-02-03T18:12:00+03:00,664.0,16.0,16.0,,3.0,23.15999984741211,32.97000122070312, ,0.1,1.0,0.0
2025-02-03T15:13:00+00:00,2025-02-03T18:13:00+03:00,665.5,15.0,18.5,,3.0,23.14999961853027,32.89500045776367, ,0.1,1.0,0.0
2025-02-03T15:14:00+00:00,2025-02-03T18:14:00+03:00,662.0,11.5,13.5,,3.0,23.125,32.89499855041504, ,0.1,1.0,0.0
2025-02-03T15:15:00+00:00,2025-02-03T18:15:00+03:00,661.5,12.5,12.5,,3.0,23.1200008392334,32.90999984741211, ,0.1,1.0,0.0
2025-02-03T15:16:00+00:00,2025-02-03T18:16:00+03:00,663.5,11.0,11.0,,3.0,23.10500049591064,32.85499954223633, ,0.1,1.0,0.0
2025-02-03T15:17:00+00:00,2025-02-03T18:17:00+03:00,665.5,11.0,11.5,,3.0,23.1299991607666,32.82500076293945, ,0.1,1.0,0.0
2025-02-03T15:18:00+00:00,2025-02-03T18:18:00+03:00,661.0,12.5,13.5,,3.0,23.11500072479248,32.7549991607666, ,0.1,1.0,0.0
2025-02-03T15:19:00+00:00,2025-02-03T18:19:00+03:00,661.5,12.5,14.5,,3.0,23.09500026702881,32.73999977111816, ,0.1,1.0,0.0
2025-02-03T15:20:00+00:00,2025-02-03T18:20:00+03:00,660.5,12.0,14.5,,3.0,23.09500026702881,32.84499931335449, ,0.1,1.0,0.0
2025-02-03T15:21:00+00:00,2025-02-03T18:21:00+03:00,663.0,11.0,12.5,,3.0,23.07999992370605,32.83499908447266, ,0.1,1.0,0.0
2025-02-03T15:22:00+00:00,2025-02-03T18:22:00+03:00,662.5,12.0,13.5,,3.0,23.09000015258789,32.76500129699707, ,0.1,1.0,0.0
2025-02-03T15:23:00+00:00,2025-02-03T18:23:00+03:00,661.0,11.5,12.5,,3.0,23.11500072479248,32.75, ,0.1,1.0,0.0
2025-02-03T15:24:00+00:00,2025-02-03T18:24:00+03:00,661.0,10.5,11.5,,3.0,23.10500049591064,32.78499984741211, ,0.1,1.0,0.0
2025-02-03T15:25:00+00:00,2025-02-03T18:25:00+03:00,661.0,11.5,12.5,,3.0,23.09000015258789,32.80500030517578, ,0.1,1.0,0.0
2025-02-03T15:26:00+00:00,2025-02-03T18:26:00+03:00,661.5,12.0,15.0,,3.0,23.11500072479248,32.79500007629395, ,0.1,1.0,0.0
2025-02-03T15:27:00+00:00,2025-02-03T18:27:00+03:00,668.0,11.5,11.5,,3.0,23.08500003814697,32.78499984741211, ,0.1,1.0,0.0
2025-02-03T15:28:00+00:00,2025-02-03T18:28:00+03:00,664.5,12.5,13.5,,3.0,23.08500003814697,32.85999870300293, ,0.1,1.0,0.0
2025-02-03T15:29:00+00:00,2025-02-03T18:29:00+03:00,664.5,10.0,11.5,,3.0,23.09500026702881,32.86000061035156, ,0.1,1.0,0.0
2025-02-03T15:30:00+00:00,2025-02-03T18:30:00+03:00,665.5,12.0,14.0,,3.0,23.07499980926514,32.80999946594238, ,0.1,1.0,0.0
2025-02-03T15:31:00+00:00,2025-02-03T18:31:00+03:00,664.5,12.5,13.0,,3.0,23.11000061035156,32.84000015258789, ,0.1,1.0,0.0
2025-02-03T15:32:00+00:00,2025-02-03T18:32:00+03:00,665.5,11.5,11.5,,3.0,23.10500049591064,32.875, ,0.1,1.0,0.0
2025-02-03T15:33:00+00:00,2025-02-03T18:33:00+03:00,667.0,11.0,11.0,,3.0,23.09000015258789,32.89499855041504, ,0.1,1.0,0.0
2025-02-03T15:34:00+00:00,2025-02-03T18:34:00+03:00,671.0,10.0,11.5,,3.0,23.10000038146973,32.875, ,0.1,1.0,0.0
2025-02-03T15:35:00+00:00,2025-02-03T18:35:00+03:00,670.0,13.0,13.0,,3.0,23.09500026702881,32.76499938964844, ,0.1,1.0,0.0
2025-02-03T15:36:00+00:00,2025-02-03T18:36:00+03:00,667.0,9.0,9.0,,3.0,23.09500026702881,32.81500053405762, ,0.1,1.0,0.0
2025-02-03T15:37:00+00:00,2025-02-03T18:37:00+03:00,664.0,10.5,11.0,,3.0,23.09000015258789,32.67500114440918, ,0.1,1.0,0.0
2025-02-03T15:38:00+00:00,2025-02-03T18:38:00+03:00,664.5,9.5,11.0,,3.0,23.06500053405762,32.66500091552734, ,0.1,1.0,0.0
2025-02-03T15:39:00+00:00,2025-02-03T18:39:00+03:00,665.5,10.0,13.0,,3.0,23.06999969482422,32.60499954223633, ,0.1,1.0,0.0
2025-02-03T15:40:00+00:00,2025-02-03T18:40:00+03:00,665.0,11.5,13.0,,3.0,23.07999992370605,32.64500045776367, ,0.1,1.0,0.0
2025-02-03T15:41:00+00:00,2025-02-03T18:41:00+03:00,664.0,10.0,10.0,,3.0,23.05499935150146,32.68499946594238, ,0.1,1.0,0.0
2025-02-03T15:42:00+00:00,2025-02-03T18:42:00+03:00,664.0,9.5,11.5,,3.0,23.05499935150146,32.625, ,0.1,1.0,0.0
2025-02-03T15:43:00+00:00,2025-02-03T18:43:00+03:00,664.0,10.5,10.5,,3.0,23.04500007629395,32.52500152587891, ,0.1,1.0,0.0
2025-02-03T15:44:00+00:00,2025-02-03T18:44:00+03:00,664.0,8.5,10.5,,3.0,23.04999923706055,32.53499984741211, ,0.1,1.0,0.0
2025-02-03T15:45:00+00:00,2025-02-03T18:45:00+03:00,661.0,9.0,10.0,,3.0,23.00500011444092,32.40999984741211, ,0.1,1.0,0.0
2025-02-03T15:46:00+00:00,2025-02-03T18:46:00+03:00,654.5,10.0,11.0,,3.0,23.05499935150146,32.40500068664551, ,0.1,1.0,0.0
2025-02-03T15:47:00+00:00,2025-02-03T18:47:00+03:00,649.0,10.5,11.5,,3.0,23.05999946594238,32.59499931335449, ,0.1,1.0,0.0
2025-02-03T15:48:00+00:00,2025-02-03T18:48:00+03:00,650.0,11.5,11.5,,3.0,23.0649995803833,32.80999946594238, ,0.1,1.0,0.0
2025-02-03T15:49:00+00:00,2025-02-03T18:49:00+03:00,658.5,10.0,11.5,,3.0,23.11000061035156,32.93499946594238, ,0.1,1.0,0.0
2025-02-03T15:50:00+00:00,2025-02-03T18:50:00+03:00,663.5,9.0,10.0,,3.0,23.10500049591064,33.03499984741211, ,0.1,1.0,0.0
2025-02-03T15:51:00+00:00,2025-02-03T18:51:00+03:00,668.0,10.5,11.5,,3.0,23.10000038146973,33.09999847412109, ,0.1,1.0,0.0
2025-02-03T15:52:00+00:00,2025-02-03T18:52:00+03:00,671.5,7.5,7.5,,3.0,23.11500072479248,33.15999984741211, ,0.1,1.0,0.0
2025-02-03T15:53:00+00:00,2025-02-03T18:53:00+03:00,672.5,8.5,10.5,,3.0,23.11499977111816,33.17499923706055, ,0.1,1.0,0.0
2025-02-03T15:54:00+00:00,2025-02-03T18:54:00+03:00,670.0,9.0,9.5,,3.0,23.13000011444092,33.13500022888184, ,0.1,1.0,0.0
2025-02-03T15:55:00+00:00,2025-02-03T18:55:00+03:00,670.0,10.5,12.5,,3.0,23.11000061035156,33.22500038146973, ,0.1,1.0,0.0
2025-02-03T15:56:00+00:00,2025-02-03T18:56:00+03:00,671.0,7.5,7.5,,3.0,23.1200008392334,33.24499893188477, ,0.1,1.0,0.0
2025-02-03T15:57:00+00:00,2025-02-03T18:57:00+03:00,673.5,10.0,11.0,,3.0,23.14999961853027,33.28499984741211, ,0.1,1.0,0.0
2025-02-03T15:58:00+00:00,2025-02-03T18:58:00+03:00,675.0,7.5,11.5,,3.0,23.18000030517578,33.375, ,0.1,1.0,0.0
2025-02-03T15:59:00+00:00,2025-02-03T18:59:00+03:00,681.0,8.0,8.0,,3.0,23.19999980926514,33.4950008392334, ,0.1,1.0,0.0
2025-02-03T16:00:00+00:00,2025-02-03T19:00:00+03:00,688.5,9.0,9.0,,3.0,23.26500034332275,33.5099983215332, ,0.1,1.0,0.0
2025-02-03T16:01:00+00:00,2025-02-03T19:01:00+03:00,696.5,8.5,11.5,,3.0,23.30499935150146,33.52499961853027, ,0.1,1.0,0.0
2025-02-03T16:02:00+00:00,2025-02-03T19:02:00+03:00,715.5,9.5,12.0,,3.0,23.35500049591064,33.59000015258789, ,0.1,1.0,0.0
2025-02-03T16:03:00+00:00,2025-02-03T19:03:00+03:00,738.0,9.5,12.5,,3.0,23.38499927520752,33.63500022888184, ,0.1,1.0,0.0
2025-02-03T16:04:00+00:00,2025-02-03T19:04:00+03:00,749.0,9.0,9.5,,3.0,23.40499973297119,33.67000007629395, ,0.1,1.0,0.0
2025-02-03T16:05:00+00:00,2025-02-03T19:05:00+03:00,759.0,9.5,10.0,,3.0,23.4350004196167,33.76000022888184, ,0.1,1.0,0.0
2025-02-03T16:06:00+00:00,2025-02-03T19:06:00+03:00,755.0,11.0,13.0,,3.0,23.52499961853027,33.26000022888184, ,0.1,1.0,0.0
2025-02-03T16:07:00+00:00,2025-02-03T19:07:00+03:00,715.5,9.5,11.0,,3.0,23.58500003814697,33.54500007629395, ,0.1,1.0,0.0
2025-02-03T16:08:00+00:00,2025-02-03T19:08:00+03:00,736.0,10.0,10.5,,3.0,23.57499980926514,33.67499923706055, ,0.1,1.0,0.0
2025-02-03T16:09:00+00:00,2025-02-03T19:09:00+03:00,778.0,8.5,9.5,,3.0,23.5649995803833,33.67499923706055, ,0.1,1.0,0.0
2025-02-03T16:10:00+00:00,2025-02-03T19:10:00+03:00,797.0,10.5,11.0,,3.0,23.56999969482422,33.67500114440918, ,0.1,1.0,0.0
2025-02-03T16:11:00+00:00,2025-02-03T19:11:00+03:00,809.0,11.0,11.0,,4.0,23.61000061035156,33.71500015258789, ,0.1,1.0,0.0
2025-02-03T16:12:00+00:00,2025-02-03T19:12:00+03:00,818.0,9.0,9.5,,4.0,23.57499980926514,33.76000022888184, ,0.1,1.0,0.0
2025-02-03T16:13:00+00:00,2025-02-03T19:13:00+03:00,828.0,10.0,10.0,,4.0,23.60500049591064,33.90500068664551, ,0.1,1.0,0.0
2025-02-03T16:14:00+00:00,2025-02-03T19:14:00+03:00,849.0,9.0,10.5,,4.0,23.61500072479248,34.06499862670898, ,0.1,1.0,0.0
2025-02-03T16:15:00+00:00,2025-02-03T19:15:00+03:00,879.5,8.0,10.0,,4.0,23.61000061035156,34.17000007629395, ,0.1,1.0,0.0
2025-02-03T16:16:00+00:00,2025-02-03T19:16:00+03:00,896.5,9.0,10.5,,4.0,23.6200008392334,34.23999977111816, ,0.1,1.0,0.0
2025-02-03T16:17:00+00:00,2025-02-03T19:17:00+03:00,904.0,8.0,9.5,,4.0,23.61000061035156,34.32999992370605, ,0.1,1.0,0.0
2025-02-03T16:18:00+00:00,2025-02-03T19:18:00+03:00,911.5,8.0,10.0,,4.0,23.61999988555908,34.38999938964844, ,0.1,1.0,0.0
2025-02-03T16:19:00+00:00,2025-02-03T19:19:00+03:00,920.5,10.0,12.5,,4.0,23.63499927520752,34.47500038146973, ,0.1,1.0,0.0
2025-02-03T16:20:00+00:00,2025-02-03T19:20:00+03:00,932.5,8.0,9.5,,4.0,23.69000053405762,34.52000045776367, ,0.1,1.0,0.0
2025-02-03T16:21:00+00:00,2025-02-03T19:21:00+03:00,942.5,9.5,10.0,,4.0,23.65999984741211,34.53499984741211, ,0.1,1.0,0.0
2025-02-03T16:22:00+00:00,2025-02-03T19:22:00+03:00,952.0,9.0,9.0,,4.0,23.66499996185303,34.56499862670898, ,0.1,1.0,0.0
2025-02-03T16:23:00+00:00,2025-02-03T19:23:00+03:00,959.5,9.5,10.5,,4.0,23.64499950408936,34.57500076293945, ,0.1,1.0,0.0
2025-02-03T16:24:00+00:00,2025-02-03T19:24:00+03:00,966.5,9.0,10.0,,4.0,23.66499996185303,34.64999961853027, ,0.1,1.0,0.0
2025-02-03T16:25:00+00:00,2025-02-03T19:25:00+03:00,977.5,8.0,8.0,,4.0,23.67000007629395,34.68499946594238, ,0.1,1.0,0.0
2025-02-03T16:26:00+00:00,2025-02-03T19:26:00+03:00,990.5,8.5,10.0,,4.0,23.64000034332275,34.73999977111816, ,0.1,1.0,0.0
2025-02-03T16:27:00+00:00,2025-02-03T19:27:00+03:00,995.5,9.5,10.0,,4.0,23.67000007629395,34.86499977111816, ,0.1,1.0,0.0
2025-02-03T16:28:00+00:00,2025-02-03T19:28:00+03:00,1003.5,9.0,9.5,,5.0,23.6899995803833,34.89500045776367, ,0.1,1.0,0.0
2025-02-03T16:29:00+00:00,2025-02-03T19:29:00+03:00,1016.5,8.0,8.5,,5.0,23.69500064849854,34.90999984741211, ,0.1,1.0,0.0
2025-02-03T16:30:00+00:00,2025-02-03T19:30:00+03:00,1023.0,10.0,10.5,,5.0,23.68000030517578,34.92000007629395, ,0.1,1.0,0.0
2025-02-03T16:31:00+00:00,2025-02-03T19:31:00+03:00,1033.5,11.0,11.0,,5.0,23.6850004196167,35.03499984741211, ,0.1,1.0,0.0
2025-02-03T16:32:00+00:00,2025-02-03T19:32:00+03:00,1045.5,8.5,10.0,,5.0,23.6850004196167,35.05500030517578, ,0.1,1.0,0.0
2025-02-03T16:33:00+00:00,2025-02-03T19:33:00+03:00,1053.0,9.0,9.0,,5.0,23.69500064849854,35.18999862670898, ,0.1,1.0,0.0
2025-02-03T16:34:00+00:00,2025-02-03T19:34:00+03:00,1070.0,10.5,11.5,,5.0,23.71999931335449,35.28999900817871, ,0.1,1.0,0.0
2025-02-03T16:35:00+00:00,2025-02-03T19:35:00+03:00,1092.5,10.0,12.5,,5.0,23.71499919891357,35.42500114440918, ,0.1,1.0,0.0
2025-02-03T16:36:00+00:00,2025-02-03T19:36:00+03:00,1110.0,11.0,11.5,,5.0,23.72499942779541,35.52000045776367, ,0.1,1.0,0.0
2025-02-03T16:37:00+00:00,2025-02-03T19:37:00+03:00,1125.0,9.5,9.5,,5.0,23.77000045776367,35.6150016784668, ,0.1,1.0,0.0
2025-02-03T16:38:00+00:00,2025-02-03T19:38:00+03:00,1147.0,8.5,10.0,,5.0,23.72999954223633,35.80999946594238, ,0.1,1.0,0.0
2025-02-03T16:39:00+00:00,2025-02-03T19:39:00+03:00,1164.5,10.5,10.5,,5.0,23.75,35.8799991607666, ,0.1,1.0,0.0
2025-02-03T16:40:00+00:00,2025-02-03T19:40:00+03:00,1181.0,8.0,10.0,,5.0,23.72499942779541,35.92000007629395, ,0.1,1.0,0.0
2025-02-03T16:41:00+00:00,2025-02-03T19:41:00+03:00,1191.5,8.5,10.5,,5.0,23.71499919891357,35.85000038146973, ,0.1,1.0,0.0
2025-02-03T16:42:00+00:00,2025-02-03T19:42:00+03:00,1194.0,8.0,10.5,,5.0,23.71999931335449,35.71999931335449, ,0.1,1.0,0.0
2025-02-03T16:43:00+00:00,2025-02-03T19:43:00+03:00,1195.5,9.5,10.0,,5.0,23.68000030517578,35.72500038146973, ,0.1,1.0,0.0
2025-02-03T16:44:00+00:00,2025-02-03T19:44:00+03:00,1202.5,8.0,8.5,,5.0,23.70000076293945,35.17999839782715, ,0.1,1.0,0.0
2025-02-03T16:45:00+00:00,2025-02-03T19:45:00+03:00,1202.0,9.5,11.0,,5.0,23.71000003814697,34.90500068664551, ,0.1,1.0,0.0
2025-02-03T16:46:00+00:00,2025-02-03T19:46:00+03:00,1188.0,8.0,8.0,,5.0,23.71000003814697,34.10499954223633, ,0.1,1.0,0.0
2025-02-03T16:47:00+00:00,2025-02-03T19:47:00+03:00,1161.0,7.0,7.0,,5.0,23.70499992370605,34.07999992370605, ,0.1,1.0,0.0
2025-02-03T16:48:00+00:00,2025-02-03T19:48:00+03:00,1152.0,8.0,8.5,,5.0,23.73499965667725,33.82999992370605, ,0.1,1.0,0.0
2025-02-03T16:49:00+00:00,2025-02-03T19:49:00+03:00,1153.0,8.0,9.0,,5.0,23.73999977111816,33.43999862670898, ,0.1,1.0,0.0
2025-02-03T16:50:00+00:00,2025-02-03T19:50:00+03:00,1145.5,5.5,7.0,,5.0,23.73499965667725,33.05500030517578, ,0.1,1.0,0.0
2025-02-03T16:51:00+00:00,2025-02-03T19:51:00+03:00,1129.0,5.5,6.0,,5.0,23.73999977111816,32.95499992370605, ,0.1,1.0,0.0
2025-02-03T16:52:00+00:00,2025-02-03T19:52:00+03:00,1126.0,6.0,6.5,,5.0,23.77000045776367,32.25500011444092, ,0.1,1.0,0.0
2025-02-03T16:53:00+00:00,2025-02-03T19:53:00+03:00,1065.0,8.0,9.0,,5.0,23.86499977111816,31.58500003814697, ,0.1,1.0,0.0
2025-02-03T16:54:00+00:00,2025-02-03T19:54:00+03:00,1041.5,6.0,6.0,,5.0,23.86000061035156,33.63999938964844, ,0.1,1.0,0.0
2025-02-03T16:55:00+00:00,2025-02-03T19:55:00+03:00,1127.0,8.0,8.0,,5.0,23.81999969482422,33.71500015258789, ,0.1,1.0,0.0
2025-02-03T16:56:00+00:00,2025-02-03T19:56:00+03:00,1182.0,5.5,5.5,,5.0,23.80000019073486,33.67500114440918, ,0.1,1.0,0.0
2025-02-03T16:57:00+00:00,2025-02-03T19:57:00+03:00,1197.5,6.5,6.5,,5.0,23.77500057220459,33.875, ,0.1,1.0,0.0
2025-02-03T16:58:00+00:00,2025-02-03T19:58:00+03:00,1211.5,6.5,8.5,,5.0,23.74499988555908,33.72999954223633, ,0.1,1.0,0.0
2025-02-03T16:59:00+00:00,2025-02-03T19:59:00+03:00,1211.0,7.5,10.5,,5.0,23.74499988555908,33.95000076293945, ,0.1,1.0,0.0
2025-02-03T17:00:00+00:00,2025-02-03T20:00:00+03:00,1224.5,7.5,8.5,,5.0,23.72999954223633,33.92000007629395, ,0.1,1.0,0.0
2025-02-03T17:01:00+00:00,2025-02-03T20:01:00+03:00,1230.5,5.5,5.5,,5.0,23.72499942779541,33.98000144958496, ,0.1,1.0,0.0
2025-02-03T17:02:00+00:00,2025-02-03T20:02:00+03:00,1237.5,7.5,8.0,,5.0,23.68000030517578,33.80999946594238, ,0.1,1.0,0.0
2025-02-03T17:03:00+00:00,2025-02-03T20:03:00+03:00,1238.0,6.0,6.5,,5.0,23.68499946594238,33.92000007629395, ,0.1,1.0,0.0
2025-02-03T17:04:00+00:00,2025-02-03T20:04:00+03:00,1243.0,7.0,10.0,,5.0,23.65499973297119,34.0049991607666, ,0.1,1.0,0.0
2025-02-03T17:05:00+00:00,2025-02-03T20:05:00+03:00,1246.5,7.5,7.5,,5.0,23.6899995803833,33.65999984741211, ,0.1,1.0,0.0
2025-02-03T17:06:00+00:00,2025-02-03T20:06:00+03:00,1233.5,7.0,7.0,,5.0,23.69500064849854,34.06500053405762, ,0.1,1.0,0.0
2025-02-03T17:07:00+00:00,2025-02-03T20:07:00+03:00,1237.5,5.0,5.5,,5.0,23.67000007629395,34.26999855041504, ,0.1,1.0,0.0
2025-02-03T17:08:00+00:00,2025-02-03T20:08:00+03:00,1248.5,6.5,8.0,,5.0,23.64999961853027,34.53999900817871, ,0.1,1.0,0.0
2025-02-03T17:09:00+00:00,2025-02-03T20:09:00+03:00,1257.5,6.0,6.5,,6.0,23.64999961853027,34.65500068664551, ,0.1,1.0,0.0
2025-02-03T17:10:00+00:00,2025-02-03T20:10:00+03:00,1265.0,6.0,7.5,,6.0,23.64000034332275,34.39499855041504, ,0.1,1.0,0.0
2025-02-03T17:11:00+00:00,2025-02-03T20:11:00+03:00,1264.5,8.5,11.0,,6.0,23.6850004196167,34.06000137329102, ,0.1,1.0,0.0
2025-02-03T17:12:00+00:00,2025-02-03T20:12:00+03:00,1256.0,7.5,8.0,,6.0,23.65999984741211,33.95499992370605, ,0.1,1.0,0.0
2025-02-03T17:13:00+00:00,2025-02-03T20:13:00+03:00,1246.0,7.0,8.0,,5.0,23.69500064849854,34.01999855041504, ,0.1,1.0,0.0
2025-02-03T17:14:00+00:00,2025-02-03T20:14:00+03:00,1245.0,8.0,8.0,,5.0,23.66499996185303,34.2549991607666, ,0.1,1.0,0.0
2025-02-03T17:15:00+00:00,2025-02-03T20:15:00+03:00,1252.0,9.0,9.5,,6.0,23.64999961853027,34.39500045776367, ,0.1,1.0,0.0
2025-02-03T17:16:00+00:00,2025-02-03T20:16:00+03:00,1256.0,8.5,9.0,,6.0,23.63999938964844,33.97999954223633, ,0.1,1.0,0.0
2025-02-03T17:17:00+00:00,2025-02-03T20:17:00+03:00,1256.5,7.5,8.5,,6.0,23.6850004196167,34.1200008392334, ,0.1,1.0,0.0
2025-02-03T17:18:00+00:00,2025-02-03T20:18:00+03:00,1257.5,7.5,8.0,,6.0,23.6850004196167,34.40999984741211, ,0.1,1.0,0.0
2025-02-03T17:19:00+00:00,2025-02-03T20:19:00+03:00,1264.0,8.5,8.5,,6.0,23.65999984741211,34.40999984741211, ,0.1,1.0,0.0
2025-02-03T17:20:00+00:00,2025-02-03T20:20:00+03:00,1264.0,6.5,7.5,,6.0,23.64999961853027,34.20999908447266, ,0.1,1.0,0.0
2025-02-03T17:21:00+00:00,2025-02-03T20:21:00+03:00,1255.5,7.5,8.0,,6.0,23.64999961853027,34.28500175476074, ,0.1,1.0,0.0
2025-02-03T17:22:00+00:00,2025-02-03T20:22:00+03:00,1262.5,8.0,9.0,,6.0,23.6850004196167,33.60000038146973, ,0.1,1.0,0.0
2025-02-03T17:23:00+00:00,2025-02-03T20:23:00+03:00,1258.5,7.5,8.5,,6.0,23.65999984741211,33.625, ,0.1,1.0,0.0
2025-02-03T17:24:00+00:00,2025-02-03T20:24:00+03:00,1198.5,9.0,10.5,,5.0,23.6850004196167,33.26499938964844, ,0.1,1.0,0.0
2025-02-03T17:25:00+00:00,2025-02-03T20:25:00+03:00,1141.0,7.5,8.0,,5.0,23.75500011444092,34.86000061035156, ,0.1,1.0,0.0
2025-02-03T17:26:00+00:00,2025-02-03T20:26:00+03:00,1195.5,7.0,7.0,,5.0,23.77000045776367,35.60499954223633, ,0.1,1.0,0.0
2025-02-03T17:27:00+00:00,2025-02-03T20:27:00+03:00,1320.5,7.0,9.0,,6.0,23.76500034332275,36.09000015258789, ,0.1,1.0,0.0
2025-02-03T17:28:00+00:00,2025-02-03T20:28:00+03:00,1385.0,6.5,7.0,,6.0,23.79500007629395,36.32000160217285, ,0.1,1.0,0.0
2025-02-03T17:29:00+00:00,2025-02-03T20:29:00+03:00,1403.5,6.5,8.5,,6.0,23.77000045776367,36.34000015258789, ,0.1,1.0,0.0
2025-02-03T17:30:00+00:00,2025-02-03T20:30:00+03:00,1423.5,7.5,8.5,,6.0,23.80499935150146,36.35499954223633, ,0.1,1.0,0.0
2025-02-03T17:31:00+00:00,2025-02-03T20:31:00+03:00,1432.5,8.0,8.5,,6.0,23.83500003814697,36.5, ,0.1,1.0,0.0
2025-02-03T17:32:00+00:00,2025-02-03T20:32:00+03:00,1445.5,6.5,8.5,,6.0,23.8149995803833,36.7450008392334, ,0.1,1.0,0.0
2025-02-03T17:33:00+00:00,2025-02-03T20:33:00+03:00,1465.0,7.0,7.0,,6.0,23.80500030517578,36.91499900817871, ,0.1,1.0,0.0
2025-02-03T17:34:00+00:00,2025-02-03T20:34:00+03:00,1489.0,7.5,9.0,,6.0,23.80999946594238,37.01999855041504, ,0.1,1.0,0.0
2025-02-03T17:35:00+00:00,2025-02-03T20:35:00+03:00,1512.0,7.0,9.0,,7.0,23.80000019073486,37.18000030517578, ,0.1,1.0,0.0
2025-02-03T17:36:00+00:00,2025-02-03T20:36:00+03:00,1540.0,7.0,7.5,,7.0,23.81999969482422,37.39500045776367, ,0.1,1.0,0.0
2025-02-03T17:37:00+00:00,2025-02-03T20:37:00+03:00,1577.5,7.5,7.5,,7.0,23.80000019073486,37.53499984741211, ,0.1,1.0,0.0
2025-02-03T17:38:00+00:00,2025-02-03T20:38:00+03:00,1597.5,7.0,8.5,,7.0,23.80500030517578,37.63999938964844, ,0.1,1.0,0.0
2025-02-03T17:39:00+00:00,2025-02-03T20:39:00+03:00,1610.5,7.0,8.5,,7.0,23.77500057220459,37.69500160217285, ,0.1,1.0,0.0
2025-02-03T17:40:00+00:00,2025-02-03T20:40:00+03:00,1625.0,7.5,7.5,,7.0,23.78500080108643,37.88500022888184, ,0.1,1.0,0.0
2025-02-03T17:41:00+00:00,2025-02-03T20:41:00+03:00,1650.5,6.5,6.5,,7.0,23.80000019073486,38.00500106811523, ,0.1,1.0,0.0
2025-02-03T17:42:00+00:00,2025-02-03T20:42:00+03:00,1666.0,6.5,8.0,,7.0,23.78500080108643,38.08500099182129, ,0.1,1.0,0.0
2025-02-03T17:43:00+00:00,2025-02-03T20:43:00+03:00,1673.0,6.5,7.0,,7.0,23.8149995803833,38.20000076293945, ,0.1,1.0,0.0
2025-02-03T17:44:00+00:00,2025-02-03T20:44:00+03:00,1686.5,8.0,8.0,,7.0,23.80999946594238,38.31500053405762, ,0.1,1.0,0.0
2025-02-03T17:45:00+00:00,2025-02-03T20:45:00+03:00,1700.5,6.5,6.5,,7.0,23.83500003814697,38.57999992370605, ,0.1,1.0,0.0
2025-02-03T17:46:00+00:00,2025-02-03T20:46:00+03:00,1719.5,9.0,10.5,,7.0,23.84500026702881,38.71999931335449, ,0.1,1.0,0.0
2025-02-03T17:47:00+00:00,2025-02-03T20:47:00+03:00,1736.5,7.0,10.0,,7.0,23.83500003814697,38.78499984741211, ,0.1,1.0,0.0
2025-02-03T17:48:00+00:00,2025-02-03T20:48:00+03:00,1759.5,6.5,6.5,,7.0,23.82999992370605,38.83500099182129, ,0.1,1.0,0.0
2025-02-03T17:49:00+00:00,2025-02-03T20:49:00+03:00,1776.5,6.5,7.5,,7.0,23.84000015258789,38.80000114440918, ,0.1,1.0,0.0
2025-02-03T17:50:00+00:00,2025-02-03T20:50:00+03:00,1786.0,6.5,6.5,,7.0,23.86000061035156,38.94999885559082, ,0.1,1.0,0.0
2025-02-03T17:51:00+00:00,2025-02-03T20:51:00+03:00,1798.0,6.5,6.5,,7.0,23.875,38.96500015258789, ,0.1,1.0,0.0
2025-02-03T17:52:00+00:00,2025-02-03T20:52:00+03:00,1811.0,6.0,6.0,,7.0,23.90999984741211,38.94999885559082, ,0.1,1.0,0.0
2025-02-03T17:53:00+00:00,2025-02-03T20:53:00+03:00,1819.5,7.0,7.5,,7.0,23.86500072479248,38.98500061035156, ,0.1,1.0,0.0
2025-02-03T17:54:00+00:00,2025-02-03T20:54:00+03:00,1828.5,6.5,8.5,,7.0,23.90999984741211,38.98999977111816, ,0.1,1.0,0.0
2025-02-03T17:55:00+00:00,2025-02-03T20:55:00+03:00,1843.0,7.0,8.0,,7.0,23.88499927520752,39.20499992370605, ,0.1,1.0,0.0
2025-02-03T17:56:00+00:00,2025-02-03T20:56:00+03:00,1864.0,6.0,7.0,,7.0,23.94000053405762,39.33000183105469, ,0.1,1.0,0.0
2025-02-03T17:57:00+00:00,2025-02-03T20:57:00+03:00,1878.5,4.5,4.5,,7.0,23.92000007629395,39.35000038146973, ,0.1,1.0,0.0
2025-02-03T17:58:00+00:00,2025-02-03T20:58:00+03:00,1888.0,5.5,5.5,,7.0,23.89000034332275,39.39999961853027, ,0.1,1.0,0.0
2025-02-03T17:59:00+00:00,2025-02-03T20:59:00+03:00,1901.5,7.0,8.0,,7.0,23.88000011444092,39.51000022888184, ,0.1,1.0,0.0
2025-02-03T18:00:00+00:00,2025-02-03T21:00:00+03:00,1925.5,7.0,9.5,,7.0,23.88000011444092,39.56500053405762, ,0.1,1.0,0.0
2025-02-03T18:01:00+00:00,2025-02-03T21:01:00+03:00,1936.0,5.0,5.5,,7.0,23.93000030517578,37.10000038146973, ,0.1,1.0,0.0
2025-02-03T18:02:00+00:00,2025-02-03T21:02:00+03:00,1516.5,5.5,6.0,,7.0,23.99499988555908,34.27000045776367, ,0.1,1.0,0.0
2025-02-03T18:03:00+00:00,2025-02-03T21:03:00+03:00,1412.0,6.5,6.5,,6.0,24.02500057220459,37.52000045776367, ,0.1,1.0,0.0
2025-02-03T18:04:00+00:00,2025-02-03T21:04:00+03:00,1617.5,6.0,6.0,,7.0,24.01000022888184,38.59999847412109, ,0.1,1.0,0.0
2025-02-03T18:05:00+00:00,2025-02-03T21:05:00+03:00,1768.0,5.0,5.0,,7.0,23.97499942779541,34.82500076293945, ,0.1,1.0,0.0
2025-02-03T18:06:00+00:00,2025-02-03T21:06:00+03:00,1276.5,5.5,6.0,,6.0,24.01500034332275,29.89499950408936, ,0.1,1.0,0.0
2025-02-03T18:07:00+00:00,2025-02-03T21:07:00+03:00,1176.0,5.0,6.5,,5.0,24.08500003814697,31.98499965667725, ,0.1,1.0,0.0
2025-02-03T18:08:00+00:00,2025-02-03T21:08:00+03:00,1258.0,5.5,5.5,,6.0,24.15499973297119,34.27000045776367, ,0.1,1.0,0.0
2025-02-03T18:09:00+00:00,2025-02-03T21:09:00+03:00,1408.0,41.0,43.0,,6.0,24.11999988555908,33.13500118255615, ,0.1,1.0,0.0
2025-02-03T18:10:00+00:00,2025-02-03T21:10:00+03:00,1116.0,62.5,69.0,,7.0,24.11999988555908,27.29999923706055, ,0.1,1.0,0.0
2025-02-03T18:11:00+00:00,2025-02-03T21:11:00+03:00,803.5,79.0,84.0,,9.0,24.03999996185303,25.76500034332275, ,0.1,1.0,0.0
2025-02-03T18:12:00+00:00,2025-02-03T21:12:00+03:00,683.5,67.5,75.5,,8.0,24.0649995803833,26.29500007629395, ,0.1,1.0,0.0
2025-02-03T18:13:00+00:00,2025-02-03T21:13:00+03:00,722.0,61.0,67.5,,7.0,24.06999969482422,30.23999977111816, ,0.1,1.0,0.0
2025-02-03T18:14:00+00:00,2025-02-03T21:14:00+03:00,830.0,43.0,49.5,,5.0,24.05500030517578,32.32999897003174, ,0.1,1.0,0.0
2025-02-03T18:15:00+00:00,2025-02-03T21:15:00+03:00,1108.5,31.5,33.5,,5.0,24.02000045776367,34.01000022888184, ,0.1,1.0,0.0
2025-02-03T18:16:00+00:00,2025-02-03T21:16:00+03:00,1324.0,27.5,31.0,,6.0,23.96999931335449,34.73999977111816, ,0.1,1.0,0.0
2025-02-03T18:17:00+00:00,2025-02-03T21:17:00+03:00,1402.0,27.0,29.0,,6.0,23.9350004196167,34.93500137329102, ,0.1,1.0,0.0
2025-02-03T18:18:00+00:00,2025-02-03T21:18:00+03:00,1433.0,27.0,30.0,,6.0,23.92500019073486,35.38500022888184, ,0.1,1.0,0.0
2025-02-03T18:19:00+00:00,2025-02-03T21:19:00+03:00,1461.0,26.5,30.5,,6.0,23.96000003814697,35.64999961853027, ,0.1,1.0,0.0
2025-02-03T18:20:00+00:00,2025-02-03T21:20:00+03:00,1478.0,29.5,32.5,,6.0,23.93000030517578,35.77000045776367, ,0.1,1.0,0.0
2025-02-03T18:21:00+00:00,2025-02-03T21:21:00+03:00,1486.5,31.5,32.5,,6.0,23.91499996185303,35.93500137329102, ,0.1,1.0,0.0
2025-02-03T18:22:00+00:00,2025-02-03T21:22:00+03:00,1493.0,32.5,35.5,,6.0,23.88500022888184,36.13500022888184, ,0.1,1.0,0.0
2025-02-03T18:23:00+00:00,2025-02-03T21:23:00+03:00,1505.5,31.0,36.0,,7.0,23.86500072479248,36.375, ,0.1,1.0,0.0
2025-02-03T18:24:00+00:00,2025-02-03T21:24:00+03:00,1509.0,28.5,31.5,,7.0,23.8700008392334,36.40999984741211, ,0.1,1.0,0.0
2025-02-03T18:25:00+00:00,2025-02-03T21:25:00+03:00,1517.5,33.5,36.5,,7.0,23.86000061035156,36.56999969482422, ,0.1,1.0,0.0
2025-02-03T18:26:00+00:00,2025-02-03T21:26:00+03:00,1524.0,30.5,34.0,,7.0,23.8700008392334,36.625, ,0.1,1.0,0.0
2025-02-03T18:27:00+00:00,2025-02-03T21:27:00+03:00,1527.5,33.5,35.0,,7.0,23.89999961853027,36.70499992370605, ,0.1,1.0,0.0
2025-02-03T18:28:00+00:00,2025-02-03T21:28:00+03:00,1530.5,35.5,39.0,,7.0,23.89999961853027,36.77000045776367, ,0.1,1.0,0.0
2025-02-03T18:29:00+00:00,2025-02-03T21:29:00+03:00,1534.0,36.5,39.5,,7.0,23.88000011444092,36.88999938964844, ,0.1,1.0,0.0
2025-02-03T18:30:00+00:00,2025-02-03T21:30:00+03:00,1539.5,35.0,39.0,,7.0,23.88500022888184,36.96500015258789, ,0.1,1.0,0.0
2025-02-03T18:31:00+00:00,2025-02-03T21:31:00+03:00,1549.5,35.0,39.5,,7.0,23.85500049591064,37.04000091552734, ,0.1,1.0,0.0
2025-02-03T18:32:00+00:00,2025-02-03T21:32:00+03:00,1552.5,34.0,36.5,,7.0,23.89500045776367,37.20000076293945, ,0.1,1.0,0.0
2025-02-03T18:33:00+00:00,2025-02-03T21:33:00+03:00,1555.5,41.5,42.0,,7.0,23.8700008392334,37.22999954223633, ,0.1,1.0,0.0
2025-02-03T18:34:00+00:00,2025-02-03T21:34:00+03:00,1554.0,38.0,42.5,,7.0,23.89499950408936,37.22499847412109, ,0.1,1.0,0.0
2025-02-03T18:35:00+00:00,2025-02-03T21:35:00+03:00,1552.5,36.5,41.0,,7.0,23.89000034332275,37.33500099182129, ,0.1,1.0,0.0
2025-02-03T18:36:00+00:00,2025-02-03T21:36:00+03:00,1554.0,38.0,40.0,,7.0,23.88000011444092,37.45499992370605, ,0.1,1.0,0.0
2025-02-03T18:37:00+00:00,2025-02-03T21:37:00+03:00,1555.5,36.5,40.0,,7.0,23.875,37.53500175476074, ,0.1,1.0,0.0
2025-02-03T18:38:00+00:00,2025-02-03T21:38:00+03:00,1565.5,40.5,41.5,,7.0,23.89499950408936,37.61499977111816, ,0.1,1.0,0.0
2025-02-03T18:39:00+00:00,2025-02-03T21:39:00+03:00,1560.5,36.5,38.0,,7.0,23.90999984741211,37.82500076293945, ,0.1,1.0,0.0
2025-02-03T18:40:00+00:00,2025-02-03T21:40:00+03:00,1563.0,36.5,40.5,,7.0,23.89000034332275,37.85000038146973, ,0.1,1.0,0.0
2025-02-03T18:41:00+00:00,2025-02-03T21:41:00+03:00,1564.5,39.5,42.5,,7.0,23.91499996185303,37.90999984741211, ,0.1,1.0,0.0
2025-02-03T18:42:00+00:00,2025-02-03T21:42:00+03:00,1569.0,39.0,40.5,,7.0,23.89499950408936,37.92499923706055, ,0.1,1.0,0.0
2025-02-03T18:43:00+00:00,2025-02-03T21:43:00+03:00,1577.666666666667,40.33333333333334,42.0,,7.0,23.90999984741211,37.88666788736979, ,0.1,1.0,0.0
2025-02-03T18:44:00+00:00,2025-02-03T21:44:00+03:00,1576.0,41.0,46.0,,7.0,23.94000053405762,37.93999862670898, ,0.1,1.0,0.0
2025-02-03T18:45:00+00:00,2025-02-03T21:45:00+03:00,1580.5,43.5,49.5,,7.0,23.94500064849854,38.07500076293945, ,0.1,1.0,0.0
2025-02-03T18:46:00+00:00,2025-02-03T21:46:00+03:00,1594.0,39.0,44.5,,7.0,23.96000003814697,38.1299991607666, ,0.1,1.0,0.0
2025-02-03T18:47:00+00:00,2025-02-03T21:47:00+03:00,1601.0,42.5,46.0,,7.0,23.95000076293945,38.11000061035156, ,0.1,1.0,0.0
2025-02-03T18:48:00+00:00,2025-02-03T21:48:00+03:00,1604.0,41.0,44.5,,7.0,23.94499969482422,38.1200008392334, ,0.1,1.0,0.0
2025-02-03T18:49:00+00:00,2025-02-03T21:49:00+03:00,1606.0,43.0,46.5,,7.0,23.90999984741211,38.18499946594238, ,0.1,1.0,0.0
2025-02-03T18:50:00+00:00,2025-02-03T21:50:00+03:00,1611.0,44.5,49.5,,7.0,23.90999984741211,38.17000007629395, ,0.1,1.0,0.0
2025-02-03T18:51:00+00:00,2025-02-03T21:51:00+03:00,1614.5,44.5,47.5,,7.0,23.93000030517578,38.1299991607666, ,0.1,1.0,0.0
2025-02-03T18:52:00+00:00,2025-02-03T21:52:00+03:00,1619.5,39.0,42.0,,7.0,23.95499992370605,38.06000137329102, ,0.1,1.0,0.0
2025-02-03T18:53:00+00:00,2025-02-03T21:53:00+03:00,1623.5,40.0,41.5,,7.0,23.95999908447266,38.14999961853027, ,0.1,1.0,0.0
2025-02-03T18:54:00+00:00,2025-02-03T21:54:00+03:00,1626.5,42.5,47.0,,7.0,23.95499992370605,38.125, ,0.1,1.0,0.0
2025-02-03T18:55:00+00:00,2025-02-03T21:55:00+03:00,1633.0,41.5,44.0,,7.0,23.94000053405762,38.14999961853027, ,0.1,1.0,0.0
2025-02-03T18:56:00+00:00,2025-02-03T21:56:00+03:00,1641.0,39.0,43.5,,7.0,23.96000003814697,38.15500068664551, ,0.1,1.0,0.0
2025-02-03T18:57:00+00:00,2025-02-03T21:57:00+03:00,1641.5,42.5,47.0,,7.0,23.96000003814697,38.19499969482422, ,0.1,1.0,0.0
2025-02-03T18:58:00+00:00,2025-02-03T21:58:00+03:00,1644.0,43.0,49.5,,7.0,24.01500034332275,38.10000038146973, ,0.1,1.0,0.0
2025-02-03T18:59:00+00:00,2025-02-03T21:59:00+03:00,1647.0,43.5,47.0,,7.0,24.0,38.05500030517578, ,0.1,1.0,0.0
2025-02-03T19:00:00+00:00,2025-02-03T22:00:00+03:00,1650.5,43.0,46.0,,7.0,23.94999980926514,38.06500053405762, ,0.1,1.0,0.0
2025-02-03T19:01:00+00:00,2025-02-03T22:01:00+03:00,1651.0,42.5,47.0,,7.0,23.95999908447266,38.125, ,0.1,1.0,0.0
2025-02-03T19:02:00+00:00,2025-02-03T22:02:00+03:00,1649.5,42.5,48.0,,7.0,23.96999931335449,38.17000007629395, ,0.1,1.0,0.0
2025-02-03T19:03:00+00:00,2025-02-03T22:03:00+03:00,1651.5,42.0,49.5,,7.0,23.98499965667725,38.14499855041504, ,0.1,1.0,0.0
2025-02-03T19:04:00+00:00,2025-02-03T22:04:00+03:00,1654.0,44.5,49.0,,7.0,23.98499965667725,38.22000122070312, ,0.1,1.0,0.0
2025-02-03T19:05:00+00:00,2025-02-03T22:05:00+03:00,1658.5,47.0,48.0,,7.0,23.97999954223633,38.30500030517578, ,0.1,1.0,0.0
2025-02-03T19:06:00+00:00,2025-02-03T22:06:00+03:00,1669.0,44.5,47.0,,7.0,23.97999954223633,38.38500022888184, ,0.1,1.0,0.0
2025-02-03T19:07:00+00:00,2025-02-03T22:07:00+03:00,1678.5,46.0,53.0,,7.0,24.01000022888184,38.40999984741211, ,0.1,1.0,0.0
2025-02-03T19:08:00+00:00,2025-02-03T22:08:00+03:00,1683.0,44.5,49.5,,7.0,24.01000022888184,38.43000030517578, ,0.1,1.0,0.0
2025-02-03T19:09:00+00:00,2025-02-03T22:09:00+03:00,1684.0,43.0,52.0,,7.0,24.01500034332275,38.41499900817871, ,0.1,1.0,0.0
2025-02-03T19:10:00+00:00,2025-02-03T22:10:00+03:00,1687.5,43.5,47.5,,7.0,24.0,38.42499923706055, ,0.1,1.0,0.0
2025-02-03T19:11:00+00:00,2025-02-03T22:11:00+03:00,1692.0,43.5,48.0,,7.0,24.00500011444092,38.4950008392334, ,0.1,1.0,0.0
2025-02-03T19:12:00+00:00,2025-02-03T22:12:00+03:00,1703.0,41.0,45.0,,7.0,24.02000045776367,38.60000038146973, ,0.1,1.0,0.0
2025-02-03T19:13:00+00:00,2025-02-03T22:13:00+03:00,1716.0,45.5,47.0,,7.0,24.02000045776367,38.64999961853027, ,0.1,1.0,0.0
2025-02-03T19:14:00+00:00,2025-02-03T22:14:00+03:00,1731.5,42.0,45.0,,7.0,24.01000022888184,38.73999977111816, ,0.1,1.0,0.0
2025-02-03T19:15:00+00:00,2025-02-03T22:15:00+03:00,1739.5,42.5,45.5,,7.0,24.03000068664551,38.76999855041504, ,0.1,1.0,0.0
2025-02-03T19:16:00+00:00,2025-02-03T22:16:00+03:00,1745.0,42.0,44.0,,7.0,24.05999946594238,38.75, ,0.1,1.0,0.0
2025-02-03T19:17:00+00:00,2025-02-03T22:17:00+03:00,1748.5,43.5,48.0,,7.0,24.04500007629395,38.81000137329102, ,0.1,1.0,0.0
2025-02-03T19:18:00+00:00,2025-02-03T22:18:00+03:00,1752.5,40.0,41.5,,7.0,24.05999946594238,38.88500022888184, ,0.1,1.0,0.0
2025-02-03T19:19:00+00:00,2025-02-03T22:19:00+03:00,1761.5,45.0,51.0,,7.0,24.04500007629395,39.01000022888184, ,0.1,1.0,0.0
2025-02-03T19:20:00+00:00,2025-02-03T22:20:00+03:00,1773.0,43.0,46.0,,7.0,24.05499935150146,39.07500076293945, ,0.1,1.0,0.0
2025-02-03T19:21:00+00:00,2025-02-03T22:21:00+03:00,1784.0,43.0,45.5,,7.0,24.08500003814697,39.17000007629395, ,0.1,1.0,0.0
2025-02-03T19:22:00+00:00,2025-02-03T22:22:00+03:00,1792.0,40.5,41.5,,7.0,24.05499935150146,39.18499946594238, ,0.1,1.0,0.0
2025-02-03T19:23:00+00:00,2025-02-03T22:23:00+03:00,1796.0,41.5,46.0,,7.0,24.05500030517578,39.23999977111816, ,0.1,1.0,0.0
2025-02-03T19:24:00+00:00,2025-02-03T22:24:00+03:00,1805.5,44.0,47.0,,7.0,24.07499980926514,39.35500144958496, ,0.1,1.0,0.0
2025-02-03T19:25:00+00:00,2025-02-03T22:25:00+03:00,1817.0,40.5,43.0,,7.0,24.07499980926514,39.43999862670898, ,0.1,1.0,0.0
2025-02-03T19:26:00+00:00,2025-02-03T22:26:00+03:00,1829.0,42.0,47.0,,7.0,24.06999969482422,39.51499938964844, ,0.1,1.0,0.0
2025-02-03T19:27:00+00:00,2025-02-03T22:27:00+03:00,1835.0,39.0,42.0,,7.0,24.06999969482422,39.55500030517578, ,0.1,1.0,0.0
2025-02-03T19:28:00+00:00,2025-02-03T22:28:00+03:00,1841.5,41.5,46.5,,7.0,24.10000038146973,39.60000038146973, ,0.1,1.0,0.0
2025-02-03T19:29:00+00:00,2025-02-03T22:29:00+03:00,1851.5,40.5,45.5,,7.0,24.09000015258789,39.68499946594238, ,0.1,1.0,0.0
2025-02-03T19:30:00+00:00,2025-02-03T22:30:00+03:00,1856.5,43.5,48.0,,7.0,24.07000064849854,39.77999877929688, ,0.1,1.0,0.0
2025-02-03T19:31:00+00:00,2025-02-03T22:31:00+03:00,1866.0,41.5,42.5,,7.0,24.11499977111816,39.80999946594238, ,0.1,1.0,0.0
2025-02-03T19:32:00+00:00,2025-02-03T22:32:00+03:00,1864.5,42.0,45.0,,7.0,24.125,39.83500099182129, ,0.1,1.0,0.0
2025-02-03T19:33:00+00:00,2025-02-03T22:33:00+03:00,1871.5,42.0,48.5,,7.0,24.125,39.84500122070312, ,0.1,1.0,0.0
2025-02-03T19:34:00+00:00,2025-02-03T22:34:00+03:00,1878.0,45.0,51.5,,7.0,24.14999961853027,39.84999847412109, ,0.1,1.0,0.0
2025-02-03T19:35:00+00:00,2025-02-03T22:35:00+03:00,1885.0,40.5,43.5,,7.0,24.07499980926514,39.83500099182129, ,0.1,1.0,0.0
2025-02-03T19:36:00+00:00,2025-02-03T22:36:00+03:00,1886.5,39.0,43.5,,7.0,24.06999969482422,39.80500030517578, ,0.1,1.0,0.0
2025-02-03T19:37:00+00:00,2025-02-03T22:37:00+03:00,1880.5,41.0,46.0,,7.0,24.03999996185303,39.64999961853027, ,0.1,1.0,0.0
2025-02-03T19:38:00+00:00,2025-02-03T22:38:00+03:00,1873.5,37.5,40.5,,7.0,23.96999931335449,39.16499900817871, ,0.1,1.0,0.0
2025-02-03T19:39:00+00:00,2025-02-03T22:39:00+03:00,1850.5,39.0,42.5,,7.0,23.96999931335449,38.86499977111816, ,0.1,1.0,0.0
2025-02-03T19:40:00+00:00,2025-02-03T22:40:00+03:00,1813.5,37.0,38.5,,7.0,23.96999931335449,38.48499870300293, ,0.1,1.0,0.0
2025-02-03T19:41:00+00:00,2025-02-03T22:41:00+03:00,1731.5,35.0,35.0,,7.0,23.96999931335449,37.85000038146973, ,0.1,1.0,0.0
2025-02-03T19:42:00+00:00,2025-02-03T22:42:00+03:00,1638.5,33.5,36.0,,7.0,23.98999977111816,35.78000068664551, ,0.1,1.0,0.0
2025-02-03T19:43:00+00:00,2025-02-03T22:43:00+03:00,1517.5,36.5,38.5,,7.0,24.09500026702881,35.375, ,0.1,1.0,0.0
2025-02-03T19:44:00+00:00,2025-02-03T22:44:00+03:00,1528.0,40.0,42.5,,7.0,24.10999965667725,38.04500007629395, ,0.1,1.0,0.0
2025-02-03T19:45:00+00:00,2025-02-03T22:45:00+03:00,1670.5,30.0,32.5,,7.0,23.90999984741211,35.43000030517578, ,0.1,1.0,0.0
2025-02-03T19:46:00+00:00,2025-02-03T22:46:00+03:00,1489.5,18.5,23.5,,6.0,23.32499980926514,31.64999961853027, ,0.1,1.0,0.0
2025-02-03T19:47:00+00:00,2025-02-03T22:47:00+03:00,1235.0,17.5,19.0,,5.0,22.84000015258789,30.79500007629395, ,0.1,1.0,0.0
2025-02-03T19:48:00+00:00,2025-02-03T22:48:00+03:00,1131.0,18.5,20.5,,5.0,22.50500011444092,30.26500034332275, ,0.1,1.0,0.0
2025-02-03T19:49:00+00:00,2025-02-03T22:49:00+03:00,1052.5,15.5,18.0,,5.0,22.15499973297119,29.82499980926514, ,0.1,1.0,0.0
2025-02-03T19:50:00+00:00,2025-02-03T22:50:00+03:00,1005.0,12.5,12.5,,5.0,21.89499950408936,29.73499965667725, ,0.1,1.0,0.0
2025-02-03T19:51:00+00:00,2025-02-03T22:51:00+03:00,965.0,13.5,15.0,,4.0,21.73000049591064,29.54500007629395, ,0.1,1.0,0.0
2025-02-03T19:52:00+00:00,2025-02-03T22:52:00+03:00,928.5,12.5,13.0,,4.0,21.52500057220459,28.85999965667725, ,0.1,1.0,0.0
2025-02-03T19:53:00+00:00,2025-02-03T22:53:00+03:00,880.5,10.0,11.5,,4.0,21.27000045776367,28.5, ,0.1,1.0,0.0
2025-02-03T19:54:00+00:00,2025-02-03T22:54:00+03:00,837.5,10.0,12.5,,4.0,21.10999965667725,28.125, ,0.1,1.0,0.0
2025-02-03T19:55:00+00:00,2025-02-03T22:55:00+03:00,791.5,10.5,12.5,,3.0,21.01500034332275,28.01999950408936, ,0.1,1.0,0.0
2025-02-03T19:56:00+00:00,2025-02-03T22:56:00+03:00,760.5,11.0,11.0,,3.0,20.90999984741211,27.72499942779541, ,0.1,1.0,0.0
2025-02-03T19:57:00+00:00,2025-02-03T22:57:00+03:00,728.5,11.0,13.5,,3.0,20.72500038146973,27.53500080108643, ,0.1,1.0,0.0
2025-02-03T19:58:00+00:00,2025-02-03T22:58:00+03:00,707.5,11.5,12.5,,3.0,20.64499950408936,27.46499919891357, ,0.1,1.0,0.0
2025-02-03T19:59:00+00:00,2025-02-03T22:59:00+03:00,696.0,10.0,11.5,,3.0,20.53999996185303,27.40499973297119, ,0.1,1.0,0.0
2025-02-03T20:00:00+00:00,2025-02-03T23:00:00+03:00,680.5,8.0,8.0,,3.0,20.44499969482422,27.34500026702881, ,0.1,1.0,0.0
2025-02-03T20:01:00+00:00,2025-02-03T23:01:00+03:00,664.5,7.5,7.5,,3.0,20.36999988555908,27.06500053405762, ,0.1,1.0,0.0
2025-02-03T20:02:00+00:00,2025-02-03T23:02:00+03:00,650.0,7.0,7.0,,3.0,20.28999996185303,26.97499942779541, ,0.1,1.0,0.0
2025-02-03T20:03:00+00:00,2025-02-03T23:03:00+03:00,639.0,8.5,9.5,,3.0,20.22499942779541,27.08500003814697, ,0.1,1.0,0.0
2025-02-03T20:04:00+00:00,2025-02-03T23:04:00+03:00,609.5,31.0,32.5,,4.0,20.35999965667725,26.72500038146973, ,0.1,1.0,0.0
2025-02-03T20:05:00+00:00,2025-02-03T23:05:00+03:00,572.5,23.5,25.0,,3.0,20.40499973297119,26.4350004196167, ,0.1,1.0,0.0
2025-02-03T20:06:00+00:00,2025-02-03T23:06:00+03:00,556.0,23.0,25.5,,3.0,20.28499984741211,25.89999961853027, ,0.1,1.0,0.0
2025-02-03T20:07:00+00:00,2025-02-03T23:07:00+03:00,549.0,22.0,23.0,,3.0,20.10499954223633,25.81500053405762, ,0.1,1.0,0.0
2025-02-03T20:08:00+00:00,2025-02-03T23:08:00+03:00,546.5,20.0,22.0,,3.0,20.0,26.02499961853027, ,0.1,1.0,0.0
2025-02-03T20:09:00+00:00,2025-02-03T23:09:00+03:00,555.0,15.0,16.0,,3.0,19.86000061035156,25.98999977111816, ,0.1,1.0,0.0
2025-02-03T20:10:00+00:00,2025-02-03T23:10:00+03:00,553.5,14.5,15.0,,2.0,19.78999996185303,25.93000030517578, ,0.1,1.0,0.0
2025-02-03T20:11:00+00:00,2025-02-03T23:11:00+03:00,550.0,15.5,18.5,,3.0,19.70499992370605,26.09500026702881, ,0.1,1.0,0.0
2025-02-03T20:12:00+00:00,2025-02-03T23:12:00+03:00,564.0,12.0,12.0,,2.0,19.63999938964844,26.27999973297119, ,0.1,1.0,0.0
2025-02-03T20:13:00+00:00,2025-02-03T23:13:00+03:00,557.5,12.5,15.0,,2.0,19.625,26.30499935150146, ,0.1,1.0,0.0
2025-02-03T20:14:00+00:00,2025-02-03T23:14:00+03:00,550.5,12.0,12.0,,2.0,19.5649995803833,26.33500003814697, ,0.1,1.0,0.0
2025-02-03T20:15:00+00:00,2025-02-03T23:15:00+03:00,548.5,9.5,9.5,,2.0,19.49499988555908,26.3799991607666, ,0.1,1.0,0.0
2025-02-03T20:16:00+00:00,2025-02-03T23:16:00+03:00,546.0,10.5,11.0,,2.0,19.52999973297119,26.44999980926514, ,0.1,1.0,0.0
2025-02-03T20:17:00+00:00,2025-02-03T23:17:00+03:00,543.5,18.5,20.5,,3.0,19.89499950408936,26.30000019073486, ,0.1,1.0,0.0
2025-02-03T20:18:00+00:00,2025-02-03T23:18:00+03:00,525.0,17.5,19.0,,3.0,20.42000007629395,25.50500011444092, ,0.1,1.0,0.0
2025-02-03T20:19:00+00:00,2025-02-03T23:19:00+03:00,504.5,22.0,25.0,,3.0,20.82499980926514,24.9950008392334, ,0.1,1.0,0.0
2025-02-03T20:20:00+00:00,2025-02-03T23:20:00+03:00,495.0,28.5,29.0,,4.0,21.15499973297119,24.61499977111816, ,0.1,1.0,0.0
2025-02-03T20:21:00+00:00,2025-02-03T23:21:00+03:00,488.0,32.0,33.5,,4.0,21.42000007629395,24.30999946594238, ,0.1,1.0,0.0
2025-02-03T20:22:00+00:00,2025-02-03T23:22:00+03:00,488.5,38.0,44.0,,5.0,21.63500022888184,24.0600004196167, ,0.1,1.0,0.0
2025-02-03T20:23:00+00:00,2025-02-03T23:23:00+03:00,484.5,45.0,50.0,,6.0,21.81999969482422,23.86499977111816, ,0.1,1.0,0.0
2025-02-03T20:24:00+00:00,2025-02-03T23:24:00+03:00,490.0,46.0,50.0,,6.0,21.94999980926514,24.36999988555908, ,0.1,1.0,0.0
2025-02-03T20:25:00+00:00,2025-02-03T23:25:00+03:00,515.5,29.5,32.0,,4.0,22.04500007629395,26.96500015258789, ,0.1,1.0,0.0
2025-02-03T20:26:00+00:00,2025-02-03T23:26:00+03:00,654.5,23.5,25.5,,3.0,22.09000015258789,28.97000026702881, ,0.1,1.0,0.0
2025-02-03T20:27:00+00:00,2025-02-03T23:27:00+03:00,748.0,20.5,21.5,,3.0,22.14499950408936,29.50500011444092, ,0.1,1.0,0.0
2025-02-03T20:28:00+00:00,2025-02-03T23:28:00+03:00,798.0,19.0,20.5,,3.0,22.11999988555908,29.76499938964844, ,0.1,1.0,0.0
2025-02-03T20:29:00+00:00,2025-02-03T23:29:00+03:00,821.5,21.5,23.5,,4.0,22.16499996185303,29.94499969482422, ,0.1,1.0,0.0
2025-02-03T20:30:00+00:00,2025-02-03T23:30:00+03:00,832.0,21.5,21.5,,4.0,22.20499992370605,30.0600004196167, ,0.1,1.0,0.0
2025-02-03T20:31:00+00:00,2025-02-03T23:31:00+03:00,844.0,23.5,25.0,,4.0,22.23499965667725,30.15499973297119, ,0.1,1.0,0.0
2025-02-03T20:32:00+00:00,2025-02-03T23:32:00+03:00,847.5,22.0,24.5,,4.0,22.27999973297119,30.20499992370605, ,0.1,1.0,0.0
2025-02-03T20:33:00+00:00,2025-02-03T23:33:00+03:00,852.0,25.0,27.5,,4.0,22.31999969482422,30.32499980926514, ,0.1,1.0,0.0
2025-02-03T20:34:00+00:00,2025-02-03T23:34:00+03:00,861.5,22.5,22.5,,4.0,22.35500049591064,30.42000007629395, ,0.1,1.0,0.0
2025-02-03T20:35:00+00:00,2025-02-03T23:35:00+03:00,872.0,21.0,24.0,,4.0,22.35500049591064,30.53499984741211, ,0.1,1.0,0.0
2025-02-03T20:36:00+00:00,2025-02-03T23:36:00+03:00,882.5,23.5,26.5,,4.0,22.38499927520752,30.64000034332275, ,0.1,1.0,0.0
2025-02-03T20:37:00+00:00,2025-02-03T23:37:00+03:00,896.0,22.0,27.0,,4.0,22.39999961853027,30.69999980926514, ,0.1,1.0,0.0
2025-02-03T20:38:00+00:00,2025-02-03T23:38:00+03:00,902.0,21.5,24.5,,4.0,22.42500019073486,30.71000003814697, ,0.1,1.0,0.0
2025-02-03T20:39:00+00:00,2025-02-03T23:39:00+03:00,905.5,24.0,24.0,,4.0,22.47499942779541,30.92000007629395, ,0.1,1.0,0.0
2025-02-03T20:40:00+00:00,2025-02-03T23:40:00+03:00,914.5,22.5,23.0,,4.0,22.52000045776367,31.07999992370605, ,0.1,1.0,0.0
2025-02-03T20:41:00+00:00,2025-02-03T23:41:00+03:00,920.0,22.0,24.0,,4.0,22.53500080108643,31.02999973297119, ,0.1,1.0,0.0
2025-02-03T20:42:00+00:00,2025-02-03T23:42:00+03:00,924.0,22.5,24.0,,4.0,22.58500003814697,30.90000057220459, ,0.1,1.0,0.0
2025-02-03T20:43:00+00:00,2025-02-03T23:43:00+03:00,926.0,20.5,20.5,,4.0,22.625,31.02499961853027, ,0.1,1.0,0.0
2025-02-03T20:44:00+00:00,2025-02-03T23:44:00+03:00,941.5,19.5,20.0,,4.0,22.61000061035156,30.96500015258789, ,0.1,1.0,0.0
2025-02-03T20:45:00+00:00,2025-02-03T23:45:00+03:00,953.5,21.0,21.5,,4.0,22.65499973297119,31.04500007629395, ,0.1,1.0,0.0
2025-02-03T20:46:00+00:00,2025-02-03T23:46:00+03:00,960.5,20.5,23.0,,4.0,22.66499996185303,31.13999938964844, ,0.1,1.0,0.0
2025-02-03T20:47:00+00:00,2025-02-03T23:47:00+03:00,967.5,19.0,20.0,,4.0,22.69000053405762,31.14500045776367, ,0.1,1.0,0.0
2025-02-03T20:48:00+00:00,2025-02-03T23:48:00+03:00,972.5,23.5,24.0,,4.0,22.70499992370605,31.26000022888184, ,0.1,1.0,0.0
2025-02-03T20:49:00+00:00,2025-02-03T23:49:00+03:00,999.0,24.0,27.0,,4.0,22.73999977111816,31.22500038146973, ,0.1,1.0,0.0
2025-02-03T20:50:00+00:00,2025-02-03T23:50:00+03:00,995.5,23.0,23.0,,4.0,22.76000022888184,31.15999984741211, ,0.1,1.0,0.0
2025-02-03T20:51:00+00:00,2025-02-03T23:51:00+03:00,991.5,23.0,24.0,,4.0,22.74499988555908,31.13000011444092, ,0.1,1.0,0.0
2025-02-03T20:52:00+00:00,2025-02-03T23:52:00+03:00,986.0,21.0,22.0,,4.0,22.79000091552734,31.21999931335449, ,0.1,1.0,0.0
2025-02-03T20:53:00+00:00,2025-02-03T23:53:00+03:00,1003.0,23.0,24.0,,5.0,22.75500011444092,31.1850004196167, ,0.1,1.0,0.0
2025-02-03T20:54:00+00:00,2025-02-03T23:54:00+03:00,1014.0,22.0,22.0,,5.0,22.78999996185303,31.41000080108643, ,0.1,1.0,0.0
2025-02-03T20:55:00+00:00,2025-02-03T23:55:00+03:00,1026.0,22.0,24.0,,5.0,22.80999946594238,31.50500011444092, ,0.1,1.0,0.0
2025-02-03T20:56:00+00:00,2025-02-03T23:56:00+03:00,1041.0,24.0,26.0,,5.0,22.83500003814697,31.17500019073486, ,0.1,1.0,0.0
2025-02-03T20:57:00+00:00,2025-02-03T23:57:00+03:00,1025.0,21.5,24.0,,5.0,22.88000011444092,31.47999954223633, ,0.1,1.0,0.0
2025-02-03T20:58:00+00:00,2025-02-03T23:58:00+03:00,1026.0,22.5,25.0,,5.0,22.88499927520752,31.27499961853027, ,0.1,1.0,0.0
2025-02-03T20:59:00+00:00,2025-02-03T23:59:00+03:00,1024.0,25.0,28.5,,5.0,22.92500019073486,31.11000061035156, ,0.1,1.0,0.0
